Rk,Player,Nation,Pos,Squad,Comp,Age,Born,MP,Starts,Min,90s,Gls,Ast,G+A,G-PK,PK,PKatt,CrdY,CrdR,G+A-PK,Sh,SoT,SoT%,Sh/90,SoT/90,G/Sh,G/SoT,PK_stats_shooting,PKatt_stats_shooting,Crs,TklW,Int,Fld,CrdY_stats_misc,CrdR_stats_misc,2CrdY,Fls,OG,GA,GA90,SoTA,Saves,Save%,W,D,L,CS,CS%,PKatt_stats_keeper,PKA,PKsv,PKm,sofascore_id,fbref_id
1,Brenden Aaronson,us USA,MF,FW,Leeds United,eng Premier League,25.0,2000.0,29,23,1908,21.2,4,3,7,4,0,0,1,0,0.33,40,15,37.5,1.89,0.71,0.1,0.27,0,0,35,22,13,41,1,0,0,17,0,,,,,,,,,,,,,,973431,5bc43860
2,Zach Abbott,eng ENG,DF,Nottingham Forest,eng Premier League,19.0,2006.0,2,1,120,1.3,0,0,0,0,0,0,0,0,0.0,0,0,,0.0,0.0,,,0,0,3,2,2,1,0,0,0,2,0,,,,,,,,,,,,,,,1390490,
3,Jones El-Abdellaoui,ma MAR,MF,FW,Celta Vigo,es La Liga,20.0,2006.0,18,3,525,5.8,2,0,2,2,0,0,0,0,0.34,15,4,26.7,2.57,0.69,0.13,0.5,0,0,25,1,3,3,0,0,0,4,0,,,,,,,,,,,,,,1173575,262553da
4,Himad Abdelli,dz ALG,FW,MF,Marseille,fr Ligue 1,26.0,1999.0,4,0,67,0.7,0,0,0,0,0,0,1,0,0.0,3,1,33.3,4.03,1.34,0.0,0.0,0,0,1,1,0,0,1,0,0,3,0,,,,,,,,,,,,,,945830,
5,Himad Abdelli,dz ALG,MF,Angers,fr Ligue 1,26.0,1999.0,13,11,943,10.5,2,0,2,0,2,2,1,0,0.0,11,5,45.5,1.05,0.48,0.0,0.0,2,2,9,17,13,12,1,0,0,16,0,,,,,,,,,,,,,,,945830,
6,Ali Abdi,tn TUN,DF,MF,Nice,fr Ligue 1,32.0,1993.0,15,11,908,10.1,1,0,1,1,0,0,4,1,0.1,4,1,25.0,0.4,0.1,0.25,1.0,0,0,24,8,9,13,4,1,1,14,0,,,,,,,,,,,,,,919027,ad7cdb35
7,Salis Abdul Samed,gh GHA,MF,Nice,fr Ligue 1,25.0,2000.0,14,9,663,7.4,0,0,0,0,0,0,3,0,0.0,0,0,,0.0,0.0,,,0,0,1,7,9,7,3,0,0,14,0,,,,,,,,,,,,,,,993455,82464ce3
8,Saud Abdulhamid,sa KSA,MF,Lens,fr Ligue 1,26.0,1999.0,19,9,918,10.2,1,2,3,1,0,0,2,0,0.29,5,2,40.0,0.49,0.2,0.2,0.5,0,0,30,19,5,9,2,0,0,17,0,,,,,,,,,,,,,,,966849,caa254e4
9,Tay Abed,il ISR,MF,Levante,es La Liga,22.0,2004.0,2,0,23,0.3,0,0,0,0,0,0,0,0,0.0,0,0,,0.0,0.0,,,0,0,1,1,1,1,0,0,0,0,0,,,,,,,,,,,,,,,1160250,
10,Laurent Abergel,fr FRA,MF,Lorient,fr Ligue 1,33.0,1993.0,23,23,1982,22.0,1,0,1,1,0,0,6,0,0.05,20,5,25.0,0.91,0.23,0.05,0.2,0,0,9,22,25,23,6,0,0,23,0,,,,,,,,,,,,,,,296434,0c662413
11,Matthis Abline,fr FRA,FW,MF,Nantes,fr Ligue 1,22.0,2003.0,24,20,1902,21.1,4,2,6,4,0,1,5,0,0.28,62,16,25.8,2.93,0.76,0.06,0.25,0,1,35,11,5,39,5,0,0,25,0,,,,,,,,,,,,,,999070,
12,Abner,br BRA,DF,MF,Lyon,fr Ligue 1,25.0,2000.0,19,18,1521,16.9,3,0,3,3,0,0,4,1,0.18,14,5,35.7,0.83,0.3,0.21,0.6,0,0,45,13,5,6,4,1,0,19,0,,,,,,,,,,,,,,1464653,8e562fe7
13,Zakaria Aboukhlal,ma MAR,MF,Torino,it Serie A,26.0,2000.0,15,6,511,5.7,0,0,0,0,0,0,4,0,0.0,7,2,28.6,1.23,0.35,0.0,0.0,0,0,18,12,1,11,4,0,0,12,0,,,,,,,,,,,,,,,856737,c2a6033c
14,Abdel Abqar,ma MAR,DF,Getafe,es La Liga,27.0,1999.0,16,12,1003,11.1,0,2,2,0,0,0,7,1,0.18,7,1,14.3,0.63,0.09,0.0,0.0,0,0,1,15,15,28,7,1,0,22,0,,,,,,,,,,,,,,,1101232,2bc7f211
15,Tammy Abraham,eng ENG,FW,Aston Villa,eng Premier League,28.0,1997.0,7,1,198,2.2,1,0,1,1,0,0,0,0,0.45,6,2,33.3,2.73,0.91,0.17,0.5,0,0,0,1,0,0,0,0,0,1,0,,,,,,,,,,,,,,,610766,f586779e
16,Francis Abu,gh GHA,MF,Toulouse,fr Ligue 1,24.0,2001.0,8,7,526,5.8,0,0,0,0,0,0,2,0,0.0,6,0,0.0,1.03,0.0,0.0,,0,0,0,12,8,4,2,0,0,5,0,,,,,,,,,,,,,,,988801,66fb354d
17,Giorgi Abuashvili,ge GEO,MF,FW,Metz,fr Ligue 1,23.0,2003.0,18,5,543,6.0,2,0,2,2,0,0,1,0,0.33,15,6,40.0,2.49,0.99,0.13,0.33,0,0,29,6,3,8,1,0,0,6,0,,,,,,,,,,,,,,985199,
18,Mathieu Acapandié,mg MAD,DF,Nantes,fr Ligue 1,21.0,2004.0,1,0,13,0.1,0,0,0,0,0,0,0,0,0.0,0,0,,0.0,0.0,,,0,0,1,0,0,0,0,0,0,0,0,,,,,,,,,,,,,,,1405926,
19,Francesco Acerbi,it ITA,DF,Inter,it Serie A,38.0,1988.0,13,11,973,10.8,0,1,1,0,0,0,2,0,0.09,3,1,33.3,0.28,0.09,0.0,0.0,0,0,1,8,15,10,2,0,0,11,0,,,,,,,,,,,,,,,126816,b96b595c
20,Ragnar Ache,de GER,FW,Köln,de Bundesliga,27.0,1998.0,25,14,1436,16.0,5,3,8,5,0,0,2,0,0.5,43,16,37.2,2.69,1.0,0.12,0.31,0,0,1,7,3,26,2,0,0,14,0,,,,,,,,,,,,,,,877544,
21,Joshua Acheampong,eng ENG,DF,Chelsea,eng Premier League,19.0,2006.0,12,7,573,6.4,1,0,1,1,0,0,1,0,0.16,3,2,66.7,0.47,0.31,0.33,0.5,0,0,1,6,11,5,1,0,0,2,0,,,,,,,,,,,,,,,1403050,b7e62e1d
22,Akor Adams,ng NGA,FW,Sevilla,es La Liga,26.0,2000.0,23,16,1519,16.9,7,3,10,5,2,2,1,0,0.47,50,26,52.0,2.96,1.54,0.1,0.19,2,2,13,2,0,8,1,0,0,23,0,,,,,,,,,,,,,,,946381,
23,Che Adams,sct SCO,FW,Torino,it Serie A,29.0,1996.0,26,16,1539,17.1,4,2,6,4,0,0,0,0,0.35,44,13,29.5,2.57,0.76,0.09,0.31,0,0,11,7,1,14,0,0,0,14,0,,,,,,,,,,,,,,,773409,f2bf1b0f
24,Tyler Adams,us USA,MF,Bournemouth,eng Premier League,27.0,1999.0,18,18,1411,15.7,2,1,3,2,0,0,7,0,0.19,8,6,75.0,0.51,0.38,0.25,0.33,0,0,1,19,25,12,7,0,0,29,0,,,,,,,,,,,,,,,800419,2b09d998
25,Junior Adamu,at AUT,FW,Freiburg,de Bundesliga,24.0,2001.0,9,7,446,5.0,1,1,2,1,0,0,1,0,0.4,8,3,37.5,1.61,0.61,0.13,0.33,0,0,2,6,5,9,1,0,0,10,0,,,,,,,,,,,,,,,902381,82e12fe7
26,Tosin Adarabioyo,eng ENG,DF,Chelsea,eng Premier League,28.0,1997.0,14,7,737,8.2,0,0,0,0,0,0,2,0,0.0,2,0,0.0,0.24,0.0,0.0,,0,0,0,4,9,0,2,0,0,5,0,,,,,,,,,,,,,,,352668,c81d773d
27,Jayden Addai,nl NED,MF,Como,it Serie A,20.0,2005.0,12,7,686,7.6,3,0,3,3,0,0,4,0,0.39,13,6,46.2,1.71,0.79,0.23,0.5,0,0,10,2,2,14,4,0,0,13,0,,,,,,,,,,,,,,,1177723,1fd1c027
28,Karim Adeyemi,de GER,MF,FW,Dortmund,de Bundesliga,24.0,2002.0,24,14,1098,12.2,6,3,9,6,0,0,3,0,0.74,29,13,44.8,2.38,1.07,0.21,0.46,0,0,9,3,8,25,3,0,0,20,0,,,,,,,,,,,,,,940054,
29,Simon Adingra,ci CIV,MF,FW,Sunderland,eng Premier League,24.0,2002.0,14,9,653,7.3,1,0,1,1,0,0,2,0,0.14,6,2,33.3,0.83,0.28,0.17,0.5,0,0,27,8,2,3,2,0,0,18,0,,,,,,,,,,,,,,1110842,4dcec659
30,Simon Adingra,ci CIV,MF,FW,Monaco,fr Ligue 1,24.0,2002.0,6,4,368,4.1,3,0,3,3,0,0,0,0,0.73,8,3,37.5,1.96,0.73,0.38,1.0,0,0,8,3,2,2,0,0,0,3,0,,,,,,,,,,,,,,1110842,4dcec659
31,Nathaniel Adjei,gh GHA,DF,Lorient,fr Ligue 1,23.0,2002.0,8,2,223,2.5,0,0,0,0,0,0,0,0,0.0,0,0,,0.0,0.0,,,0,0,0,4,2,1,0,0,0,3,0,,,,,,,,,,,,,,,1103079,
32,Jonas Adjetey,gh GHA,DF,Wolfsburg,de Bundesliga,22.0,2003.0,4,1,137,1.5,0,0,0,0,0,0,1,0,0.0,3,0,0.0,1.97,0.0,0.0,,0,0,4,1,1,0,1,0,0,4,0,,,,,,,,,,,,,,,1218056,e47d11f8
33,Amine Adli,ma MAR,MF,Bournemouth,eng Premier League,25.0,2000.0,26,9,968,10.8,3,1,4,3,0,0,2,0,0.37,19,9,47.4,1.77,0.84,0.16,0.33,0,0,36,14,5,23,2,0,0,26,0,,,,,,,,,,,,,,,991478,dcfb17f4
34,Vasilije Adžić,me MNE,MF,Juventus,it Serie A,19.0,2006.0,10,1,171,1.9,1,0,1,1,0,0,0,0,0.53,6,4,66.7,3.16,2.11,0.17,0.25,0,0,4,2,3,2,0,0,0,3,0,,,,,,,,,,,,,,,1149288,b5cf91dc
35,Michel Aebischer,ch SUI,MF,Pisa,it Serie A,29.0,1997.0,28,26,2292,25.5,1,1,2,1,0,0,5,0,0.08,13,2,15.4,0.51,0.08,0.08,0.5,0,0,30,34,26,31,5,0,0,29,0,,,,,,,,,,,,,,,850891,f9c927de
36,David Affengruber,at AUT,DF,Elche,es La Liga,24.0,2001.0,26,23,2082,23.1,0,0,0,0,0,0,6,1,0.0,8,2,25.0,0.35,0.09,0.0,0.0,0,0,4,32,38,27,6,1,0,26,0,,,,,,,,,,,,,,,988672,4b00cd47
37,Oladapo Afolayan,eng ENG,MF,St Pauli,de Bundesliga,28.0,1998.0,7,1,150,1.7,0,0,0,0,0,0,1,0,0.0,4,2,50.0,2.4,1.2,0.0,0.0,0,0,10,2,0,6,1,0,0,2,0,,,,,,,,,,,,,,,871621,5054c359
38,Emmanuel Agbadou,ci CIV,DF,Wolves,eng Premier League,28.0,1997.0,14,12,1101,12.2,0,0,0,0,0,0,1,1,0.0,10,3,30.0,0.82,0.25,0.0,0.0,0,0,13,21,14,5,1,1,0,10,0,,,,,,,,,,,,,,,1013842,75f1ed80
39,Julen Agirrezabala,es ESP,GK,Valencia,es La Liga,25.0,2000.0,18,18,1620,18.0,0,0,0,0,0,0,1,0,0.0,0,0,,0.0,0.0,,,0,0,0,1,0,1,1,0,0,0,0,30.0,1.67,79.0,52.0,65.8,3.0,7.0,8.0,4.0,22.2,4.0,3.0,1.0,0.0,1014412,a2c1a8d3
40,Lucien Agoume,fr FRA,MF,Sevilla,es La Liga,24.0,2002.0,25,23,2012,22.4,1,2,3,1,0,0,9,0,0.13,12,2,16.7,0.54,0.09,0.08,0.5,0,0,15,25,34,12,9,0,0,43,0,,,,,,,,,,,,,,,960006,8bc8829a
41,Felix Agu,ng NGA,DF,MF,Werder Bremen,de Bundesliga,26.0,1999.0,8,7,576,6.4,0,0,0,0,0,0,1,0,0.0,2,1,50.0,0.31,0.16,0.0,0.0,0,0,11,12,10,12,1,0,0,8,0,,,,,,,,,,,,,,933398,d1172bcd
42,Diego Aguado,es ESP,DF,Real Madrid,es La Liga,19.0,2007.0,1,0,30,0.3,0,0,0,0,0,0,0,0,0.0,0,0,,0.0,0.0,,,0,0,0,1,0,0,0,0,0,0,0,,,,,,,,,,,,,,,1614687,
43,Marc Aguado,es ESP,MF,Elche,es La Liga,26.0,2000.0,27,22,1855,20.6,1,1,2,1,0,0,2,0,0.1,2,1,50.0,0.1,0.05,0.5,1.0,0,0,2,21,34,21,2,0,0,18,0,,,,,,,,,,,,,,,1014595,5a705641
44,Pablo Agudín,es ESP,MF,Oviedo,es La Liga,18.0,2007.0,4,0,70,0.8,0,0,0,0,0,0,0,0,0.0,2,0,0.0,2.57,0.0,0.0,,0,0,0,0,0,1,0,0,0,1,0,,,,,,,,,,,,,,,1587199,
45,Nayef Aguerd,ma MAR,DF,Marseille,fr Ligue 1,29.0,1996.0,16,16,1396,15.5,1,0,1,1,0,0,4,0,0.06,10,2,20.0,0.64,0.13,0.1,0.5,0,0,2,16,21,6,4,0,0,21,0,,,,,,,,,,,,,,,877102,288e1e13
46,Nayef Aguerd,ma MAR,DF,West Ham United,eng Premier League,29.0,1996.0,2,2,180,2.0,0,0,0,0,0,0,0,0,0.0,2,0,0.0,1.0,0.0,0.0,,0,0,2,0,1,1,0,0,0,0,0,,,,,,,,,,,,,,,877102,288e1e13
47,Ruben Aguilar,fr FRA,MF,Lens,fr Ligue 1,32.0,1993.0,21,18,1503,16.7,2,2,4,2,0,0,5,1,0.24,13,3,23.1,0.78,0.18,0.15,0.67,0,0,79,22,21,10,5,1,1,23,0,,,,,,,,,,,,,,,579576,3dd738a1
48,Naouirou Ahamada,fr FRA,MF,Auxerre,fr Ligue 1,23.0,2002.0,8,5,364,4.0,0,0,0,0,0,0,0,0,0.0,4,0,0.0,0.99,0.0,0.0,,0,0,2,6,1,5,0,0,0,4,0,,,,,,,,,,,,,,,997104,a6c58494
49,Honest Ahanor,it ITA,DF,Atalanta,it Serie A,18.0,2008.0,16,12,1015,11.3,0,0,0,0,0,0,1,1,0.0,10,2,20.0,0.89,0.18,0.0,0.0,0,0,1,14,15,21,1,1,0,16,0,,,,,,,,,,,,,,,1634980,
50,Lucas Ahijado,es ESP,DF,Oviedo,es La Liga,31.0,1995.0,15,10,972,10.8,0,1,1,0,0,0,2,0,0.09,8,2,25.0,0.74,0.19,0.0,0.0,0,0,15,27,15,3,2,0,0,10,0,,,,,,,,,,,,,,,597876,7244b474
51,Joseph Aidoo,gh GHA,DF,Celta Vigo,es La Liga,30.0,1995.0,5,4,378,4.2,0,0,0,0,0,0,0,0,0.0,2,0,0.0,0.48,0.0,0.0,,0,0,0,2,6,1,0,0,0,2,0,,,,,,,,,,,,,,,796320,18abe173
52,Ola Aina,ng NGA,DF,Nottingham Forest,eng Premier League,29.0,1996.0,14,14,1230,13.7,0,0,0,0,0,0,3,0,0.0,11,1,9.1,0.8,0.07,0.0,0.0,0,0,33,15,22,10,3,0,0,11,0,,,,,,,,,,,,,,,800417,246d153b
53,Abdelhamid Ait Boudlal,ma MAR,DF,Rennes,fr Ligue 1,19.0,2006.0,13,10,773,8.6,2,1,3,2,0,0,2,1,0.35,4,2,50.0,0.47,0.23,0.5,1.0,0,0,2,8,6,3,2,1,0,6,0,,,,,,,,,,,,,,,1597145,6cd15657
54,Rayan Aït-Nouri,dz ALG,DF,Manchester City,eng Premier League,24.0,2001.0,13,10,779,8.7,0,2,2,0,0,0,2,0,0.23,7,1,14.3,0.81,0.12,0.0,0.0,0,0,12,19,13,8,2,0,0,11,0,,,,,,,,,,,,,,,931278,9b398aea
55,Tosin Aiyegun,bj BEN,MF,FW,Lorient,fr Ligue 1,27.0,1998.0,19,10,864,9.6,4,0,4,4,0,1,1,0,0.42,23,10,43.5,2.4,1.04,0.17,0.4,0,1,5,4,1,9,1,0,0,10,0,,,,,,,,,,,,,,,9c4f39b3
56,Junior Ajayi,ci CIV,FW,Hellas Verona,it Serie A,21.0,2004.0,1,0,1,0.0,0,0,0,0,0,0,0,0,0.0,0,0,,0.0,0.0,,,0,0,0,0,0,0,0,0,0,0,0,,,,,,,,,,,,,,,1474846,d55b7147
57,Kristoffer Ajer,no NOR,DF,Brentford,eng Premier League,27.0,1998.0,24,18,1628,18.1,0,1,1,0,0,0,3,0,0.06,10,3,30.0,0.55,0.17,0.0,0.0,0,0,7,21,12,5,3,0,0,22,0,,,,,,,,,,,,,,,576384,a8c0acb7
58,Ludovic Ajorque,fr FRA,FW,Brest,fr Ligue 1,32.0,1994.0,25,25,2190,24.3,7,7,14,7,0,0,9,1,0.58,43,15,34.9,1.77,0.62,0.16,0.47,0,0,8,12,9,47,9,1,0,50,0,,,,,,,,,,,,,,,343971,462475ed
59,Manuel Akanji,ch SUI,DF,Inter,it Serie A,30.0,1995.0,27,25,2281,25.3,2,0,2,2,0,0,3,0,0.08,20,5,25.0,0.79,0.2,0.1,0.4,0,0,3,20,32,12,3,0,0,23,0,,,,,,,,,,,,,,,383560,89ac64a6
60,Nathan Aké,nl NED,DF,Manchester City,eng Premier League,31.0,1995.0,14,4,495,5.5,0,0,0,0,0,0,1,0,0.0,4,0,0.0,0.73,0.0,0.0,,0,0,4,6,4,6,1,0,0,2,0,,,,,,,,,,,,,,,149663,eaeca114
61,Ilias Akhomach,ma MAR,MF,Villarreal,es La Liga,21.0,2004.0,9,2,188,2.1,0,0,0,0,0,0,0,0,0.0,6,2,33.3,2.87,0.96,0.0,0.0,0,0,9,4,0,7,0,0,0,9,0,,,,,,,,,,,,,,,1089108,
62,Ilias Akhomach,ma MAR,MF,Rayo Vallecano,es La Liga,21.0,2004.0,8,5,520,5.8,0,0,0,0,0,0,2,0,0.0,14,4,28.6,2.42,0.69,0.0,0.0,0,0,19,9,2,23,2,0,0,9,0,,,,,,,,,,,,,,,1089108,
63,Ebenezer Akinsanmiro,ng NGA,MF,Pisa,it Serie A,21.0,2004.0,15,9,953,10.6,0,1,1,0,0,0,2,0,0.09,11,3,27.3,1.04,0.28,0.0,0.0,0,0,9,16,14,20,2,0,0,24,0,,,,,,,,,,,,,,,1525367,3ad34015
64,Maghnes Akliouche,fr FRA,MF,FW,Monaco,fr Ligue 1,24.0,2002.0,23,21,1801,20.0,5,3,8,5,0,0,2,0,0.4,37,12,32.4,1.85,0.6,0.14,0.42,0,0,27,22,13,27,2,0,0,17,0,,,,,,,,,,,,,,1130939,b625b241
65,Clément Akpa,ci CIV,DF,Auxerre,fr Ligue 1,24.0,2001.0,22,21,1814,20.2,0,0,0,0,0,0,4,1,0.0,6,0,0.0,0.3,0.0,0.0,,0,0,29,18,23,30,4,1,1,11,2,,,,,,,,,,,,,,,1387156,
66,Jean-Daniel Akpa-Akpro,ci CIV,MF,Hellas Verona,it Serie A,33.0,1992.0,13,9,826,9.2,1,0,1,1,0,0,7,0,0.11,8,3,37.5,0.87,0.33,0.13,0.33,0,0,9,22,16,4,7,0,0,26,0,,,,,,,,,,,,,,,164511,636fc976
67,Kevin Akpoguma,ng NGA,DF,Hoffenheim,de Bundesliga,30.0,1995.0,5,1,43,0.5,0,0,0,0,0,0,0,1,0.0,0,0,,0.0,0.0,,,0,0,0,1,1,0,0,1,0,1,0,,,,,,,,,,,,,,,187423,6ec6fde0
68,David Alaba,at AUT,DF,Real Madrid,es La Liga,33.0,1992.0,8,3,247,2.7,0,0,0,0,0,0,1,0,0.0,3,1,33.3,1.09,0.36,0.0,0.0,0,0,0,4,0,0,1,0,0,1,0,,,,,,,,,,,,,,,66492,05439de2
69,Agustín Albarracín,uy URU,FW,Cagliari,it Serie A,20.0,2005.0,1,0,15,0.2,0,0,0,0,0,0,0,0,0.0,0,0,,0.0,0.0,,,0,0,1,0,0,2,0,0,0,0,0,,,,,,,,,,,,,,,1464187,ef7a542c
70,Raúl Albiol,es ESP,DF,Pisa,it Serie A,40.0,1985.0,7,4,410,4.6,0,1,1,0,0,0,1,0,0.22,1,0,0.0,0.22,0.0,0.0,,0,0,1,3,5,2,1,0,0,6,0,,,,,,,,,,,,,,,3041,4bd414c1
71,Carlos Alcaraz,ar ARG,MF,Everton,eng Premier League,23.0,2002.0,16,6,675,7.5,0,1,1,0,0,0,3,0,0.13,18,5,27.8,2.4,0.67,0.0,0.0,0,0,5,8,2,11,3,0,0,8,0,,,,,,,,,,,,,,,1017392,4abac767
72,Omar Alderete,py PAR,DF,Sunderland,eng Premier League,29.0,1996.0,26,25,2264,25.2,1,1,2,1,0,0,5,0,0.08,19,8,42.1,0.76,0.32,0.05,0.13,0,0,9,15,26,7,5,0,0,23,0,,,,,,,,,,,,,,,805137,bb08bce9
73,Alexandre Alemão,br BRA,FW,Rayo Vallecano,es La Liga,27.0,1998.0,17,7,708,7.9,1,0,1,1,0,0,1,0,0.13,14,6,42.9,1.78,0.76,0.07,0.17,0,0,3,1,1,16,1,0,0,13,0,,,,,,,,,,,,,,,981604,bba229e3
74,Carles Aleñá,es ESP,MF,Alavés,es La Liga,28.0,1998.0,28,21,1761,19.6,0,4,4,0,0,0,4,0,0.2,24,5,20.8,1.23,0.26,0.0,0.0,0,0,96,24,12,29,4,0,0,34,0,,,,,,,,,,,,,,,794937,6c811eb7
75,Trent Alexander-Arnold,eng ENG,DF,MF,Real Madrid,es La Liga,27.0,1998.0,13,8,637,7.1,0,2,2,0,0,0,1,0,0.28,5,0,0.0,0.71,0.0,0.0,,0,0,72,6,10,0,1,0,0,5,0,,,,,,,,,,,,,,795064,cd1acf9d
76,Alfon,es ESP,FW,Villarreal,es La Liga,26.0,1999.0,3,0,45,0.5,0,0,0,0,0,0,0,0,0.0,0,0,,0.0,0.0,,,0,0,0,0,0,0,0,0,0,2,0,,,,,,,,,,,,,,,1468090,e981fc8f
77,Alfon,es ESP,MF,Sevilla,es La Liga,26.0,1999.0,10,4,312,3.5,1,0,1,1,0,0,0,0,0.29,11,7,63.6,3.17,2.02,0.09,0.14,0,0,4,0,1,6,0,0,0,3,0,,,,,,,,,,,,,,,1468090,e981fc8f
78,Mohamed Ali Cho,fr FRA,FW,MF,Nice,fr Ligue 1,22.0,2004.0,17,15,1204,13.4,4,3,7,4,0,0,1,0,0.52,23,10,43.5,1.72,0.75,0.17,0.4,0,0,32,5,3,23,1,0,0,12,0,,,,,,,,,,,,,,1063235,cfdacb90
79,Alisson,br BRA,GK,Liverpool,eng Premier League,33.0,1992.0,25,25,2250,25.0,0,0,0,0,0,0,1,0,0.0,0,0,,0.0,0.0,,,0,0,0,0,0,7,1,0,0,1,0,30.0,1.2,84.0,56.0,66.7,13.0,7.0,5.0,8.0,32.0,2.0,2.0,0.0,0.0,243609,7a2e46a8
80,Jim Allevinah,ga GAB,MF,Angers,fr Ligue 1,31.0,1995.0,6,0,133,1.5,1,0,1,1,0,0,0,0,0.68,5,1,20.0,3.38,0.68,0.2,1.0,0,0,1,1,0,4,0,0,0,0,0,,,,,,,,,,,,,,,988632,1956b948
81,Max Alleyne,eng ENG,DF,Manchester City,eng Premier League,20.0,2005.0,2,2,135,1.5,0,0,0,0,0,0,0,0,0.0,2,1,50.0,1.33,0.67,0.0,0.0,0,0,0,3,3,0,0,0,0,0,0,,,,,,,,,,,,,,,1168513,
82,Thiago Almada,ar ARG,MF,Atlético Madrid,es La Liga,24.0,2001.0,20,11,910,10.1,3,1,4,3,0,0,1,0,0.4,17,10,58.8,1.68,0.99,0.18,0.3,0,0,23,12,6,12,1,0,0,7,0,,,,,,,,,,,,,,,944660,27f33438
83,Domingos André Ribeiro Almeida,pt POR,MF,FW,Valencia,es La Liga,25.0,2000.0,17,9,860,9.6,0,1,1,0,0,0,0,0,0.1,8,2,25.0,0.84,0.21,0.0,0.0,0,0,61,8,7,19,0,0,0,10,0,,,,,,,,,,,,,,,e6697917
84,Pontus Almqvist,se SWE,MF,Parma,it Serie A,26.0,1999.0,9,4,400,4.4,0,0,0,0,0,0,0,0,0.0,3,2,66.7,0.68,0.45,0.0,0.0,0,0,6,6,5,12,0,0,0,6,0,,,,,,,,,,,,,,,856065,0917188a
85,Marcos Alonso,es ESP,DF,Celta Vigo,es La Liga,35.0,1990.0,24,23,2063,22.9,1,0,1,0,1,1,3,0,0.0,21,3,14.3,0.92,0.13,0.0,0.0,1,1,13,18,25,15,3,0,0,16,0,,,,,,,,,,,,,,,69408,d89577f6
86,Adrià Altimira,es ESP,DF,Villarreal,es La Liga,24.0,2001.0,1,0,9,0.1,0,0,0,0,0,0,0,0,0.0,0,0,,0.0,0.0,,,0,0,0,1,0,0,0,0,0,0,0,,,,,,,,,,,,,,,980732,
87,Sergi Altimira,es ESP,MF,Real Betis,es La Liga,24.0,2001.0,19,10,918,10.2,1,1,2,1,0,0,2,0,0.2,4,1,25.0,0.39,0.1,0.25,1.0,0,0,3,26,15,14,2,0,0,10,0,,,,,,,,,,,,,,,1137814,
88,Carlos Álvarez,es ESP,MF,Levante,es La Liga,22.0,2003.0,26,22,1786,19.8,3,1,4,3,0,0,3,0,0.2,27,10,37.0,1.36,0.5,0.11,0.3,0,0,46,13,13,45,3,0,0,21,0,,,,,,,,,,,,,,,1010656,4d204387
89,Hugo Álvarez,es ESP,FW,MF,Celta Vigo,es La Liga,22.0,2003.0,19,9,876,9.7,2,1,3,2,0,0,2,0,0.31,6,3,50.0,0.62,0.31,0.33,0.67,0,0,14,6,8,9,2,0,0,13,0,,,,,,,,,,,,,,1154935,6f392eb8
90,Julián Álvarez,ar ARG,FW,Atlético Madrid,es La Liga,26.0,2000.0,28,21,1805,20.1,8,3,11,6,2,3,2,0,0.45,49,25,51.0,2.44,1.25,0.12,0.24,2,3,86,11,2,18,2,0,0,13,0,,,,,,,,,,,,,,,944656,15ab5a2b
91,Skelly Alvero,fr FRA,MF,Werder Bremen,de Bundesliga,23.0,2002.0,2,0,34,0.4,0,0,0,0,0,0,0,0,0.0,0,0,,0.0,0.0,,,0,0,0,0,1,1,0,0,0,0,0,,,,,,,,,,,,,,,1165722,add37c13
92,Ayoube Amaimouni Echghouyab,ma MAR,MF,FW,Eintracht Frankfurt,de Bundesliga,21.0,2004.0,10,3,310,3.4,2,1,3,2,0,0,1,0,0.87,7,5,71.4,2.03,1.45,0.29,0.4,0,0,15,0,0,5,1,0,0,6,0,,,,,,,,,,,,,,1898148,
93,Jaydon Amauri Banel,nl NED,FW,MF,Burnley,eng Premier League,21.0,2004.0,1,0,10,0.1,0,0,0,0,0,0,0,0,0.0,0,0,,0.0,0.0,,,0,0,0,0,0,1,0,0,0,0,0,,,,,,,,,,,,,,,b6d4bf9d
94,Giuseppe Ambrosino,it ITA,FW,Napoli,it Serie A,22.0,2003.0,3,0,38,0.4,0,0,0,0,0,0,0,0,0.0,0,0,,0.0,0.0,,,0,0,0,0,0,1,0,0,0,1,0,,,,,,,,,,,,,,,1163083,
95,Aurele Amenda,ch SUI,DF,Eintracht Frankfurt,de Bundesliga,22.0,2003.0,16,10,967,10.7,0,0,0,0,0,0,3,0,0.0,5,1,20.0,0.47,0.09,0.0,0.0,0,0,1,6,20,6,3,0,0,11,1,,,,,,,,,,,,,,,999276,
96,Kelvin Amian,fr FRA,DF,Nantes,fr Ligue 1,28.0,1998.0,21,21,1870,20.8,0,1,1,0,0,0,3,0,0.05,10,2,20.0,0.48,0.1,0.0,0.0,0,0,29,18,8,17,3,0,0,22,0,,,,,,,,,,,,,,,802143,bcc81786
97,Mohamed Amine Sbai,fr FRA,MF,FW,Angers,fr Ligue 1,25.0,2000.0,18,16,1264,14.0,2,1,3,2,0,0,1,0,0.21,22,11,50.0,1.57,0.78,0.09,0.18,0,0,52,8,4,17,1,0,0,15,0,,,,,,,,,,,,,,,
98,Michael Amir Murillo,pa PAN,DF,MF,Marseille,fr Ligue 1,30.0,1996.0,16,11,989,11.0,2,1,3,2,0,0,4,0,0.27,9,2,22.2,0.82,0.18,0.22,1.0,0,0,28,13,6,16,4,0,0,22,0,,,,,,,,,,,,,,,349cae8f
99,Nadiem Amiri,de GER,MF,Mainz 05,de Bundesliga,29.0,1996.0,20,19,1646,18.3,10,2,12,3,7,7,6,0,0.27,39,15,38.5,2.13,0.82,0.08,0.2,7,7,104,16,14,20,6,0,0,17,0,,,,,,,,,,,,,,,327755,
100,Samuel Amo-Ameyaw,eng ENG,MF,DF,Strasbourg,fr Ligue 1,19.0,2006.0,19,4,607,6.7,1,1,2,1,0,0,1,0,0.3,7,1,14.3,1.04,0.15,0.14,1.0,0,0,34,9,3,14,1,0,0,11,0,,,,,,,,,,,,,,1407484,9eedf0e0
101,Amorim,br BRA,MF,Genoa,it Serie A,20.0,2005.0,4,0,93,1.0,0,0,0,0,0,0,0,0,0.0,1,0,0.0,0.97,0.0,0.0,,0,0,3,1,2,4,0,0,0,3,0,,,,,,,,,,,,,,,1430098,801f3d1d
102,Mathis Amougou,fr FRA,MF,Strasbourg,fr Ligue 1,20.0,2006.0,9,2,272,3.0,0,0,0,0,0,0,1,0,0.0,2,1,50.0,0.66,0.33,0.0,0.0,0,0,0,5,1,3,1,0,0,2,0,,,,,,,,,,,,,,,1426224,
103,Mohamed Amoura,dz ALG,FW,MF,Wolfsburg,de Bundesliga,25.0,2000.0,23,18,1523,16.9,8,3,11,7,1,1,2,0,0.59,48,15,31.3,2.84,0.89,0.15,0.47,1,1,23,17,7,10,2,0,0,16,0,,,,,,,,,,,,,,1107591,6597f8b6
104,Ethan Ampadu,wls WAL,MF,Leeds United,eng Premier League,25.0,2000.0,27,27,2399,26.7,1,1,2,1,0,0,7,0,0.08,19,4,21.1,0.71,0.15,0.05,0.25,0,0,23,37,38,27,7,0,0,34,0,,,,,,,,,,,,,,,847097,10b9fa99
105,Sofyan Amrabat,ma MAR,MF,Real Betis,es La Liga,29.0,1996.0,8,6,603,6.7,0,0,0,0,0,0,3,0,0.0,4,1,25.0,0.6,0.15,0.0,0.0,0,0,3,6,6,13,3,0,0,10,0,,,,,,,,,,,,,,,359272,5a2cb25d
106,Joachim Andersen,dk DEN,DF,Fulham,eng Premier League,29.0,1996.0,27,27,2381,26.5,0,1,1,0,0,0,7,0,0.04,12,3,25.0,0.45,0.11,0.0,0.0,0,0,13,19,26,10,7,0,0,27,0,,,,,,,,,,,,,,,362682,e34fc66d
107,Elliot Anderson,eng ENG,MF,Nottingham Forest,eng Premier League,23.0,2002.0,30,30,2683,29.8,2,2,4,1,1,1,6,0,0.1,36,8,22.2,1.21,0.27,0.03,0.13,1,1,155,51,35,66,6,0,0,44,0,,,,,,,,,,,,,,,994546,de31038e
108,Tomoya Ando,jp JPN,DF,St Pauli,de Bundesliga,27.0,1999.0,8,7,632,7.0,0,0,0,0,0,0,1,0,0.0,1,0,0.0,0.14,0.0,0.0,,0,0,3,10,11,4,1,0,0,6,0,,,,,,,,,,,,,,,1125024,045e150f
109,Nícolas Andrade,br BRA,GK,Pisa,it Serie A,37.0,1988.0,5,5,450,5.0,0,0,0,0,0,0,0,0,0.0,0,0,,0.0,0.0,,,0,0,0,0,0,1,0,0,0,0,0,9.0,1.8,19.0,10.0,52.6,1.0,0.0,4.0,0.0,0.0,1.0,0.0,0.0,1.0,2144930,
110,André,br BRA,MF,Wolves,eng Premier League,24.0,2001.0,28,23,2132,23.7,1,0,1,1,0,0,9,0,0.04,11,1,9.1,0.46,0.04,0.09,1.0,0,0,38,30,21,37,9,0,0,33,0,,,,,,,,,,,,,,,1035996,ae01e596
111,Benjamin André,fr FRA,MF,Lille,fr Ligue 1,35.0,1990.0,20,20,1789,19.9,2,1,3,2,0,0,7,0,0.15,22,4,18.2,1.11,0.2,0.09,0.5,0,0,14,30,25,31,7,0,0,31,0,,,,,,,,,,,,,,,51665,ef9c1c95
112,Robert Andrich,de GER,DF,MF,Leverkusen,de Bundesliga,31.0,1994.0,25,22,1949,21.7,1,0,1,1,0,0,6,1,0.05,5,2,40.0,0.23,0.09,0.2,0.5,0,0,9,24,27,18,6,1,1,25,0,,,,,,,,,,,,,,168903,
113,Manuel Ángel,es ESP,MF,Real Madrid,es La Liga,22.0,2004.0,2,0,29,0.3,0,0,0,0,0,0,0,0,0.0,1,0,0.0,3.1,0.0,0.0,,0,0,0,2,0,2,0,0,0,0,1,,,,,,,,,,,,,,,1142683,06aa4a9a
114,Miguel Ángel Rubio,es ESP,DF,Espanyol,es La Liga,28.0,1998.0,10,1,192,2.1,1,0,1,1,0,0,0,0,0.47,2,1,50.0,0.94,0.47,0.5,1.0,0,0,0,0,0,1,0,0,0,0,0,,,,,,,,,,,,,,,934351,0c05be30
115,Miguel Ángel Sierra,es ESP,FW,Sevilla,es La Liga,21.0,2004.0,4,0,62,0.7,0,0,0,0,0,0,0,0,0.0,4,1,25.0,5.81,1.45,0.0,0.0,0,0,4,1,0,3,0,0,0,1,0,,,,,,,,,,,,,,,2509247,
116,Angeliño,es ESP,MF,Roma,it Serie A,29.0,1997.0,5,5,387,4.3,0,0,0,0,0,0,1,0,0.0,4,2,50.0,0.93,0.47,0.0,0.0,0,0,14,6,3,2,1,0,0,4,0,,,,,,,,,,,,,,,848355,30941e96
117,Samuele Angori,it ITA,MF,Pisa,it Serie A,22.0,2003.0,26,22,1852,20.6,0,1,1,0,0,0,1,0,0.05,8,1,12.5,0.39,0.05,0.0,0.0,0,0,125,20,19,41,1,0,0,11,0,,,,,,,,,,,,,,,1174457,
118,Nilson Angulo,ec ECU,MF,Sunderland,eng Premier League,22.0,2003.0,5,3,256,2.8,0,0,0,0,0,0,0,0,0.0,3,2,66.7,1.05,0.7,0.0,0.0,0,0,7,5,2,2,0,0,0,7,0,,,,,,,,,,,,,,,1116571,
119,Faustino Anjorin,eng ENG,MF,Torino,it Serie A,24.0,2001.0,13,1,255,2.8,0,0,0,0,0,0,1,0,0.0,4,1,25.0,1.41,0.35,0.0,0.0,0,0,1,4,6,1,1,0,0,7,0,,,,,,,,,,,,,,,907667,e47d11f8
120,Ilyas Ansah,de GER,MF,FW,Union Berlin,de Bundesliga,21.0,2004.0,26,19,1580,17.6,5,1,6,5,0,0,1,0,0.34,26,8,30.8,1.48,0.46,0.19,0.63,0,0,16,5,4,30,1,0,0,16,0,,,,,,,,,,,,,,1462742,
121,Aaron Anselmino,ar ARG,DF,Dortmund,de Bundesliga,20.0,2005.0,6,4,368,4.1,1,0,1,1,0,0,0,0,0.24,1,1,100.0,0.24,0.24,1.0,1.0,0,0,2,8,7,3,0,0,0,6,0,,,,,,,,,,,,,,,1500263,1d87670e
122,Aaron Anselmino,ar ARG,DF,Strasbourg,fr Ligue 1,20.0,2005.0,2,0,2,0.0,0,0,0,0,0,0,0,0,0.0,0,0,,0.0,0.0,,,0,0,0,0,1,0,0,0,0,0,0,,,,,,,,,,,,,,,1500263,1d87670e
123,Andrés Antañón,,MF,Celta Vigo,es La Liga,,,1,0,18,0.2,0,0,0,0,0,0,0,0,0.0,0,0,,0.0,0.0,,,0,0,0,0,0,0,0,0,0,1,0,,,,,,,,,,,,,,,1916256,9f31b1d3
124,Jaidon Anthony,eng ENG,MF,Burnley,eng Premier League,26.0,1999.0,29,24,2024,22.5,7,1,8,7,0,0,4,0,0.36,43,17,39.5,1.91,0.76,0.16,0.41,0,0,55,16,14,38,4,0,0,19,0,,,,,,,,,,,,,,,1020680,e4238fb1
125,Waldemar Anton,de GER,DF,Dortmund,de Bundesliga,29.0,1996.0,24,24,2160,24.0,2,0,2,2,0,0,3,0,0.08,12,4,33.3,0.5,0.17,0.17,0.5,0,0,7,24,18,13,3,0,0,20,0,,,,,,,,,,,,,,,799046,
126,Kyllian Antonio,fr FRA,DF,Lens,fr Ligue 1,18.0,2008.0,2,1,121,1.3,0,0,0,0,0,0,1,0,0.0,1,0,0.0,0.74,0.0,0.0,,0,0,1,3,5,4,1,0,0,1,0,,,,,,,,,,,,,,,1546405,
127,Antoniu,es ESP,MF,Espanyol,es La Liga,23.0,2002.0,8,1,115,1.3,0,0,0,0,0,0,1,0,0.0,3,0,0.0,2.35,0.0,0.0,,0,0,2,1,0,3,1,0,0,5,0,,,,,,,,,,,,,,,1861190,71e479f5
128,Antony,br BRA,MF,FW,Real Betis,es La Liga,26.0,2000.0,23,21,1819,20.2,7,5,12,7,0,0,4,1,0.59,64,27,42.2,3.17,1.34,0.11,0.26,0,0,53,17,18,35,4,1,0,14,0,,,,,,,,,,,,,,958380,99127249
129,Youssef El-Arabi,ma MAR,FW,Nantes,fr Ligue 1,39.0,1987.0,22,11,917,10.2,3,0,3,3,0,1,0,0,0.29,15,9,60.0,1.47,0.88,0.2,0.33,0,1,2,9,4,22,0,0,0,21,0,,,,,,,,,,,,,,,45512,c63f6e46
130,Mauro Arambarri,uy URU,MF,Getafe,es La Liga,30.0,1995.0,28,28,2456,27.3,5,2,7,3,2,2,4,0,0.18,47,15,31.9,1.72,0.55,0.06,0.2,2,2,9,38,16,51,4,0,0,40,0,,,,,,,,,,,,,,,385888,58afe001
131,Jon Aramburu,ve VEN,DF,Real Sociedad,es La Liga,23.0,2002.0,26,24,2141,23.8,1,0,1,1,0,0,8,0,0.04,16,5,31.3,0.67,0.21,0.06,0.2,0,0,42,52,34,32,8,0,0,54,0,,,,,,,,,,,,,,,1116388,dc7a172e
132,Juan Arango,ve VEN,MF,Girona,es La Liga,19.0,2006.0,2,0,18,0.2,0,0,0,0,0,0,1,0,0.0,0,0,,0.0,0.0,,,0,0,0,0,0,0,1,0,0,1,0,,,,,,,,,,,,,,,1482463,49c057c9
133,Ronald Araújo,uy URU,DF,Barcelona,es La Liga,27.0,1999.0,17,7,739,8.2,2,0,2,2,0,0,2,0,0.24,8,4,50.0,0.97,0.49,0.25,0.5,0,0,3,6,8,1,2,0,0,15,0,,,,,,,,,,,,,,,925097,2bef2bca
134,Carlens Arcus,ht HAI,DF,Angers,fr Ligue 1,29.0,1996.0,24,24,2009,22.3,0,3,3,0,0,0,6,0,0.13,9,1,11.1,0.4,0.04,0.0,0.0,0,0,38,28,29,16,6,0,0,31,0,,,,,,,,,,,,,,,794373,5e837126
135,Antonio Arena,it ITA,FW,Roma,it Serie A,17.0,2009.0,1,0,7,0.1,0,0,0,0,0,0,0,0,0.0,0,0,,0.0,0.0,,,0,0,0,0,0,0,0,0,0,0,0,,,,,,,,,,,,,,,1923599,
136,Alphonse Areola,fr FRA,GK,West Ham United,eng Premier League,33.0,1993.0,20,20,1800,20.0,0,1,1,0,0,0,0,0,0.05,0,0,,0.0,0.0,,,0,0,0,0,1,1,0,0,0,1,0,37.0,1.85,108.0,76.0,70.4,4.0,5.0,11.0,0.0,0.0,6.0,5.0,0.0,1.0,96531,2f965a72
137,Jesús Areso,es ESP,DF,Athletic Club,es La Liga,26.0,1999.0,23,13,1391,15.5,0,1,1,0,0,0,3,0,0.06,3,0,0.0,0.19,0.0,0.0,,0,0,81,15,19,5,3,0,0,18,0,,,,,,,,,,,,,,,910267,
138,Jeremy Arévalo,ec ECU,FW,Stuttgart,de Bundesliga,20.0,2005.0,5,0,29,0.3,0,0,0,0,0,0,0,0,0.0,3,1,33.3,9.31,3.1,0.0,0.0,0,0,0,0,0,2,0,0,0,0,0,,,,,,,,,,,,,,,1464642,b5cf91dc
139,Paul Argney,fr FRA,GK,Le Havre,fr Ligue 1,19.0,2006.0,1,1,90,1.0,0,0,0,0,0,0,0,0,0.0,0,0,,0.0,0.0,,,0,0,0,0,0,0,0,0,0,0,0,1.0,1.0,3.0,2.0,66.7,1.0,0.0,0.0,0.0,0.0,0.0,0.0,0.0,0.0,1426218,
140,Iñigo Arguibide,es ESP,DF,Osasuna,es La Liga,20.0,2005.0,6,2,187,2.1,0,0,0,0,0,0,0,1,0.0,0,0,,0.0,0.0,,,0,0,5,3,1,0,0,1,0,3,0,,,,,,,,,,,,,,,1495856,
141,Jhon Arias,co COL,FW,MF,Wolves,eng Premier League,28.0,1997.0,23,14,1124,12.5,1,0,1,1,0,0,1,0,0.08,16,3,18.8,1.28,0.24,0.06,0.33,0,0,30,27,7,9,1,0,0,26,0,,,,,,,,,,,,,,844096,
142,Juan Arizala,co COL,MF,Udinese,it Serie A,20.0,2005.0,3,0,47,0.5,0,0,0,0,0,0,0,0,0.0,1,1,100.0,1.91,1.91,0.0,0.0,0,0,0,2,0,0,0,0,0,0,0,,,,,,,,,,,,,,,1476922,
143,Adam Armstrong,eng ENG,FW,MF,Wolves,eng Premier League,29.0,1997.0,7,7,566,6.3,1,2,3,1,0,0,3,0,0.48,5,1,20.0,0.8,0.16,0.2,1.0,0,0,2,3,1,2,3,0,0,7,0,,,,,,,,,,,,,,361352,68c720b5
144,Harrison Armstrong,eng ENG,MF,Everton,eng Premier League,19.0,2007.0,11,6,499,5.5,0,0,0,0,0,0,0,0,0.0,5,2,40.0,0.9,0.36,0.0,0.0,0,0,2,10,4,15,0,0,0,6,0,,,,,,,,,,,,,,,1627560,
145,Maximilian Arnold,de GER,MF,Wolfsburg,de Bundesliga,31.0,1994.0,21,20,1814,20.2,1,4,5,1,0,0,5,0,0.25,11,5,45.5,0.55,0.25,0.09,0.2,0,0,79,15,24,25,5,0,0,17,0,,,,,,,,,,,,,,,147289,
146,Tolu Arokodare,ng NGA,FW,Wolves,eng Premier League,25.0,2000.0,27,12,1244,13.8,3,1,4,3,0,1,1,0,0.29,38,13,34.2,2.75,0.94,0.08,0.23,0,1,0,3,5,13,1,0,0,17,0,,,,,,,,,,,,,,,987734,
147,Love Arrhov,se SWE,FW,Eintracht Frankfurt,de Bundesliga,17.0,2008.0,3,0,19,0.2,0,0,0,0,0,0,1,0,0.0,0,0,,0.0,0.0,,,0,0,0,0,0,0,1,0,0,2,0,,,,,,,,,,,,,,,1977245,0ff4e636
148,Kervin Arriaga,hn HON,MF,Levante,es La Liga,28.0,1998.0,19,12,1151,12.8,1,1,2,1,0,0,6,1,0.16,9,3,33.3,0.7,0.23,0.11,0.33,0,0,4,18,11,17,6,1,1,19,0,,,,,,,,,,,,,,,1083832,4f8a9f70
149,Arthur,br BRA,MF,Leverkusen,de Bundesliga,23.0,2003.0,16,13,1048,11.6,1,3,4,1,0,0,2,0,0.34,10,2,20.0,0.86,0.17,0.1,0.5,0,0,29,11,18,9,2,0,0,17,0,,,,,,,,,,,,,,,1174761,d44d3dd0
150,Takuma Asano,jp JPN,MF,FW,Mallorca,es La Liga,31.0,1994.0,15,6,483,5.4,1,0,1,1,0,0,2,0,0.19,9,2,22.2,1.68,0.37,0.11,0.5,0,0,6,2,1,10,2,0,0,7,0,,,,,,,,,,,,,,309546,13ddc856
151,Raúl Asencio,es ESP,DF,Real Madrid,es La Liga,23.0,2003.0,19,14,1348,15.0,2,0,2,2,0,0,3,0,0.13,13,4,30.8,0.87,0.27,0.15,0.5,0,0,1,10,8,17,3,0,0,15,0,,,,,,,,,,,,,,,1156645,2b81295d
152,Fisnik Asllani,xk KVX,FW,MF,Hoffenheim,de Bundesliga,23.0,2002.0,25,23,1746,19.4,8,5,13,8,0,0,1,0,0.67,57,23,40.4,2.94,1.19,0.14,0.35,0,0,6,4,3,32,1,0,0,19,0,,,,,,,,,,,,,,1010117,35f67a30
153,Kristjan Asllani,al ALB,MF,Torino,it Serie A,24.0,2002.0,15,13,1129,12.5,0,0,0,0,0,1,3,0,0.0,20,4,20.0,1.59,0.32,0.0,0.0,0,1,52,14,12,14,3,0,0,7,0,,,,,,,,,,,,,,,996820,0fdcef0e
154,Joel Asoro,se SWE,FW,Metz,fr Ligue 1,26.0,1999.0,8,2,227,2.5,0,0,0,0,0,0,0,0,0.0,4,1,25.0,1.59,0.4,0.0,0.0,0,0,1,0,0,1,0,0,0,2,0,,,,,,,,,,,,,,,825901,13e827f8
155,Iago Aspas,es ESP,FW,MF,Celta Vigo,es La Liga,38.0,1987.0,23,8,814,9.0,4,3,7,2,2,2,3,0,0.55,23,11,47.8,2.54,1.22,0.09,0.18,2,2,20,9,10,9,3,0,0,2,0,,,,,,,,,,,,,,19356,7dcf86f6
156,Yaser Asprilla,co COL,FW,MF,Girona,es La Liga,22.0,2003.0,15,6,611,6.8,0,0,0,0,0,0,0,0,0.0,15,5,33.3,2.21,0.74,0.0,0.0,0,0,36,4,5,8,0,0,0,11,0,,,,,,,,,,,,,,1092769,d139daf9
157,Lorenz Assignon,tg TOG,DF,MF,Stuttgart,de Bundesliga,25.0,2000.0,18,8,781,8.7,0,0,0,0,0,0,2,1,0.0,11,3,27.3,1.27,0.35,0.0,0.0,0,0,27,11,11,6,2,1,0,16,0,,,,,,,,,,,,,,1009334,b026bbf6
158,Dehmaine Assoumani,fr FRA,MF,Nantes,fr Ligue 1,20.0,2005.0,21,11,980,10.9,0,0,0,0,0,0,4,0,0.0,19,4,21.1,1.74,0.37,0.0,0.0,0,0,65,16,13,15,4,0,0,19,0,,,,,,,,,,,,,,,,
159,Lander Astiazaran,es ESP,MF,Real Sociedad,es La Liga,19.0,2006.0,1,0,1,0.0,0,0,0,0,0,0,0,0,0.0,1,0,0.0,90.0,0.0,0.0,,0,0,0,0,1,0,0,0,0,0,0,,,,,,,,,,,,,,,1535581,
160,Otavio Ataide,br BRA,DF,Paris FC,fr Ligue 1,23.0,2002.0,20,19,1721,19.1,0,0,0,0,0,0,6,1,0.0,11,2,18.2,0.58,0.1,0.0,0.0,0,0,5,24,25,28,6,1,0,21,0,,,,,,,,,,,,,,,,6f22e535
161,Zachary Athekame,ch SUI,MF,Milan,it Serie A,21.0,2004.0,19,4,454,5.0,1,1,2,1,0,0,3,0,0.4,6,2,33.3,1.19,0.4,0.17,0.5,0,0,30,4,4,5,3,0,0,11,0,,,,,,,,,,,,,,,1409700,
162,Arthur Atta,fr FRA,MF,Udinese,it Serie A,23.0,2003.0,23,20,1805,20.1,2,3,5,2,0,0,3,0,0.25,43,14,32.6,2.14,0.7,0.05,0.14,0,0,45,9,16,26,3,0,0,17,0,,,,,,,,,,,,,,,1444690,
163,Noah Atubolu,de GER,GK,Freiburg,de Bundesliga,23.0,2002.0,26,26,2340,26.0,0,0,0,0,0,0,0,0,0.0,0,0,,0.0,0.0,,,0,0,0,0,1,3,0,0,0,0,0,43.0,1.65,117.0,75.0,63.2,9.0,7.0,10.0,5.0,19.2,1.0,0.0,1.0,0.0,980626,
164,Pierre-Emerick Aubameyang,ga GAB,FW,Marseille,fr Ligue 1,36.0,1989.0,23,16,1488,16.5,8,5,13,8,0,0,1,0,0.79,37,21,56.8,2.24,1.27,0.22,0.38,0,0,21,5,6,14,1,0,0,15,0,,,,,,,,,,,,,,,51498,d5dd5f1f
165,Emil Audero,id IDN,GK,Cremonese,it Serie A,29.0,1997.0,25,25,2250,25.0,0,0,0,0,0,0,0,0,0.0,0,0,,0.0,0.0,,,0,0,0,0,0,5,0,0,0,0,0,37.0,1.48,135.0,102.0,74.8,5.0,6.0,14.0,7.0,28.0,4.0,3.0,1.0,0.0,318603,649b01d8
166,Carlos Augusto,br BRA,MF,DF,Inter,it Serie A,27.0,1999.0,26,12,1199,13.3,1,1,2,1,0,0,4,0,0.15,13,4,30.8,0.98,0.3,0.08,0.25,0,0,38,18,13,10,4,0,0,19,0,,,,,,,,,,,,,,929199,8d3cd59d
167,Yann Aurel Bisseck,de GER,DF,Inter,it Serie A,25.0,2000.0,18,16,1476,16.4,2,1,3,2,0,0,2,0,0.18,21,9,42.9,1.28,0.55,0.1,0.22,0,0,11,13,16,11,2,0,0,18,0,,,,,,,,,,,,,,,906275,3963c25b
168,Leon Avdullahu,xk KVX,MF,Hoffenheim,de Bundesliga,22.0,2004.0,26,26,2264,25.2,0,1,1,0,0,0,4,0,0.04,12,2,16.7,0.48,0.08,0.0,0.0,0,0,13,26,23,10,4,0,0,21,0,,,,,,,,,,,,,,,1493305,
169,Ezequiel Ávila,ar ARG,FW,Real Betis,es La Liga,32.0,1994.0,11,3,319,3.5,1,0,1,0,1,1,3,0,0.0,7,2,28.6,1.97,0.56,0.0,0.0,1,1,10,1,3,7,3,0,0,5,0,,,,,,,,,,,,,,,789381,253a06b9
170,Arthur Avom,cm CMR,MF,Lorient,fr Ligue 1,21.0,2004.0,23,17,1624,18.0,1,1,2,1,0,0,3,0,0.11,16,3,18.8,0.89,0.17,0.06,0.33,0,0,35,26,20,33,3,0,0,15,1,,,,,,,,,,,,,,,1465307,
171,Chidozie Awaziem,ng NGA,DF,Nantes,fr Ligue 1,29.0,1997.0,21,21,1859,20.7,1,1,2,1,0,0,7,0,0.1,9,4,44.4,0.44,0.19,0.11,0.25,0,0,2,15,18,19,7,0,0,18,1,,,,,,,,,,,,,,,804764,70d8e84c
172,Taiwo Awoniyi,ng NGA,FW,Nottingham Forest,eng Premier League,28.0,1997.0,11,1,258,2.9,1,0,1,1,0,0,0,0,0.35,9,4,44.4,3.14,1.4,0.11,0.25,0,0,1,1,1,3,0,0,0,6,0,,,,,,,,,,,,,,,359664,e5478b87
173,Yasin Ayari,se SWE,MF,Brighton,eng Premier League,22.0,2003.0,23,18,1718,19.1,3,2,5,3,0,0,1,0,0.26,39,10,25.6,2.04,0.52,0.08,0.3,0,0,23,23,24,24,1,0,0,20,0,,,,,,,,,,,,,,,1036269,f173303a
174,Neil El Aynaoui,ma MAR,MF,Roma,it Serie A,24.0,2001.0,18,4,607,6.7,0,1,1,0,0,0,4,0,0.15,4,3,75.0,0.59,0.44,0.0,0.0,0,0,9,7,13,5,4,0,0,14,0,,,,,,,,,,,,,,,1128530,17e1261b
175,César Azpilicueta,es ESP,DF,Sevilla,es La Liga,36.0,1989.0,14,14,997,11.1,0,1,1,0,0,0,4,0,0.09,0,0,,0.0,0.0,,,0,0,11,16,22,8,4,0,0,22,0,,,,,,,,,,,,,,,21555,53cad200
176,Oussama El Azzouzi,ma MAR,MF,DF,Auxerre,fr Ligue 1,24.0,2001.0,11,10,807,9.0,1,0,1,1,0,0,1,1,0.11,5,1,20.0,0.56,0.11,0.2,1.0,0,0,0,15,16,8,1,1,0,18,0,,,,,,,,,,,,,,1127191,
177,Mio Backhaus,de GER,GK,Werder Bremen,de Bundesliga,21.0,2004.0,24,24,2160,24.0,0,0,0,0,0,0,0,0,0.0,0,0,,0.0,0.0,,,0,0,0,0,0,8,0,0,0,0,0,43.0,1.79,110.0,71.0,64.5,5.0,7.0,12.0,4.0,16.7,4.0,4.0,0.0,0.0,1083390,0d41f821
178,Loïc Bade,fr FRA,DF,Leverkusen,de Bundesliga,25.0,2000.0,19,16,1377,15.3,0,0,0,0,0,0,4,0,0.0,9,3,33.3,0.59,0.2,0.0,0.0,0,0,3,16,20,4,4,0,0,8,1,,,,,,,,,,,,,,,1006489,114bbdee
179,Benoît Badiashile,fr FRA,DF,Chelsea,eng Premier League,24.0,2001.0,8,6,471,5.2,0,0,0,0,0,0,2,0,0.0,0,0,,0.0,0.0,,,0,0,0,5,9,2,2,0,0,6,0,,,,,,,,,,,,,,,904827,06df8256
180,Alex Baena,es ESP,MF,Atlético Madrid,es La Liga,24.0,2001.0,19,14,1051,11.7,2,2,4,2,0,0,3,0,0.34,20,5,25.0,1.71,0.43,0.1,0.4,0,0,92,7,9,20,3,0,0,20,0,,,,,,,,,,,,,,,910031,
181,Samson Baidoo,at AUT,DF,Lens,fr Ligue 1,21.0,2004.0,18,17,1544,17.2,2,1,3,2,0,0,2,0,0.17,15,4,26.7,0.87,0.23,0.13,0.5,0,0,0,18,24,5,2,0,0,17,0,,,,,,,,,,,,,,,1099117,
182,Leon Bailey,jm JAM,MF,Aston Villa,eng Premier League,28.0,1997.0,8,2,316,3.5,0,1,1,0,0,0,1,0,0.28,6,1,16.7,1.71,0.28,0.0,0.0,0,0,15,4,1,3,1,0,0,5,0,,,,,,,,,,,,,,,808590,3a233281
183,Leon Bailey,jm JAM,FW,Roma,it Serie A,28.0,1997.0,7,1,186,2.1,0,0,0,0,0,0,0,0,0.0,3,1,33.3,1.45,0.48,0.0,0.0,0,0,14,0,0,1,0,0,0,2,0,,,,,,,,,,,,,,,808590,3a233281
184,Eric Bailly,ci CIV,DF,Oviedo,es La Liga,31.0,1994.0,8,8,683,7.6,1,0,1,1,0,0,1,0,0.13,4,1,25.0,0.53,0.13,0.25,1.0,0,0,0,4,10,6,1,0,0,9,0,,,,,,,,,,,,,,,606346,a1232f4e
185,Theo Bair,ca CAN,FW,Auxerre,fr Ligue 1,26.0,1999.0,2,0,10,0.1,0,0,0,0,0,0,0,0,0.0,0,0,,0.0,0.0,,,0,0,0,0,0,0,0,0,0,0,0,,,,,,,,,,,,,,,936848,c724745e
186,Cédric Bakambu,cd COD,FW,Real Betis,es La Liga,34.0,1991.0,14,4,405,4.5,3,0,3,3,0,0,0,0,0.67,19,9,47.4,4.22,2.0,0.16,0.33,0,0,2,2,1,9,0,0,0,5,0,,,,,,,,,,,,,,,115665,0af4dcf0
187,Johan Bakayoko,be BEL,FW,MF,RB Leipzig,de Bundesliga,22.0,2003.0,16,8,728,8.1,2,0,2,2,0,0,1,0,0.25,18,7,38.9,2.23,0.87,0.11,0.29,0,0,13,3,1,11,1,0,0,11,0,,,,,,,,,,,,,,1088896,0caa2fd4
188,Darryl Bakola,fr FRA,MF,Marseille,fr Ligue 1,18.0,2007.0,8,0,75,0.8,0,0,0,0,0,0,0,0,0.0,2,1,50.0,2.4,1.2,0.0,0.0,0,0,1,1,0,4,0,0,0,4,0,,,,,,,,,,,,,,,1823916,57de24a3
189,Darryl Bakola,fr FRA,MF,Sassuolo,it Serie A,18.0,2007.0,2,0,12,0.1,0,0,0,0,0,0,0,0,0.0,0,0,,0.0,0.0,,,0,0,0,0,0,1,0,0,0,0,0,,,,,,,,,,,,,,,1823916,57de24a3
190,Ridle Baku,de GER,DF,RB Leipzig,de Bundesliga,27.0,1998.0,24,21,1887,21.0,1,3,4,1,0,0,3,0,0.19,22,3,13.6,1.05,0.14,0.05,0.33,0,0,42,30,19,16,3,0,0,20,0,,,,,,,,,,,,,,,856553,
191,Dilane Bakwa,fr FRA,FW,MF,Strasbourg,fr Ligue 1,23.0,2002.0,3,0,107,1.2,1,2,3,1,0,0,0,0,2.52,2,1,50.0,1.68,0.84,0.5,1.0,0,0,8,1,1,4,0,0,0,0,0,,,,,,,,,,,,,,963298,2b5a35e5
192,Dilane Bakwa,fr FRA,MF,Nottingham Forest,eng Premier League,23.0,2002.0,10,3,345,3.8,0,1,1,0,0,0,1,0,0.26,8,3,37.5,2.09,0.78,0.0,0.0,0,0,28,2,0,8,1,0,0,9,0,,,,,,,,,,,,,,,963298,2b5a35e5
193,Tommaso Baldanzi,it ITA,MF,Genoa,it Serie A,22.0,2003.0,3,2,148,1.6,0,0,0,0,0,0,0,0,0.0,1,1,100.0,0.61,0.61,0.0,0.0,0,0,5,2,0,2,0,0,0,1,0,,,,,,,,,,,,,,,1012172,102e2599
194,Tommaso Baldanzi,it ITA,FW,MF,Roma,it Serie A,22.0,2003.0,10,3,386,4.3,1,0,1,1,0,0,2,0,0.23,11,4,36.4,2.56,0.93,0.09,0.25,0,0,9,1,3,18,2,0,0,8,0,,,,,,,,,,,,,,1012172,102e2599
195,Alejandro Balde,es ESP,DF,Barcelona,es La Liga,22.0,2003.0,21,18,1513,16.8,0,2,2,0,0,0,2,0,0.12,8,1,12.5,0.48,0.06,0.0,0.0,0,0,20,17,6,22,2,0,0,12,0,,,,,,,,,,,,,,,997035,5ccc9672
196,Fabio Baldé,pt POR,FW,Hamburger SV,de Bundesliga,20.0,2005.0,12,2,314,3.5,0,1,1,0,0,0,1,0,0.29,5,3,60.0,1.43,0.86,0.0,0.0,0,0,12,5,0,2,1,0,0,4,0,,,,,,,,,,,,,,,1546267,bc7b4580
197,Carlos Baleba,cm CMR,MF,Brighton,eng Premier League,22.0,2004.0,24,19,1264,14.0,0,0,0,0,0,0,5,0,0.0,15,1,6.7,1.07,0.07,0.0,0.0,0,0,0,15,24,16,5,0,0,26,0,,,,,,,,,,,,,,,1199043,a1390d2f
198,Leonardo Balerdi,ar ARG,DF,Marseille,fr Ligue 1,27.0,1999.0,18,14,1360,15.1,0,1,1,0,0,0,4,0,0.07,11,3,27.3,0.73,0.2,0.0,0.0,0,0,1,18,16,18,4,0,0,16,0,,,,,,,,,,,,,,,928236,7c3ed041
199,Daniel Ballard,nir NIR,DF,Sunderland,eng Premier League,26.0,1999.0,26,22,2008,22.3,2,0,2,2,0,0,3,0,0.09,25,9,36.0,1.12,0.4,0.08,0.22,0,0,0,16,19,27,3,0,0,25,0,,,,,,,,,,,,,,,958878,38f300f3
200,Carlos Ballestero,es ESP,DF,Alavés,es La Liga,21.0,2004.0,1,0,1,0.0,0,0,0,0,0,0,0,0,0.0,0,0,,0.0,0.0,,,0,0,0,0,0,0,0,0,0,0,0,,,,,,,,,,,,,,,1402936,ab8fda0c
201,Iván Balliu,al ALB,DF,Rayo Vallecano,es La Liga,34.0,1992.0,11,3,333,3.7,0,0,0,0,0,0,3,0,0.0,2,0,0.0,0.54,0.0,0.0,,0,0,8,4,4,3,3,0,0,6,0,,,,,,,,,,,,,,,152446,cee88597
202,Fodé Ballo-Touré,sn SEN,DF,MF,Metz,fr Ligue 1,29.0,1997.0,12,11,827,9.2,0,0,0,0,0,0,2,0,0.0,5,1,20.0,0.54,0.11,0.0,0.0,0,0,16,16,5,18,2,0,0,13,0,,,,,,,,,,,,,,788170,f449640d
203,Folarin Balogun,us USA,FW,Monaco,fr Ligue 1,24.0,2001.0,22,18,1548,17.2,8,4,12,7,1,1,4,1,0.64,52,23,44.2,3.02,1.34,0.13,0.3,1,1,11,6,3,29,4,1,0,30,0,,,,,,,,,,,,,,,934237,31822f8c
204,Abdoulaye Bamba,ci CIV,DF,Angers,fr Ligue 1,35.0,1990.0,3,1,101,1.1,0,0,0,0,0,0,0,0,0.0,1,1,100.0,0.89,0.89,0.0,0.0,0,0,1,1,2,1,0,0,0,1,0,,,,,,,,,,,,,,,121180,7fecbcdb
205,Aladji Bamba,fr FRA,MF,Monaco,fr Ligue 1,19.0,2006.0,11,6,450,5.0,0,0,0,0,0,0,2,0,0.0,0,0,,0.0,0.0,,,0,0,3,15,4,9,2,0,0,13,0,,,,,,,,,,,,,,,1868591,
206,Mohamed Bamba,ci CIV,FW,Lorient,fr Ligue 1,24.0,2001.0,18,7,682,7.6,1,2,3,1,0,1,3,0,0.4,13,6,46.2,1.72,0.79,0.08,0.17,0,1,3,2,2,8,3,0,0,17,0,,,,,,,,,,,,,,,1405239,d469252b
207,Lameck Banda,zm ZAM,MF,FW,Lecce,it Serie A,25.0,2001.0,23,13,1148,12.8,3,3,6,3,0,0,6,1,0.47,23,7,30.4,1.8,0.55,0.13,0.43,0,0,52,14,6,34,6,1,0,39,0,,,,,,,,,,,,,,911350,8a6de8c7
208,Noahkai Banks,us USA,DF,Augsburg,de Bundesliga,19.0,2006.0,21,19,1650,18.3,1,1,2,1,0,0,8,0,0.11,9,5,55.6,0.49,0.27,0.11,0.2,0,0,3,25,17,18,8,0,0,29,0,,,,,,,,,,,,,,,1597260,118e3ac3
209,Ezechiel Banzuzi,nl NED,MF,RB Leipzig,de Bundesliga,21.0,2005.0,22,2,537,6.0,0,1,1,0,0,0,3,0,0.17,12,3,25.0,2.01,0.5,0.0,0.0,0,0,5,10,6,5,3,0,0,13,0,,,,,,,,,,,,,,,1155383,
210,Tommaso Barbieri,it ITA,MF,Cremonese,it Serie A,23.0,2002.0,21,16,1444,16.0,0,1,1,0,0,0,5,0,0.06,12,1,8.3,0.75,0.06,0.0,0.0,0,0,65,22,13,23,5,0,0,32,0,,,,,,,,,,,,,,,993389,6f1d7aa8
211,Valentín Barco,ar ARG,MF,Strasbourg,fr Ligue 1,21.0,2004.0,23,21,1898,21.1,1,4,5,1,0,0,4,1,0.24,21,6,28.6,1.0,0.28,0.05,0.17,0,0,94,32,12,57,4,1,0,21,0,,,,,,,,,,,,,,,1127057,b9f282ec
212,Bradley Barcola,fr FRA,FW,Paris Saint-Germain,fr Ligue 1,23.0,2002.0,22,15,1324,14.7,10,1,11,10,0,0,2,0,0.75,55,25,45.5,3.74,1.7,0.18,0.4,0,0,20,12,11,8,2,0,0,16,0,,,,,,,,,,,,,,,996952,a0d55a09
213,Melvin Bard,fr FRA,DF,MF,Nice,fr Ligue 1,25.0,2000.0,22,19,1806,20.1,2,1,3,2,0,0,3,0,0.15,14,5,35.7,0.7,0.25,0.14,0.4,0,0,64,20,28,19,3,0,0,19,0,,,,,,,,,,,,,,906075,1ddbc7ca
214,Roony Bardghji,se SWE,MF,FW,Barcelona,es La Liga,20.0,2005.0,16,4,393,4.4,1,1,2,1,0,0,0,0,0.46,16,10,62.5,3.66,2.29,0.06,0.1,0,0,34,2,0,3,0,0,0,2,0,,,,,,,,,,,,,,1162107,88ce7ddc
215,Nicolò Barella,it ITA,MF,Inter,it Serie A,29.0,1997.0,26,23,1904,21.2,1,6,7,1,0,0,5,0,0.33,27,3,11.1,1.28,0.14,0.04,0.33,0,0,83,25,5,19,5,0,0,27,0,,,,,,,,,,,,,,,363856,6928979a
216,Kike Barja,es ESP,MF,Osasuna,es La Liga,28.0,1997.0,18,1,245,2.7,1,1,2,1,0,0,2,0,0.73,3,1,33.3,1.1,0.37,0.33,1.0,0,0,36,2,0,4,2,0,0,6,0,,,,,,,,,,,,,,,591132,aad53e64
217,Ross Barkley,eng ENG,MF,Aston Villa,eng Premier League,32.0,1993.0,13,1,336,3.7,2,0,2,2,0,0,0,0,0.54,9,3,33.3,2.41,0.8,0.22,0.67,0,0,0,9,2,3,0,0,0,2,0,,,,,,,,,,,,,,,98435,3a24769f
218,Ashley Barnes,eng ENG,FW,MF,Burnley,eng Premier League,36.0,1989.0,5,0,27,0.3,0,0,0,0,0,0,1,0,0.0,1,0,0.0,3.33,0.0,0.0,,0,0,0,0,0,0,1,0,0,2,0,,,,,,,,,,,,,,27028,2691c772
219,Harvey Barnes,eng ENG,FW,MF,Newcastle United,eng Premier League,28.0,1997.0,29,16,1584,17.6,5,0,5,5,0,0,1,0,0.28,49,18,36.7,2.78,1.02,0.1,0.28,0,0,66,5,3,18,1,0,0,14,0,,,,,,,,,,,,,,855647,3ea50f67
220,Ander Barrenetxea,es ESP,MF,FW,Real Sociedad,es La Liga,24.0,2001.0,22,15,1272,14.1,3,3,6,3,0,0,2,0,0.42,26,8,30.8,1.84,0.57,0.12,0.38,0,0,53,10,13,19,2,0,0,28,0,,,,,,,,,,,,,,966862,200e89e1
221,Pablo Barrios,es ESP,MF,Atlético Madrid,es La Liga,22.0,2003.0,21,19,1575,17.5,1,1,2,1,0,0,0,0,0.11,21,6,28.6,1.2,0.34,0.05,0.17,0,0,27,15,23,21,0,0,0,12,0,,,,,,,,,,,,,,,1142588,
222,Thierno Barry,fr FRA,FW,Everton,eng Premier League,23.0,2002.0,30,19,1630,18.1,6,0,6,6,0,0,3,0,0.33,32,10,31.3,1.77,0.55,0.19,0.6,0,0,3,2,5,7,3,0,0,36,0,,,,,,,,,,,,,,,1395746,52c3244b
223,Davide Bartesaghi,it ITA,MF,DF,Milan,it Serie A,20.0,2005.0,23,19,1777,19.7,2,0,2,2,0,0,2,0,0.1,16,6,37.5,0.81,0.3,0.13,0.33,0,0,120,30,9,12,2,0,0,13,0,,,,,,,,,,,,,,1390489,7e0b6c50
224,Marc Bartra,es ESP,DF,Real Betis,es La Liga,35.0,1991.0,22,18,1767,19.6,1,0,1,1,0,0,3,0,0.05,14,5,35.7,0.71,0.25,0.07,0.2,0,0,2,17,27,10,3,0,0,13,1,,,,,,,,,,,,,,,99519,b742cc0d
225,Federico Baschirotto,it ITA,DF,Cremonese,it Serie A,29.0,1996.0,25,25,2250,25.0,2,0,2,2,0,0,2,0,0.08,12,5,41.7,0.48,0.2,0.17,0.4,0,0,5,13,20,9,2,0,0,40,0,,,,,,,,,,,,,,,786175,5a08ee41
226,Toma Bašić,hr CRO,MF,Lazio,it Serie A,29.0,1996.0,16,16,1170,13.0,1,2,3,1,0,0,0,1,0.23,26,9,34.6,2.0,0.69,0.04,0.11,0,0,33,12,7,14,0,1,0,15,0,,,,,,,,,,,,,,,798002,80556f08
227,Calvin Bassey,ng NGA,DF,Fulham,eng Premier League,26.0,1999.0,22,20,1814,20.2,1,0,1,1,0,0,5,0,0.05,9,1,11.1,0.45,0.05,0.11,1.0,0,0,9,20,15,29,5,0,0,22,0,,,,,,,,,,,,,,,861972,a36524bf
228,Alessandro Bastoni,it ITA,DF,Inter,it Serie A,26.0,1999.0,24,24,2009,22.3,1,4,5,1,0,0,6,0,0.22,16,7,43.8,0.72,0.31,0.06,0.14,0,0,76,34,20,18,6,0,0,40,0,,,,,,,,,,,,,,,826188,75b86fb3
229,Augusto Batalla,ar ARG,GK,Rayo Vallecano,es La Liga,29.0,1996.0,28,28,2520,28.0,0,0,0,0,0,0,4,0,0.0,0,0,,0.0,0.0,,,0,0,0,1,0,4,4,0,0,0,0,34.0,1.21,104.0,75.0,72.1,7.0,11.0,10.0,8.0,28.6,5.0,5.0,0.0,0.0,358910,fc627681
230,Michy Batshuayi,be BEL,FW,Eintracht Frankfurt,de Bundesliga,32.0,1993.0,6,1,139,1.5,1,0,1,0,1,1,0,0,0.0,5,1,20.0,3.24,0.65,0.0,0.0,1,1,0,1,0,1,0,0,0,2,0,,,,,,,,,,,,,,,147745,2973d8ff
231,Martin Baturina,hr CRO,MF,FW,Como,it Serie A,23.0,2003.0,20,11,973,10.8,5,3,8,5,0,0,0,0,0.74,14,5,35.7,1.29,0.46,0.36,1.0,0,0,52,9,5,30,0,0,0,13,0,,,,,,,,,,,,,,1090019,d1eda5f0
232,Daniel Batz,de GER,GK,Mainz 05,de Bundesliga,35.0,1991.0,14,14,1260,14.0,0,0,0,0,0,0,1,0,0.0,0,0,,0.0,0.0,,,0,0,0,0,0,0,1,0,0,0,0,18.0,1.29,67.0,50.0,74.6,5.0,6.0,3.0,3.0,21.4,1.0,1.0,0.0,0.0,94312,636fc976
233,Elias Baum,de GER,DF,Eintracht Frankfurt,de Bundesliga,20.0,2005.0,3,0,38,0.4,0,0,0,0,0,0,0,0,0.0,0,0,,0.0,0.0,,,0,0,3,0,0,0,0,0,0,2,0,,,,,,,,,,,,,,,1403018,
234,Oliver Baumann,de GER,GK,Hoffenheim,de Bundesliga,35.0,1990.0,26,26,2340,26.0,0,0,0,0,0,0,1,0,0.0,0,0,,0.0,0.0,,,0,0,0,0,0,5,1,0,0,0,0,34.0,1.31,106.0,76.0,71.7,15.0,5.0,6.0,6.0,23.1,5.0,4.0,0.0,1.0,40244,
235,Christoph Baumgartner,at AUT,MF,RB Leipzig,de Bundesliga,26.0,1999.0,25,24,2065,22.9,10,6,16,10,0,1,6,0,0.7,59,24,40.7,2.57,1.05,0.17,0.42,0,1,4,27,15,26,6,0,0,47,0,,,,,,,,,,,,,,,825956,437f2b00
236,Altay Bayındır,tr TUR,GK,Manchester Utd,eng Premier League,27.0,1998.0,6,6,540,6.0,0,0,0,0,0,0,0,0,0.0,0,0,,0.0,0.0,,,0,0,0,0,0,3,0,0,0,0,0,11.0,1.83,24.0,13.0,54.2,2.0,1.0,3.0,0.0,0.0,0.0,0.0,0.0,0.0,815890,072e68ed
237,Vakoun Bayo,ci CIV,FW,Udinese,it Serie A,29.0,1997.0,13,4,424,4.7,0,1,1,0,0,0,0,0,0.21,12,1,8.3,2.55,0.21,0.0,0.0,0,0,1,1,0,5,0,0,0,13,0,,,,,,,,,,,,,,,796455,132f161f
238,Ihlas Bebou,tg TOG,FW,MF,Hoffenheim,de Bundesliga,31.0,1994.0,15,0,183,2.0,0,0,0,0,0,0,1,0,0.0,5,2,40.0,2.46,0.98,0.0,0.0,0,0,1,1,3,2,1,0,0,5,0,,,,,,,,,,,,,,254297,a53b661f
239,Samu Becerra,es ESP,MF,Rayo Vallecano,es La Liga,20.0,2006.0,3,0,12,0.1,0,0,0,0,0,0,0,0,0.0,0,0,,0.0,0.0,,,0,0,2,0,0,0,0,0,0,1,0,,,,,,,,,,,,,,,2198232,
240,Adrian Beck,de GER,MF,Heidenheim,de Bundesliga,28.0,1997.0,19,8,769,8.5,1,0,1,1,0,0,0,0,0.12,10,4,40.0,1.17,0.47,0.1,0.25,0,0,9,15,3,13,0,0,0,11,0,,,,,,,,,,,,,,,845742,f76e6b4e
241,Sheraldo Becker,sr SUR,FW,MF,Osasuna,es La Liga,31.0,1995.0,9,0,158,1.8,0,0,0,0,0,0,0,0,0.0,3,0,0.0,1.71,0.0,0.0,,0,0,11,1,3,1,0,0,0,4,0,,,,,,,,,,,,,,352544,8eb55dbb
242,Sheraldo Becker,sr SUR,FW,Mainz 05,de Bundesliga,31.0,1995.0,6,3,331,3.7,1,1,2,1,0,0,1,0,0.54,8,4,50.0,2.18,1.09,0.13,0.25,0,0,16,0,1,0,1,0,0,6,0,,,,,,,,,,,,,,,352544,8eb55dbb
243,Donny van de Beek,nl NED,MF,Girona,es La Liga,28.0,1997.0,2,1,41,0.5,0,0,0,0,0,0,0,0,0.0,2,1,50.0,4.39,2.2,0.0,0.0,0,0,0,0,0,0,0,0,0,0,0,,,,,,,,,,,,,,,361790,50dc94ce
244,Tjaš Begić,si SVN,MF,Parma,it Serie A,22.0,2003.0,1,0,1,0.0,0,0,0,0,0,0,0,0,0.0,0,0,,0.0,0.0,,,0,0,0,0,0,0,0,0,0,0,0,,,,,,,,,,,,,,,1030200,
245,Hannes Behrens,de GER,MF,DF,Heidenheim,de Bundesliga,21.0,2005.0,8,7,640,7.1,0,2,2,0,0,0,0,0,0.28,3,1,33.3,0.42,0.14,0.0,0.0,0,0,28,10,7,15,0,0,0,3,1,,,,,,,,,,,,,,,
246,Maximilian Beier,de GER,MF,FW,Dortmund,de Bundesliga,23.0,2002.0,24,17,1437,16.0,8,4,12,8,0,0,2,0,0.75,39,17,43.6,2.44,1.06,0.21,0.47,0,0,15,9,5,15,2,0,0,18,0,,,,,,,,,,,,,,980628,
247,Ismael Bekhoucha,ma MAR,DF,Getafe,es La Liga,21.0,2004.0,4,1,122,1.4,0,1,1,0,0,0,2,0,0.74,1,0,0.0,0.74,0.0,0.0,,0,0,4,5,2,3,2,0,0,7,0,,,,,,,,,,,,,,,1895964,
248,Reda Belahyane,ma MAR,MF,Lazio,it Serie A,21.0,2004.0,12,4,519,5.8,0,1,1,0,0,0,1,1,0.17,1,1,100.0,0.17,0.17,0.0,0.0,0,0,1,5,2,3,1,1,0,11,0,,,,,,,,,,,,,,,1389689,705a1642
249,Rafik Belghali,dz ALG,MF,Hellas Verona,it Serie A,23.0,2002.0,17,13,1169,13.0,2,0,2,2,0,0,5,0,0.15,10,4,40.0,0.77,0.31,0.2,0.5,0,0,40,8,11,5,5,0,0,16,0,,,,,,,,,,,,,,,1103488,0abcb968
250,Haris Belkebla,dz ALG,MF,Angers,fr Ligue 1,32.0,1994.0,25,25,2176,24.2,0,0,0,0,0,0,7,0,0.0,4,0,0.0,0.17,0.0,0.0,,0,0,3,32,21,43,7,0,0,17,0,,,,,,,,,,,,,,,580642,2b1bed19
251,Yassin Belkhdim,fr FRA,MF,Angers,fr Ligue 1,24.0,2002.0,25,24,1957,21.7,2,2,4,2,0,0,4,0,0.18,28,12,42.9,1.29,0.55,0.07,0.17,0,0,37,39,29,26,4,0,0,26,0,,,,,,,,,,,,,,,1195241,
252,Stefan Bell,de GER,DF,Mainz 05,de Bundesliga,34.0,1991.0,18,13,1039,11.5,2,1,3,2,0,0,4,0,0.26,12,5,41.7,1.04,0.43,0.17,0.4,0,0,1,6,19,8,4,0,0,15,0,,,,,,,,,,,,,,,106662,4e4a7ef7
253,Armel Bella Kotchap,de GER,DF,Hellas Verona,it Serie A,24.0,2001.0,17,13,1264,14.0,0,0,0,0,0,0,3,0,0.0,3,0,0.0,0.21,0.0,0.0,,0,0,1,10,29,15,3,0,0,22,0,,,,,,,,,,,,,,,976025,a39d11bc
254,Raoul Bellanova,it ITA,MF,Atalanta,it Serie A,25.0,2000.0,18,12,1162,12.9,0,1,1,0,0,0,1,0,0.08,13,5,38.5,1.01,0.39,0.0,0.0,0,0,78,8,8,9,1,0,0,2,0,,,,,,,,,,,,,,,826185,e3756e72
255,Jean-Ricner Bellegarde,ht HAI,MF,FW,Wolves,eng Premier League,27.0,1998.0,22,13,1086,12.1,1,1,2,1,0,0,4,0,0.17,20,7,35.0,1.66,0.58,0.05,0.14,0,0,22,14,9,33,4,0,0,17,0,,,,,,,,,,,,,,845273,10f0fdd3
256,Héctor Bellerín,es ESP,DF,Real Betis,es La Liga,30.0,1995.0,17,13,1171,13.0,1,2,3,1,0,0,1,0,0.23,4,4,100.0,0.31,0.31,0.25,0.25,0,0,23,7,8,2,1,0,0,11,0,,,,,,,,,,,,,,,188365,f874dd44
257,Jobe Bellingham,eng ENG,MF,Dortmund,de Bundesliga,20.0,2005.0,24,12,1124,12.5,0,1,1,0,0,0,1,1,0.08,13,4,30.8,1.04,0.32,0.0,0.0,0,0,5,14,35,17,1,1,0,9,0,,,,,,,,,,,,,,,1134083,c88ff68d
258,Jude Bellingham,eng ENG,MF,Real Madrid,es La Liga,22.0,2003.0,18,15,1291,14.3,4,3,7,4,0,0,1,0,0.49,36,19,52.8,2.51,1.32,0.11,0.21,0,0,9,31,12,34,1,0,0,27,0,,,,,,,,,,,,,,,991011,57d88cf9
259,Jeanuël Belocian,fr FRA,DF,MF,Wolfsburg,de Bundesliga,21.0,2005.0,6,6,534,5.9,0,1,1,0,0,0,1,0,0.17,2,0,0.0,0.34,0.0,0.0,,0,0,3,7,6,4,1,0,0,10,0,,,,,,,,,,,,,,1173172,c678ddd7
260,Jeanuël Belocian,fr FRA,DF,Leverkusen,de Bundesliga,21.0,2005.0,8,3,292,3.2,0,0,0,0,0,0,0,0,0.0,1,0,0.0,0.31,0.0,0.0,,0,0,4,2,2,5,0,0,0,5,0,,,,,,,,,,,,,,,1173172,c678ddd7
261,Andrea Belotti,it ITA,FW,Cagliari,it Serie A,32.0,1993.0,3,3,188,2.1,2,0,2,1,1,1,0,0,0.48,6,4,66.7,2.87,1.91,0.17,0.25,1,1,1,0,3,7,0,0,0,3,0,,,,,,,,,,,,,,,220223,d705ba44
262,Fran Beltrán,es ESP,MF,Girona,es La Liga,27.0,1999.0,8,6,506,5.6,1,0,1,1,0,0,2,0,0.18,6,2,33.3,1.07,0.36,0.17,0.5,0,0,3,7,3,5,2,0,0,5,0,,,,,,,,,,,,,,,835484,ed5c5fa3
263,Fran Beltrán,es ESP,MF,Celta Vigo,es La Liga,27.0,1999.0,10,7,528,5.9,0,0,0,0,0,0,0,0,0.0,6,1,16.7,1.02,0.17,0.0,0.0,0,0,2,5,8,3,0,0,0,10,0,,,,,,,,,,,,,,,835484,ed5c5fa3
264,Lucas Beltrán,ar ARG,FW,Valencia,es La Liga,24.0,2001.0,22,13,1109,12.3,1,2,3,1,0,0,0,0,0.24,28,8,28.6,2.27,0.65,0.04,0.13,0,0,10,8,4,35,0,0,0,21,0,,,,,,,,,,,,,,,962029,
265,Eliesse Ben Seghir,ma MAR,MF,Monaco,fr Ligue 1,21.0,2005.0,2,0,45,0.5,0,0,0,0,0,0,0,0,0.0,1,0,0.0,2.0,0.0,0.0,,0,0,1,0,0,1,0,0,0,1,0,,,,,,,,,,,,,,,1394353,3bd65247
266,Eliesse Ben Seghir,ma MAR,MF,Leverkusen,de Bundesliga,21.0,2005.0,7,2,199,2.2,0,0,0,0,0,0,2,0,0.0,4,1,25.0,1.81,0.45,0.0,0.0,0,0,6,1,1,5,2,0,0,3,0,,,,,,,,,,,,,,,1394353,3bd65247
267,Carlos Benavídez,uy URU,DF,Alavés,es La Liga,27.0,1998.0,9,3,242,2.7,0,0,0,0,0,0,2,1,0.0,3,2,66.7,1.12,0.74,0.0,0.0,0,0,0,5,3,2,2,1,1,7,0,,,,,,,,,,,,,,,873717,9fb45456
268,Adrian Benedyczak,pl POL,FW,Parma,it Serie A,25.0,2000.0,14,5,490,5.4,1,1,2,0,1,1,1,0,0.18,8,3,37.5,1.47,0.55,0.0,0.0,1,1,10,6,1,6,1,0,0,9,0,,,,,,,,,,,,,,,928295,3f448184
269,Yassine Benhattab,fr FRA,MF,FW,Nantes,fr Ligue 1,23.0,2002.0,10,5,477,5.3,0,0,0,0,0,0,0,0,0.0,4,1,25.0,0.75,0.19,0.0,0.0,0,0,25,6,0,3,0,0,0,3,0,,,,,,,,,,,,,,1049528,
270,Walter Benítez,ar ARG,GK,Crystal Palace,eng Premier League,33.0,1993.0,1,1,90,1.0,0,0,0,0,0,0,0,0,0.0,0,0,,0.0,0.0,,,0,0,0,0,0,0,0,0,0,0,0,0.0,0.0,3.0,3.0,100.0,0.0,1.0,0.0,1.0,100.0,1.0,0.0,0.0,1.0,249859,8a2248b4
271,Iker Benito,es ESP,MF,Osasuna,es La Liga,23.0,2002.0,5,1,150,1.7,1,0,1,1,0,0,1,0,0.6,2,1,50.0,1.2,0.6,0.5,1.0,0,0,5,0,2,3,1,0,0,3,0,,,,,,,,,,,,,,,1086346,dc620005
272,Mohamed Benoit Dao,fr FRA,FW,Paris FC,fr Ligue 1,19.0,2007.0,1,0,2,0.0,0,0,0,0,0,0,0,0,0.0,0,0,,0.0,0.0,,,0,0,1,0,0,0,0,0,0,0,0,,,,,,,,,,,,,,,1823080,
273,Ramy Bensebaini,dz ALG,DF,Dortmund,de Bundesliga,30.0,1995.0,16,12,1166,13.0,2,0,2,2,0,0,5,0,0.15,10,4,40.0,0.77,0.31,0.2,0.5,0,0,7,10,11,11,5,0,0,26,0,,,,,,,,,,,,,,,577726,378825c7
274,Nabil Bentaleb,dz ALG,MF,Lille,fr Ligue 1,31.0,1994.0,21,9,927,10.3,2,2,4,1,1,1,3,0,0.29,16,5,31.3,1.55,0.49,0.06,0.2,1,1,16,4,7,15,3,0,0,9,0,,,,,,,,,,,,,,,368120,3189f61a
275,Rodrigo Bentancur,uy URU,MF,Tottenham Hotspur,eng Premier League,28.0,1997.0,20,17,1410,15.7,1,1,2,1,0,0,5,0,0.13,9,2,22.2,0.57,0.13,0.11,0.5,0,0,7,21,24,3,5,0,0,15,0,,,,,,,,,,,,,,,791190,3b8674e6
276,Lucas Beraldo,br BRA,DF,Paris Saint-Germain,fr Ligue 1,22.0,2003.0,11,10,823,9.1,1,0,1,1,0,0,1,0,0.11,3,1,33.3,0.33,0.11,0.33,1.0,0,0,0,7,8,2,1,0,0,12,0,,,,,,,,,,,,,,,1108441,b8aedf06
277,Domenico Berardi,it ITA,FW,Sassuolo,it Serie A,31.0,1994.0,19,18,1488,16.5,7,3,10,5,2,3,2,0,0.48,29,15,51.7,1.75,0.91,0.17,0.33,2,3,44,17,17,30,2,0,0,25,0,,,,,,,,,,,,,,,253367,53a0e358
278,Yuri Berchiche,es ESP,DF,Athletic Club,es La Liga,36.0,1990.0,24,23,2023,22.5,0,3,3,0,0,0,3,0,0.13,15,3,20.0,0.67,0.13,0.0,0.0,0,0,45,22,28,28,3,0,0,19,0,,,,,,,,,,,,,,,84531,b6e50615
279,Álex Berenguer,es ESP,MF,Athletic Club,es La Liga,30.0,1995.0,23,20,1672,18.6,2,3,5,2,0,0,4,0,0.27,34,18,52.9,1.83,0.97,0.06,0.11,0,0,160,12,10,35,4,0,0,19,1,,,,,,,,,,,,,,,592012,
280,Sander Berge,no NOR,MF,Fulham,eng Premier League,28.0,1998.0,30,29,2500,27.8,0,1,1,0,0,0,5,0,0.04,9,3,33.3,0.32,0.11,0.0,0.0,0,0,12,36,20,10,5,0,0,30,1,,,,,,,,,,,,,,,793167,d0b6129f
281,Lucas Bergström,fi FIN,GK,Mallorca,es La Liga,23.0,2002.0,5,5,450,5.0,0,0,0,0,0,0,1,0,0.0,0,0,,0.0,0.0,,,0,0,0,0,0,0,1,0,0,0,0,7.0,1.4,22.0,15.0,68.2,1.0,2.0,2.0,2.0,40.0,0.0,0.0,0.0,0.0,996903,b59c2a92
282,Lucas Bergvall,se SWE,MF,Tottenham Hotspur,eng Premier League,20.0,2006.0,17,10,805,8.9,1,2,3,1,0,0,2,0,0.34,10,5,50.0,1.12,0.56,0.1,0.2,0,0,17,12,2,5,2,0,0,18,0,,,,,,,,,,,,,,,1391251,b5cf91dc
283,Medon Berisha,al ALB,MF,Lecce,it Serie A,22.0,2003.0,13,12,871,9.7,2,3,5,2,0,0,0,0,0.52,24,5,20.8,2.48,0.52,0.08,0.4,0,0,58,12,5,10,0,0,0,11,0,,,,,,,,,,,,,,,1142149,
284,Anthony Bermont,fr FRA,FW,Lens,fr Ligue 1,21.0,2005.0,9,0,92,1.0,0,0,0,0,0,0,0,0,0.0,3,1,33.3,2.93,0.98,0.0,0.0,0,0,11,0,3,0,0,0,0,2,0,,,,,,,,,,,,,,,1545297,
285,Adrian Bernabe,es ESP,MF,Parma,it Serie A,24.0,2001.0,27,26,2109,23.4,3,1,4,3,0,0,0,0,0.17,46,11,23.9,1.96,0.47,0.07,0.27,0,0,79,20,13,48,0,0,0,13,0,,,,,,,,,,,,,,,934384,548672b4
286,Marc Bernal,es ESP,MF,Barcelona,es La Liga,18.0,2007.0,15,5,449,5.0,2,1,3,2,0,0,3,0,0.6,5,2,40.0,1.0,0.4,0.4,1.0,0,0,1,9,6,6,3,0,0,10,0,,,,,,,,,,,,,,,1526618,f60588ab
287,Gabin Bernardeau,fr FRA,MF,Nice,fr Ligue 1,20.0,2006.0,4,1,95,1.1,0,0,0,0,0,0,0,0,0.0,3,1,33.3,2.84,0.95,0.0,0.0,0,0,5,4,0,3,0,0,0,1,0,,,,,,,,,,,,,,,1893993,f6b7e187
288,Federico Bernardeschi,it ITA,MF,FW,Bologna,it Serie A,32.0,1994.0,21,6,759,8.4,2,1,3,1,1,1,2,0,0.24,23,8,34.8,2.73,0.95,0.04,0.13,1,1,36,5,3,10,2,0,0,11,0,,,,,,,,,,,,,,294597,ee93c1a9
289,Bernardo,br BRA,DF,Hoffenheim,de Bundesliga,30.0,1995.0,21,20,1773,19.7,0,0,0,0,0,0,6,0,0.0,7,0,0.0,0.36,0.0,0.0,,0,0,14,33,29,9,6,0,0,34,0,,,,,,,,,,,,,,,828571,ab4b3e35
290,Lorenzo Bernasconi,it ITA,MF,Atalanta,it Serie A,22.0,2003.0,19,14,1265,14.1,0,3,3,0,0,0,3,0,0.21,9,1,11.1,0.64,0.07,0.0,0.0,0,0,95,15,10,4,3,0,0,8,0,,,,,,,,,,,,,,,1012177,
291,Antoine Bernede,fr FRA,MF,Hellas Verona,it Serie A,26.0,1999.0,24,22,1801,20.0,1,2,3,1,0,0,1,0,0.15,16,3,18.8,0.8,0.15,0.06,0.33,0,0,21,31,12,16,1,0,0,46,0,,,,,,,,,,,,,,,837080,07a821e4
292,Nicolò Bertola,it ITA,DF,MF,Udinese,it Serie A,22.0,2003.0,23,18,1640,18.2,0,1,1,0,0,0,3,0,0.05,12,4,33.3,0.66,0.22,0.0,0.0,0,0,8,20,21,11,3,0,0,17,0,,,,,,,,,,,,,,1136399,
293,Jan-Niklas Beste,de GER,MF,Freiburg,de Bundesliga,27.0,1999.0,20,15,1301,14.5,1,2,3,1,0,0,5,0,0.21,20,11,55.0,1.38,0.76,0.05,0.09,0,0,87,16,14,26,5,0,0,13,0,,,,,,,,,,,,,,,836711,
294,Beto,gw GNB,FW,Everton,eng Premier League,28.0,1998.0,30,11,1132,12.6,4,0,4,4,0,0,2,0,0.32,29,10,34.5,2.31,0.8,0.14,0.4,0,0,2,4,1,11,2,0,0,26,0,,,,,,,,,,,,,,,987489,c9837c1b
295,Sam Beukema,nl NED,DF,Napoli,it Serie A,27.0,1998.0,17,14,1232,13.7,2,0,2,2,0,0,2,0,0.15,6,3,50.0,0.44,0.22,0.33,0.67,0,0,5,14,11,4,2,0,0,14,0,,,,,,,,,,,,,,,898815,de13cee5
296,Matteo Bianchetti,it ITA,DF,Cremonese,it Serie A,33.0,1993.0,21,20,1674,18.6,0,2,2,0,0,0,3,0,0.11,6,1,16.7,0.32,0.05,0.0,0.0,0,0,6,25,11,13,3,0,0,22,0,,,,,,,,,,,,,,,158037,b3a20f18
297,Mika Biereth,dk DEN,FW,Monaco,fr Ligue 1,23.0,2003.0,24,12,1004,11.2,2,2,4,2,0,0,0,0,0.36,19,7,36.8,1.7,0.63,0.11,0.29,0,0,9,7,0,14,0,0,0,16,0,,,,,,,,,,,,,,,1083007,a1d95db3
298,Pedro Bigas,es ESP,DF,Elche,es La Liga,35.0,1990.0,20,18,1476,16.4,0,2,2,0,0,0,3,0,0.12,7,1,14.3,0.43,0.06,0.0,0.0,0,0,20,15,24,16,3,0,0,16,0,,,,,,,,,,,,,,,141832,697295b1
299,Justin Bijlow,nl NED,GK,Genoa,it Serie A,28.0,1998.0,8,8,720,8.0,0,0,0,0,0,0,0,0,0.0,0,0,,0.0,0.0,,,0,0,0,0,0,1,0,0,0,0,0,11.0,1.37,28.0,21.0,75.0,4.0,1.0,3.0,3.0,37.5,4.0,4.0,0.0,0.0,556696,53d93280
300,Jaka Bijol,si SVN,DF,Leeds United,eng Premier League,27.0,1999.0,17,13,1218,13.5,1,1,2,1,0,0,3,0,0.15,12,6,50.0,0.89,0.44,0.08,0.17,0,0,1,11,16,7,3,0,0,15,0,,,,,,,,,,,,,,,886930,6fdac234
301,Cristiano Biraghi,it ITA,MF,DF,Torino,it Serie A,33.0,1992.0,11,5,469,5.2,0,0,0,0,0,0,0,0,0.0,2,0,0.0,0.38,0.0,0.0,,0,0,38,7,2,6,0,0,0,7,0,,,,,,,,,,,,,,122848,9e1577aa
302,Veljko Birmančević,rs SRB,FW,MF,Getafe,es La Liga,28.0,1998.0,2,0,60,0.7,0,0,0,0,0,0,0,0,0.0,1,0,0.0,1.5,0.0,0.0,,0,0,1,0,1,1,0,0,0,1,0,,,,,,,,,,,,,,831510,636247ca
303,Tom Bischof,de GER,DF,MF,Bayern Munich,de Bundesliga,20.0,2005.0,21,10,912,10.1,0,3,3,0,0,0,2,0,0.3,21,3,14.3,2.07,0.3,0.0,0.0,0,0,22,12,9,6,2,0,0,10,0,,,,,,,,,,,,,,1129935,
304,Yves Bissouma,ml MLI,MF,Tottenham Hotspur,eng Premier League,29.0,1996.0,8,5,462,5.1,0,0,0,0,0,0,3,0,0.0,5,2,40.0,0.97,0.39,0.0,0.0,0,0,1,11,8,5,3,0,0,4,0,,,,,,,,,,,,,,,844842,6c203af0
305,Leonardo Bittencourt,de GER,MF,Werder Bremen,de Bundesliga,32.0,1993.0,12,2,343,3.8,0,1,1,0,0,0,3,0,0.26,4,0,0.0,1.05,0.0,0.0,,0,0,2,4,5,6,3,0,0,5,0,,,,,,,,,,,,,,,111969,
306,Emmanuel Biumla,fr FRA,DF,Angers,fr Ligue 1,20.0,2005.0,5,2,234,2.6,0,0,0,0,0,0,0,0,0.0,0,0,,0.0,0.0,,,0,0,0,3,2,4,0,0,0,2,0,,,,,,,,,,,,,,,1442036,02170777
307,Marco Bizot,nl NED,GK,Aston Villa,eng Premier League,35.0,1991.0,5,4,405,4.5,0,0,0,0,0,0,2,0,0.0,0,0,,0.0,0.0,,,0,0,0,0,0,1,2,0,0,1,0,8.0,1.78,20.0,13.0,65.0,2.0,1.0,1.0,2.0,50.0,1.0,1.0,0.0,0.0,100390,3d214e5f
308,Antonio Blanco,es ESP,MF,Alavés,es La Liga,25.0,2000.0,26,26,2226,24.7,1,1,2,1,0,0,6,0,0.08,29,11,37.9,1.17,0.44,0.03,0.09,0,0,24,42,42,27,6,0,0,51,0,,,,,,,,,,,,,,,855832,2663e150
309,Ludovic Blas,fr FRA,MF,FW,Rennes,fr Ligue 1,28.0,1997.0,24,8,981,10.9,4,3,7,2,2,2,0,0,0.46,30,10,33.3,2.75,0.92,0.07,0.2,2,2,52,5,8,21,0,0,0,15,0,,,,,,,,,,,,,,806076,6191093d
310,Janis Blaswich,de GER,GK,Leverkusen,de Bundesliga,34.0,1991.0,10,9,841,9.3,0,0,0,0,0,0,0,0,0.0,0,0,,0.0,0.0,,,0,0,0,0,0,0,0,0,0,0,0,8.0,0.86,41.0,33.0,80.5,4.0,4.0,1.0,3.0,33.3,0.0,0.0,0.0,0.0,96832,
311,Daley Blind,nl NED,DF,Girona,es La Liga,36.0,1990.0,26,25,2212,24.6,0,0,0,0,0,0,1,0,0.0,3,1,33.3,0.12,0.04,0.0,0.0,0,0,11,30,34,11,1,0,0,13,0,,,,,,,,,,,,,,,44864,691bef82
312,Adam Boayar,ma MAR,MF,Elche,es La Liga,20.0,2005.0,7,0,104,1.2,1,0,1,1,0,0,0,0,0.87,5,2,40.0,4.33,1.73,0.2,0.5,0,0,2,2,1,1,0,0,0,0,0,,,,,,,,,,,,,,,1518971,
313,Oscar Bobb,no NOR,MF,FW,Manchester City,eng Premier League,22.0,2003.0,9,5,468,5.2,0,1,1,0,0,0,1,0,0.19,4,0,0.0,0.77,0.0,0.0,,0,0,5,5,3,9,1,0,0,5,0,,,,,,,,,,,,,,1065216,eed2427e
314,Oscar Bobb,no NOR,MF,Fulham,eng Premier League,22.0,2003.0,6,2,236,2.6,0,0,0,0,0,0,0,0,0.0,2,0,0.0,0.76,0.0,0.0,,0,0,3,2,4,1,0,0,0,3,0,,,,,,,,,,,,,,,1065216,eed2427e
315,Ben Bobzien,de GER,FW,Mainz 05,de Bundesliga,22.0,2003.0,1,0,9,0.1,0,0,0,0,0,0,0,0,0.0,0,0,,0.0,0.0,,,0,0,1,2,0,0,0,0,0,0,0,,,,,,,,,,,,,,,1134525,
316,Arnaud Bodart,be BEL,GK,Lille,fr Ligue 1,28.0,1998.0,2,2,180,2.0,0,0,0,0,0,0,0,0,0.0,0,0,,0.0,0.0,,,0,0,0,0,0,0,0,0,0,1,0,3.0,1.5,5.0,3.0,60.0,0.0,0.0,2.0,0.0,0.0,1.0,1.0,0.0,0.0,878898,79c536d7
317,Sacha Boey,fr FRA,DF,Bayern Munich,de Bundesliga,25.0,2000.0,9,5,463,5.1,0,0,0,0,0,0,1,0,0.0,6,0,0.0,1.17,0.0,0.0,,0,0,6,4,7,8,1,0,0,10,0,,,,,,,,,,,,,,,980418,6c8ddd52
318,Jeremie Boga,ci CIV,MF,FW,Nice,fr Ligue 1,29.0,1997.0,14,7,646,7.2,2,2,4,2,0,0,0,0,0.56,15,5,33.3,2.09,0.7,0.13,0.4,0,0,12,5,3,11,0,0,0,2,0,,,,,,,,,,,,,,367056,fe012aca
319,Jeremie Boga,ci CIV,MF,Juventus,it Serie A,29.0,1997.0,6,1,200,2.2,3,0,3,3,0,0,0,0,1.35,11,6,54.5,4.95,2.7,0.27,0.5,0,0,11,2,1,3,0,0,0,1,0,,,,,,,,,,,,,,,367056,fe012aca
320,Lamare Bogarde,nl NED,MF,DF,Aston Villa,eng Premier League,22.0,2004.0,24,8,807,9.0,0,0,0,0,0,0,5,0,0.0,0,0,,0.0,0.0,,,0,0,2,14,3,17,5,0,0,14,0,,,,,,,,,,,,,,1089388,bbd40152
321,Jayden Bogle,eng ENG,DF,MF,Leeds United,eng Premier League,25.0,2000.0,28,26,2312,25.7,1,1,2,1,0,0,5,0,0.08,15,4,26.7,0.58,0.16,0.07,0.25,0,0,52,34,25,23,5,0,0,31,0,,,,,,,,,,,,,,929132,ae5019e6
322,Dmytro Bohdanov,ua UKR,MF,Union Berlin,de Bundesliga,19.0,2007.0,1,0,1,0.0,0,0,0,0,0,0,0,0,0.0,0,0,,0.0,0.0,,,0,0,0,0,0,0,0,0,0,0,0,,,,,,,,,,,,,,,,
323,Adama Boiro,es ESP,DF,Athletic Club,es La Liga,23.0,2002.0,9,6,595,6.6,0,0,0,0,0,0,1,0,0.0,1,0,0.0,0.15,0.0,0.0,,0,0,15,7,14,7,1,0,0,4,0,,,,,,,,,,,,,,,1398511,
324,Morgan Bokelé Mputu,cm CMR,MF,Metz,fr Ligue 1,22.0,2004.0,10,1,227,2.5,0,0,0,0,0,0,0,0,0.0,3,1,33.3,1.19,0.4,0.0,0.0,0,0,5,4,1,8,0,0,0,2,0,,,,,,,,,,,,,,,1394735,
325,Hugo Bolin,se SWE,MF,Gladbach,de Bundesliga,22.0,2003.0,6,3,275,3.1,0,0,0,0,0,0,0,0,0.0,4,0,0.0,1.31,0.0,0.0,,0,0,8,0,1,7,0,0,0,1,0,,,,,,,,,,,,,,,1142210,
326,Daniel Boloca,ro ROU,MF,Sassuolo,it Serie A,27.0,1998.0,2,2,135,1.5,0,0,0,0,0,0,0,0,0.0,2,0,0.0,1.33,0.0,0.0,,0,0,1,2,2,1,0,0,0,0,0,,,,,,,,,,,,,,,882592,85f7ed25
327,Moïse Bombito,ca CAN,DF,Nice,fr Ligue 1,25.0,2000.0,2,2,145,1.6,0,0,0,0,0,0,1,0,0.0,0,0,,0.0,0.0,,,0,0,0,1,2,1,1,0,0,3,0,,,,,,,,,,,,,,,1469180,c2f23fc8
328,Federico Bonazzoli,it ITA,FW,Cremonese,it Serie A,28.0,1997.0,26,22,1761,19.6,6,1,7,5,1,1,3,0,0.31,51,18,35.3,2.61,0.92,0.1,0.28,1,1,18,9,9,51,3,0,0,17,0,,,,,,,,,,,,,,,284363,bf57eaab
329,Warren Bondo,fr FRA,MF,Cremonese,it Serie A,22.0,2003.0,22,19,1475,16.4,0,0,0,0,0,0,5,0,0.0,5,0,0.0,0.31,0.0,0.0,,0,0,2,13,9,28,5,0,0,33,0,,,,,,,,,,,,,,,1000366,0def2376
330,Giovanni Bonfanti,it ITA,DF,MF,Pisa,it Serie A,23.0,2003.0,9,6,494,5.5,0,0,0,0,0,0,1,0,0.0,6,1,16.7,1.09,0.18,0.0,0.0,0,0,12,6,7,3,1,0,0,10,0,,,,,,,,,,,,,,1183625,b5cf91dc
331,Victor Boniface,ng NGA,FW,Werder Bremen,de Bundesliga,25.0,2000.0,11,2,333,3.7,0,2,2,0,0,0,1,0,0.54,16,6,37.5,4.32,1.62,0.0,0.0,0,0,2,1,0,6,1,0,0,1,0,,,,,,,,,,,,,,,978521,b146275b
332,Rahim Bonkano,ne NIG,DF,Oviedo,es La Liga,24.0,2002.0,19,15,1414,15.7,0,0,0,0,0,0,1,0,0.0,2,0,0.0,0.13,0.0,0.0,,0,0,56,15,20,6,1,0,0,7,0,,,,,,,,,,,,,,,,
333,Ange-Yoan Bonny,fr FRA,FW,Inter,it Serie A,22.0,2003.0,24,8,786,8.7,5,3,8,5,0,0,0,0,0.92,19,8,42.1,2.18,0.92,0.26,0.63,0,0,1,6,1,17,0,0,0,14,0,,,,,,,,,,,,,,,1086223,
334,Thiago Borbas,uy URU,FW,Oviedo,es La Liga,23.0,2002.0,5,0,49,0.5,0,0,0,0,0,0,1,0,0.0,3,1,33.3,5.51,1.84,0.0,0.0,0,0,0,0,0,2,1,0,0,2,0,,,,,,,,,,,,,,,1018547,04f9c45f
335,Sebastiaan Bornauw,be BEL,DF,Leeds United,eng Premier League,26.0,1999.0,9,4,304,3.4,0,0,0,0,0,0,1,0,0.0,0,0,,0.0,0.0,,,0,0,1,2,5,0,1,0,0,5,0,,,,,,,,,,,,,,,826167,01834aa0
336,Gennaro Borrelli,it ITA,FW,Cagliari,it Serie A,26.0,2000.0,22,10,1038,11.5,3,1,4,3,0,0,3,0,0.35,22,6,27.3,1.91,0.52,0.14,0.5,0,0,2,6,3,41,3,0,0,40,0,,,,,,,,,,,,,,,979479,04c4edc1
337,Olivier Boscagli,fr FRA,DF,Brighton,eng Premier League,28.0,1997.0,8,5,442,4.9,0,1,1,0,0,0,2,0,0.2,1,0,0.0,0.2,0.0,0.0,,0,0,11,5,7,5,2,0,0,7,0,,,,,,,,,,,,,,,788784,403f5d20
338,Sebastián Boselli,uy URU,DF,Getafe,es La Liga,22.0,2003.0,5,1,124,1.4,0,0,0,0,0,0,0,0,0.0,2,1,50.0,1.45,0.73,0.0,0.0,0,0,1,5,0,0,0,0,0,1,0,,,,,,,,,,,,,,,1392092,
339,Sven Botman,nl NED,DF,Newcastle United,eng Premier League,26.0,2000.0,17,13,1152,12.8,1,1,2,1,0,0,1,0,0.16,8,4,50.0,0.62,0.31,0.13,0.25,0,0,2,9,8,8,1,0,0,8,1,,,,,,,,,,,,,,,910046,ccce7025
340,Ayyoub Bouaddi,fr FRA,MF,Lille,fr Ligue 1,18.0,2007.0,23,21,1756,19.5,0,1,1,0,0,0,5,1,0.05,14,4,28.6,0.72,0.21,0.0,0.0,0,0,14,32,22,18,5,1,0,30,0,,,,,,,,,,,,,,,1564180,8006228f
341,Badredine Bouanani,dz ALG,MF,Nice,fr Ligue 1,21.0,2004.0,2,1,93,1.0,0,0,0,0,0,0,0,0,0.0,1,0,0.0,0.97,0.0,0.0,,0,0,5,0,1,2,0,0,0,0,0,,,,,,,,,,,,,,,1153265,0400dd2f
342,Badredine Bouanani,dz ALG,MF,Stuttgart,de Bundesliga,21.0,2004.0,12,5,444,4.9,0,0,0,0,0,0,1,0,0.0,13,2,15.4,2.64,0.41,0.0,0.0,0,0,19,3,4,6,1,0,0,1,0,,,,,,,,,,,,,,,1153265,0400dd2f
343,Kaïl Boudache,fr FRA,FW,Nice,fr Ligue 1,19.0,2006.0,7,1,354,3.9,1,0,1,1,0,0,1,0,0.25,9,2,22.2,2.29,0.51,0.11,0.5,0,0,7,6,5,4,1,0,0,2,0,,,,,,,,,,,,,,,1518669,
344,Hicham Boudaoui,dz ALG,MF,Nice,fr Ligue 1,26.0,1999.0,18,12,1110,12.3,1,2,3,1,0,0,4,0,0.24,19,8,42.1,1.54,0.65,0.05,0.13,0,0,14,10,13,24,4,0,0,12,0,,,,,,,,,,,,,,,985923,f9d5908e
345,Sofiane Boufal,ma MAR,FW,MF,Le Havre,fr Ligue 1,32.0,1993.0,9,7,544,6.0,0,2,2,0,0,0,1,0,0.33,8,2,25.0,1.32,0.33,0.0,0.0,0,0,36,8,2,16,1,0,0,11,0,,,,,,,,,,,,,,257205,b0c71810
346,Justin Bourgault,fr FRA,FW,Brest,fr Ligue 1,20.0,2005.0,1,0,16,0.2,0,0,0,0,0,0,0,0,0.0,1,0,0.0,5.63,0.0,0.0,,0,0,0,0,1,0,0,0,0,0,0,,,,,,,,,,,,,,,1891025,
347,Jarrod Bowen,eng ENG,MF,FW,West Ham United,eng Premier League,29.0,1996.0,30,30,2687,29.9,8,6,14,7,1,1,4,0,0.44,65,23,35.4,2.18,0.77,0.11,0.3,1,1,100,21,19,45,4,0,0,17,0,,,,,,,,,,,,,,552884,79c84d1c
348,Kieron Bowie,sct SCO,FW,Hellas Verona,it Serie A,23.0,2002.0,6,6,493,5.5,1,0,1,1,0,0,1,0,0.18,10,2,20.0,1.83,0.37,0.1,0.5,0,0,4,1,0,12,1,0,0,14,0,,,,,,,,,,,,,,,983601,
349,Lucas Boyé,ar ARG,FW,Alavés,es La Liga,30.0,1996.0,22,18,1712,19.0,9,1,10,7,2,2,4,1,0.42,54,18,33.3,2.84,0.95,0.13,0.39,2,2,9,24,7,31,4,1,1,51,0,,,,,,,,,,,,,,,814385,d49f3e6b
350,Enzo Boyomo,cm CMR,DF,Osasuna,es La Liga,24.0,2001.0,21,20,1732,19.2,1,1,2,1,0,0,4,0,0.1,4,1,25.0,0.21,0.05,0.25,1.0,0,0,7,27,11,3,4,0,0,24,0,,,,,,,,,,,,,,,1067582,
351,Rosen Bozhinov,bg BUL,DF,Pisa,it Serie A,21.0,2005.0,5,4,339,3.8,0,0,0,0,0,0,1,0,0.0,1,1,100.0,0.27,0.27,0.0,0.0,0,0,1,2,8,1,1,0,0,8,0,,,,,,,,,,,,,,,1152943,
352,Domagoj Bradarić,hr CRO,MF,Hellas Verona,it Serie A,26.0,1999.0,23,21,1784,19.8,0,0,0,0,0,0,2,0,0.0,9,5,55.6,0.45,0.25,0.0,0.0,0,0,84,18,9,9,2,0,0,8,0,,,,,,,,,,,,,,,897594,8bbe2df5
353,Conor Bradley,nir NIR,DF,Liverpool,eng Premier League,22.0,2003.0,15,12,929,10.3,0,1,1,0,0,0,5,0,0.1,6,0,0.0,0.58,0.0,0.0,,0,0,23,15,12,20,5,0,0,18,0,,,,,,,,,,,,,,,1008402,bbd67769
354,Bilal Brahimi,dz ALG,FW,MF,Nice,fr Ligue 1,26.0,2000.0,1,0,1,0.0,0,0,0,0,0,0,0,0,0.0,0,0,,0.0,0.0,,,0,0,2,0,0,0,0,0,0,0,0,,,,,,,,,,,,,,1131059,
355,Julian Brandt,de GER,MF,FW,Dortmund,de Bundesliga,29.0,1996.0,21,13,1216,13.5,6,3,9,6,0,0,0,0,0.67,26,15,57.7,1.92,1.11,0.23,0.4,0,0,18,6,4,5,0,0,0,6,0,,,,,,,,,,,,,,226978,a167537f
356,Jarrad Branthwaite,eng ENG,DF,Everton,eng Premier League,23.0,2002.0,7,5,491,5.5,1,0,1,1,0,0,1,0,0.18,5,2,40.0,0.92,0.37,0.2,0.5,0,0,3,5,8,1,1,0,0,3,0,,,,,,,,,,,,,,,979563,c1949191
357,Lilian Brassier,fr FRA,DF,Rennes,fr Ligue 1,26.0,1999.0,21,19,1710,19.0,0,1,1,0,0,0,1,0,0.05,6,0,0.0,0.32,0.0,0.0,,0,0,23,11,31,16,1,0,0,21,0,,,,,,,,,,,,,,,988907,5b146df3
358,Iker Bravo,es ESP,FW,Udinese,it Serie A,21.0,2005.0,8,3,206,2.3,1,0,1,1,0,0,1,0,0.44,4,1,25.0,1.75,0.44,0.25,1.0,0,0,4,1,0,1,1,0,0,3,0,,,,,,,,,,,,,,,1155571,
359,Josip Brekalo,hr CRO,MF,FW,Oviedo,es La Liga,27.0,1998.0,14,6,486,5.4,0,0,0,0,0,0,1,0,0.0,9,3,33.3,1.67,0.56,0.0,0.0,0,0,26,7,2,6,1,0,0,7,0,,,,,,,,,,,,,,357598,d4a2533d
360,Gleison Bremer,br BRA,DF,Juventus,it Serie A,28.0,1997.0,18,17,1451,16.1,3,3,6,3,0,0,2,0,0.37,11,5,45.5,0.68,0.31,0.27,0.6,0,0,1,11,18,8,2,0,0,14,0,,,,,,,,,,,,,,,885197,5fd5ed86
361,Marco Brescianini,it ITA,MF,Fiorentina,it Serie A,26.0,2000.0,10,6,538,6.0,1,0,1,1,0,0,0,0,0.17,9,2,22.2,1.51,0.33,0.11,0.5,0,0,9,2,1,8,0,0,0,6,0,,,,,,,,,,,,,,,928800,dfd56738
362,Marco Brescianini,it ITA,MF,Atalanta,it Serie A,26.0,2000.0,9,0,182,2.0,1,0,1,1,0,0,1,0,0.49,3,2,66.7,1.48,0.99,0.33,0.5,0,0,6,8,2,2,1,0,0,4,0,,,,,,,,,,,,,,,928800,dfd56738
363,Abel Bretones,es ESP,MF,DF,Osasuna,es La Liga,25.0,2000.0,21,15,1409,15.7,1,0,1,1,0,0,5,1,0.06,11,3,27.3,0.7,0.19,0.09,0.33,0,0,24,11,13,17,5,1,0,14,0,,,,,,,,,,,,,,1010165,
364,Sascha Britschgi,ch SUI,MF,DF,Parma,it Serie A,19.0,2006.0,24,19,1813,20.1,0,2,2,0,0,0,4,0,0.1,13,3,23.1,0.65,0.15,0.0,0.0,0,0,44,17,7,20,4,0,0,15,0,,,,,,,,,,,,,,1963449,
365,Brian Brobbey,nl NED,FW,Sunderland,eng Premier League,24.0,2002.0,23,14,1279,14.2,5,1,6,5,0,0,3,0,0.42,21,10,47.6,1.48,0.7,0.24,0.5,0,0,1,1,0,25,3,0,0,16,0,,,,,,,,,,,,,,,910048,4c184730
366,Marius Broholm,no NOR,MF,Lille,fr Ligue 1,21.0,2004.0,11,3,279,3.1,1,1,2,0,1,1,0,0,0.32,4,3,75.0,1.29,0.97,0.0,0.0,1,1,14,6,2,8,0,0,0,4,0,,,,,,,,,,,,,,,1130111,
367,Armando Broja,al ALB,FW,Burnley,eng Premier League,24.0,2001.0,20,8,819,9.1,1,1,2,1,0,0,0,0,0.22,16,6,37.5,1.76,0.66,0.06,0.17,0,0,2,3,3,14,0,0,0,12,0,,,,,,,,,,,,,,,996985,97220da2
368,David Brooks,wls WAL,MF,Bournemouth,eng Premier League,28.0,1997.0,24,12,1033,11.5,1,2,3,1,0,0,7,0,0.26,42,12,28.6,3.66,1.05,0.02,0.08,0,0,52,9,3,12,7,0,0,11,0,,,,,,,,,,,,,,,855731,dc4cae05
369,Nathaniel Brown,de GER,MF,DF,Eintracht Frankfurt,de Bundesliga,22.0,2003.0,25,21,1981,22.0,3,4,7,3,0,0,3,0,0.32,16,8,50.0,0.73,0.36,0.19,0.38,0,0,34,44,20,23,3,0,0,20,0,,,,,,,,,,,,,,1159759,abc79c47
370,Brugui,es ESP,MF,FW,Levante,es La Liga,29.0,1996.0,15,10,896,10.0,0,1,1,0,0,0,1,0,0.1,18,5,27.8,1.81,0.5,0.0,0.0,0,0,10,5,3,8,1,0,0,11,0,,,,,,,,,,,,,,,
371,Paris Brunner,de GER,FW,Monaco,fr Ligue 1,20.0,2006.0,6,1,117,1.3,0,0,0,0,0,0,1,0,0.0,2,0,0.0,1.54,0.0,0.0,,0,0,1,2,1,1,1,0,0,8,0,,,,,,,,,,,,,,,1403216,a33ee121
372,Jacob Bruun Larsen,dk DEN,MF,FW,Burnley,eng Premier League,27.0,1998.0,23,10,972,10.8,0,1,1,0,0,0,0,0,0.09,16,4,25.0,1.48,0.37,0.0,0.0,0,0,39,3,6,0,0,0,0,1,0,,,,,,,,,,,,,,809276,4e204552
373,Tajon Buchanan,ca CAN,MF,Villarreal,es La Liga,27.0,1999.0,26,17,1506,16.7,6,1,7,6,0,0,7,0,0.42,22,9,40.9,1.31,0.54,0.27,0.67,0,0,26,17,21,33,7,0,0,17,0,,,,,,,,,,,,,,,973290,3aca6420
374,Ante Budimir,hr CRO,FW,Osasuna,es La Liga,34.0,1991.0,27,25,2112,23.5,13,0,13,9,4,5,1,0,0.38,71,26,36.6,3.03,1.11,0.13,0.35,4,5,3,12,3,31,1,0,0,38,0,,,,,,,,,,,,,,,37318,8f3565b3
375,Emi Buendía,ar ARG,MF,Aston Villa,eng Premier League,29.0,1996.0,28,18,1437,16.0,5,2,7,5,0,0,6,0,0.44,40,9,22.5,2.51,0.56,0.13,0.56,0,0,7,19,8,32,6,0,0,34,0,,,,,,,,,,,,,,,783126,66b76d44
376,Hugo Bueno,es ESP,MF,DF,Wolves,eng Premier League,23.0,2002.0,28,21,1952,21.7,1,1,2,1,0,0,1,0,0.09,10,5,50.0,0.46,0.23,0.1,0.2,0,0,140,29,29,20,1,0,0,14,0,,,,,,,,,,,,,,1013928,bfc3b3a0
377,Manu Bueno,es ESP,MF,Sevilla,es La Liga,21.0,2004.0,5,0,94,1.0,0,0,0,0,0,0,0,0,0.0,1,0,0.0,0.96,0.0,0.0,,0,0,1,1,0,1,0,0,0,1,0,,,,,,,,,,,,,,,1142094,02170777
378,Santiago Bueno,uy URU,DF,Wolves,eng Premier League,27.0,1998.0,22,21,1923,21.4,2,1,3,2,0,0,4,0,0.14,6,5,83.3,0.28,0.23,0.33,0.4,0,0,5,22,20,9,4,0,0,21,0,,,,,,,,,,,,,,,846308,edc98fac
379,Louis Buffon,cz CZE,FW,Pisa,it Serie A,18.0,2007.0,4,0,32,0.4,0,0,0,0,0,0,0,0,0.0,0,0,,0.0,0.0,,,0,0,0,0,0,1,0,0,0,1,0,,,,,,,,,,,,,,,1819178,
380,Adam Buksa,pl POL,FW,Udinese,it Serie A,29.0,1996.0,19,3,627,7.0,2,0,2,2,0,0,2,0,0.29,9,4,44.4,1.29,0.57,0.22,0.5,0,0,1,5,2,12,2,0,0,14,0,,,,,,,,,,,,,,,1138856,3b676989
381,Andrija Bulatović,me MNE,MF,Lens,fr Ligue 1,19.0,2006.0,13,4,519,5.8,0,1,1,0,0,0,1,0,0.17,6,4,66.7,1.04,0.69,0.0,0.0,0,0,29,15,6,16,1,0,0,15,0,,,,,,,,,,,,,,,1423504,
382,Marius Bülter,de GER,FW,MF,Köln,de Bundesliga,32.0,1993.0,24,14,1212,13.5,3,3,6,3,0,0,3,0,0.45,34,12,35.3,2.52,0.89,0.09,0.25,0,0,54,2,6,23,3,0,0,13,0,,,,,,,,,,,,,,378340,
383,Facundo Buonanotte,ar ARG,MF,Leeds United,eng Premier League,21.0,2004.0,2,0,26,0.3,0,0,0,0,0,0,1,0,0.0,1,0,0.0,3.46,0.0,0.0,,0,0,0,0,1,0,1,0,0,1,0,,,,,,,,,,,,,,,1117025,468a7a91
384,Facundo Buonanotte,ar ARG,MF,Chelsea,eng Premier League,21.0,2004.0,1,1,45,0.5,0,0,0,0,0,0,0,0,0.0,0,0,,0.0,0.0,,,0,0,0,0,0,0,0,0,0,0,0,,,,,,,,,,,,,,,1117025,468a7a91
385,Alessandro Buongiorno,it ITA,DF,Napoli,it Serie A,26.0,1999.0,25,20,1833,20.4,0,1,1,0,0,0,2,0,0.05,5,2,40.0,0.25,0.1,0.0,0.0,0,0,6,19,31,23,2,0,0,35,0,,,,,,,,,,,,,,,870263,4ae67f27
386,Livan Burcu,tr TUR,MF,FW,Union Berlin,de Bundesliga,21.0,2004.0,11,3,396,4.4,0,0,0,0,0,0,3,0,0.0,12,1,8.3,2.73,0.23,0.0,0.0,0,0,11,5,1,7,3,0,0,5,0,,,,,,,,,,,,,,1513469,b5cf91dc
387,Jan Bürger,de GER,MF,DF,Wolfsburg,de Bundesliga,19.0,2007.0,7,2,247,2.7,0,0,0,0,0,0,0,0,0.0,2,1,50.0,0.73,0.36,0.0,0.0,0,0,6,3,0,5,0,0,0,4,0,,,,,,,,,,,,,,1568511,
388,Wouter Burger,nl NED,MF,Hoffenheim,de Bundesliga,25.0,2001.0,23,23,1832,20.4,4,5,9,4,0,0,4,1,0.44,27,12,44.4,1.33,0.59,0.15,0.33,0,0,64,33,14,9,4,1,0,45,0,,,,,,,,,,,,,,,916946,fc571dff
389,Jonathan Burkardt,de GER,FW,Eintracht Frankfurt,de Bundesliga,25.0,2000.0,14,10,888,9.9,9,0,9,7,2,2,1,0,0.71,29,15,51.7,2.94,1.52,0.24,0.47,2,2,2,0,1,11,1,0,0,10,0,,,,,,,,,,,,,,,939830,e47d11f8
390,Oliver Burke,sct SCO,MF,FW,Union Berlin,de Bundesliga,28.0,1997.0,22,14,1082,12.0,4,1,5,4,0,0,2,0,0.42,24,10,41.7,2.0,0.83,0.17,0.4,0,0,20,3,3,7,2,0,0,7,0,,,,,,,,,,,,,,608362,f631c17f
391,Vincent Burlet,be BEL,DF,Lille,fr Ligue 1,20.0,2005.0,1,0,19,0.2,0,0,0,0,0,0,0,0,0.0,0,0,,0.0,0.0,,,0,0,1,0,0,0,0,0,0,0,0,,,,,,,,,,,,,,,1149293,
392,Dan Burn,eng ENG,DF,Newcastle United,eng Premier League,33.0,1992.0,22,20,1723,19.1,0,2,2,0,0,0,9,1,0.1,4,0,0.0,0.21,0.0,0.0,,0,0,11,21,16,9,9,1,1,33,0,,,,,,,,,,,,,,,99090,b2d31e83
393,Bradley Burrowes,eng ENG,MF,Aston Villa,eng Premier League,18.0,2008.0,1,0,17,0.2,0,0,0,0,0,0,0,0,0.0,0,0,,0.0,0.0,,,0,0,3,0,0,1,0,0,0,0,0,,,,,,,,,,,,,,,1899712,
394,Marnon Busch,de GER,DF,MF,Heidenheim,de Bundesliga,31.0,1994.0,22,13,1330,14.8,0,2,2,0,0,0,2,0,0.14,6,1,16.7,0.41,0.07,0.0,0.0,0,0,39,15,19,5,2,0,0,11,0,,,,,,,,,,,,,,168861,
395,Aurélio Buta,pt POR,DF,Eintracht Frankfurt,de Bundesliga,29.0,1997.0,4,1,144,1.6,0,0,0,0,0,0,1,0,0.0,1,0,0.0,0.62,0.0,0.0,,0,0,2,5,0,2,1,0,0,3,0,,,,,,,,,,,,,,,357752,b4705807
396,Jean Butez,fr FRA,GK,Como,it Serie A,30.0,1995.0,29,29,2610,29.0,0,0,0,0,0,0,3,0,0.0,0,0,,0.0,0.0,,,0,0,0,1,0,8,3,0,0,0,0,22.0,0.76,89.0,71.0,79.8,15.0,9.0,5.0,13.0,44.8,5.0,4.0,1.0,0.0,599114,
397,Jun'ai Byfield,eng ENG,DF,Tottenham Hotspur,eng Premier League,17.0,2008.0,1,0,1,0.0,0,0,0,0,0,0,0,0,0.0,0,0,,0.0,0.0,,,0,0,0,0,0,0,0,0,0,0,0,,,,,,,,,,,,,,,1913038,
398,Sam Byram,eng ENG,DF,MF,Leeds United,eng Premier League,32.0,1993.0,1,0,8,0.1,0,0,0,0,0,0,0,0,0.0,0,0,,0.0,0.0,,,0,0,0,0,0,0,0,0,0,1,0,,,,,,,,,,,,,,254713,1bf811d4
399,William Bøving,dk DEN,MF,Mainz 05,de Bundesliga,23.0,2003.0,7,2,202,2.2,0,1,1,0,0,0,1,0,0.45,1,0,0.0,0.45,0.0,0.0,,0,0,6,1,0,1,1,0,0,2,0,,,,,,,,,,,,,,,1021075,
400,Rémy Cabella,fr FRA,MF,FW,Nantes,fr Ligue 1,36.0,1990.0,8,5,490,5.4,1,0,1,0,1,1,1,0,0.0,6,3,50.0,1.1,0.55,0.0,0.0,1,1,28,6,4,10,1,0,0,7,0,,,,,,,,,,,,,,72998,148e136f
401,Jorge Cabello,es ESP,DF,Levante,es La Liga,21.0,2004.0,5,4,362,4.0,0,0,0,0,0,0,1,0,0.0,0,0,,0.0,0.0,,,0,0,0,3,0,3,1,0,0,3,0,,,,,,,,,,,,,,,1807070,e47d11f8
402,Pape Cabral,fr FRA,MF,Monaco,fr Ligue 1,19.0,2007.0,4,0,77,0.9,0,0,0,0,0,0,0,0,0.0,3,2,66.7,3.51,2.34,0.0,0.0,0,0,0,1,1,1,0,0,0,1,0,,,,,,,,,,,,,,,1606641,
403,Leandro Cabrera,uy URU,DF,Espanyol,es La Liga,34.0,1991.0,27,27,2430,27.0,3,0,3,3,0,0,2,0,0.11,29,9,31.0,1.07,0.33,0.1,0.33,0,0,15,19,17,7,2,0,0,23,0,,,,,,,,,,,,,,,81992,69cbc8b6
404,Anthony Caci,fr FRA,MF,Mainz 05,de Bundesliga,28.0,1997.0,4,4,310,3.4,0,0,0,0,0,0,1,0,0.0,5,0,0.0,1.45,0.0,0.0,,0,0,21,3,3,3,1,0,0,5,0,,,,,,,,,,,,,,,846471,0118c54c
405,Noah Cadiou,gp GLP,MF,Lorient,fr Ligue 1,27.0,1998.0,20,12,1159,12.9,1,1,2,1,0,0,0,0,0.16,11,6,54.5,0.85,0.47,0.09,0.17,0,0,3,12,15,11,0,0,0,18,0,,,,,,,,,,,,,,,993952,
406,Mathieu Cafaro,fr FRA,FW,Paris FC,fr Ligue 1,28.0,1997.0,9,1,149,1.7,0,0,0,0,0,0,0,0,0.0,6,1,16.7,3.62,0.6,0.0,0.0,0,0,7,0,0,4,0,0,0,2,0,,,,,,,,,,,,,,,816810,
407,Moisés Caicedo,ec ECU,MF,Chelsea,eng Premier League,24.0,2001.0,25,24,2104,23.4,3,1,4,3,0,0,9,1,0.17,20,7,35.0,0.86,0.3,0.15,0.43,0,0,8,43,51,38,9,1,0,40,0,,,,,,,,,,,,,,,987650,16264a81
408,Tom Cairney,sct SCO,MF,Fulham,eng Premier League,35.0,1991.0,20,4,562,6.2,1,0,1,1,0,0,3,0,0.16,12,1,8.3,1.92,0.16,0.08,1.0,0,0,6,3,2,9,3,0,0,8,0,,,,,,,,,,,,,,,82566,a8748947
409,Arturo Calabresi,it ITA,DF,Pisa,it Serie A,30.0,1996.0,20,12,1087,12.1,0,0,0,0,0,0,5,0,0.0,4,1,25.0,0.33,0.08,0.0,0.0,0,0,16,8,15,16,5,0,0,19,0,,,,,,,,,,,,,,,284367,34bb6fbd
410,Riccardo Calafiori,it ITA,DF,Arsenal,eng Premier League,23.0,2002.0,22,18,1448,16.1,1,2,3,1,0,0,5,0,0.19,28,6,21.4,1.74,0.37,0.04,0.17,0,0,21,18,13,9,5,0,0,25,0,,,,,,,,,,,,,,,957602,aded8e6f
411,Calebe,br BRA,MF,Alavés,es La Liga,25.0,2000.0,17,13,717,8.0,0,0,0,0,0,0,2,0,0.0,5,1,20.0,0.63,0.13,0.0,0.0,0,0,16,14,7,18,2,0,0,18,0,,,,,,,,,,,,,,,1994527,
412,Fernando Calero,es ESP,DF,Espanyol,es La Liga,30.0,1995.0,21,18,1594,17.7,0,0,0,0,0,0,3,0,0.0,9,1,11.1,0.51,0.06,0.0,0.0,0,0,1,13,23,5,3,0,0,6,0,,,,,,,,,,,,,,,857205,41b3069f
413,Duje Ćaleta-Car,hr CRO,DF,Real Sociedad,es La Liga,29.0,1996.0,19,17,1505,16.7,1,0,1,1,0,0,4,1,0.06,10,2,20.0,0.6,0.12,0.1,0.5,0,0,1,11,23,6,4,1,0,21,0,,,,,,,,,,,,,,,257091,94f8d10c
414,Hakan Çalhanoğlu,tr TUR,MF,Inter,it Serie A,32.0,1994.0,18,16,1331,14.8,8,2,10,4,4,5,6,0,0.41,45,15,33.3,3.04,1.01,0.09,0.27,4,5,74,13,11,11,6,0,0,21,0,,,,,,,,,,,,,,,135700,cd0fa27b
415,Dominic Calvert-Lewin,eng ENG,FW,Leeds United,eng Premier League,29.0,1997.0,27,22,2025,22.5,10,1,11,8,2,3,1,0,0.4,56,25,44.6,2.49,1.11,0.14,0.32,2,3,7,4,2,30,1,0,0,32,0,,,,,,,,,,,,,,,372344,59e6e5bf
416,Dani Calvo,es ESP,DF,Oviedo,es La Liga,31.0,1994.0,13,10,981,10.9,0,0,0,0,0,0,3,0,0.0,0,0,,0.0,0.0,,,0,0,1,8,5,4,3,0,0,9,0,,,,,,,,,,,,,,,560756,dd672e1f
417,Adama Camara,fr FRA,MF,DF,Paris FC,fr Ligue 1,29.0,1996.0,22,21,1728,19.2,1,0,1,1,0,0,6,0,0.05,16,4,25.0,0.83,0.21,0.06,0.25,0,0,8,21,25,17,6,0,0,21,0,,,,,,,,,,,,,,1507384,
418,Amady Camara,ml MLI,FW,Nantes,fr Ligue 1,20.0,2005.0,10,1,171,1.9,0,0,0,0,0,0,0,0,0.0,6,0,0.0,3.16,0.0,0.0,,0,0,17,3,1,2,0,0,0,3,0,,,,,,,,,,,,,,,1516047,
419,Dawda Camara,mr MTN,FW,Girona,es La Liga,23.0,2002.0,2,1,72,0.8,0,0,0,0,0,0,0,0,0.0,2,1,50.0,2.5,1.25,0.0,0.0,0,0,0,0,1,0,0,0,0,2,0,,,,,,,,,,,,,,,1151851,
420,Lamine Camara,sn SEN,MF,Monaco,fr Ligue 1,22.0,2004.0,17,15,1295,14.4,0,4,4,0,0,0,4,0,0.28,14,1,7.1,0.97,0.07,0.0,0.0,0,0,68,26,31,38,4,0,0,19,0,,,,,,,,,,,,,,,1389846,19c2ffa4
421,Mahdi Camara,fr FRA,MF,Rennes,fr Ligue 1,27.0,1998.0,24,23,1952,21.7,3,1,4,3,0,0,4,1,0.18,19,8,42.1,0.88,0.37,0.16,0.38,0,0,24,24,20,23,4,1,0,28,0,,,,,,,,,,,,,,,916041,8577e60a
422,Ousmane Camara,ml MLI,DF,Angers,fr Ligue 1,23.0,2003.0,25,24,2133,23.7,1,0,1,1,0,0,2,0,0.04,6,2,33.3,0.25,0.08,0.17,0.5,0,0,3,27,27,6,2,0,0,17,0,,,,,,,,,,,,,,,1049538,ad5d40bc
423,Francesco Camarda,it ITA,FW,Lecce,it Serie A,18.0,2008.0,17,7,639,7.1,1,0,1,1,0,1,1,0,0.14,13,3,23.1,1.83,0.42,0.08,0.33,0,1,1,1,0,4,1,0,0,12,0,,,,,,,,,,,,,,,1520771,1956a64b
424,Eduardo Camavinga,fr FRA,MF,Real Madrid,es La Liga,23.0,2002.0,20,12,1142,12.7,1,0,1,1,0,0,1,0,0.08,10,2,20.0,0.79,0.16,0.1,0.5,0,0,2,29,12,25,1,0,0,27,0,,,,,,,,,,,,,,,973887,7b9c2d84
425,Nicolò Cambiaghi,it ITA,MF,FW,Bologna,it Serie A,25.0,2000.0,23,15,1331,14.8,3,4,7,3,0,0,3,1,0.47,24,6,25.0,1.62,0.41,0.13,0.5,0,0,58,18,5,60,3,1,0,28,0,,,,,,,,,,,,,,971005,91ff775f
426,Andrea Cambiaso,it ITA,MF,DF,Juventus,it Serie A,26.0,2000.0,27,26,2113,23.5,3,3,6,3,0,0,1,1,0.26,21,11,52.4,0.89,0.47,0.14,0.27,0,0,98,32,15,15,1,1,0,22,2,,,,,,,,,,,,,,917048,247ed022
427,Axel Camblan,fr FRA,FW,Brest,fr Ligue 1,22.0,2003.0,1,0,12,0.1,0,0,0,0,0,0,0,0,0.0,0,0,,0.0,0.0,,,0,0,0,0,0,0,0,0,0,0,0,,,,,,,,,,,,,,,1135605,
428,Sergio Camello,es ESP,FW,Rayo Vallecano,es La Liga,25.0,2001.0,13,4,458,5.1,0,0,0,0,0,0,2,1,0.0,9,4,44.4,1.77,0.79,0.0,0.0,0,0,1,2,2,9,2,1,0,3,0,,,,,,,,,,,,,,,910024,873619c6
429,Cole Campbell,us USA,FW,Hoffenheim,de Bundesliga,20.0,2006.0,1,0,5,0.1,0,0,0,0,0,0,0,0,0.0,0,0,,0.0,0.0,,,0,0,0,0,0,0,0,0,0,0,0,,,,,,,,,,,,,,,1134578,fbb270b2
430,Cole Campbell,us USA,FW,Dortmund,de Bundesliga,20.0,2006.0,1,0,17,0.2,0,0,0,0,0,0,0,0,0.0,1,0,0.0,5.29,0.0,0.0,,0,0,1,0,0,0,0,0,0,0,0,,,,,,,,,,,,,,,1134578,fbb270b2
431,Emre Can,de GER,DF,Dortmund,de Bundesliga,32.0,1994.0,9,7,621,6.9,3,0,3,0,3,3,3,0,0.0,5,4,80.0,0.72,0.58,0.0,0.0,3,3,2,8,13,10,3,0,0,10,0,,,,,,,,,,,,,,,138156,a65ce836
432,Matteo Cancellieri,it ITA,FW,MF,Lazio,it Serie A,24.0,2002.0,22,15,1247,13.9,3,1,4,3,0,0,4,0,0.29,30,9,30.0,2.17,0.65,0.1,0.33,0,0,18,18,17,54,4,0,0,25,0,,,,,,,,,,,,,,1017649,b6a1cdf9
433,João Cancelo,pt POR,DF,Barcelona,es La Liga,31.0,1994.0,6,4,346,3.8,1,1,2,1,0,0,0,0,0.52,4,1,25.0,1.04,0.26,0.25,1.0,0,0,8,3,8,4,0,0,0,3,0,,,,,,,,,,,,,,,138892,bd6351cd
434,Fali Candé,gw GNB,DF,Sassuolo,it Serie A,28.0,1998.0,12,5,509,5.7,0,0,0,0,0,0,2,0,0.0,3,0,0.0,0.53,0.0,0.0,,0,0,4,9,2,6,2,0,0,9,0,,,,,,,,,,,,,,,892430,3cc4bb19
435,Simone Canestrelli,it ITA,DF,Pisa,it Serie A,25.0,2000.0,28,27,2406,26.7,0,0,0,0,0,0,2,0,0.0,11,1,9.1,0.41,0.04,0.0,0.0,0,0,9,20,21,16,2,0,0,31,0,,,,,,,,,,,,,,,911355,d8c54a50
436,Jaydee Canvot,fr FRA,MF,DF,Toulouse,fr Ligue 1,19.0,2006.0,2,2,180,2.0,0,0,0,0,0,0,1,0,0.0,2,0,0.0,1.0,0.0,0.0,,0,0,0,1,0,0,1,0,0,1,0,,,,,,,,,,,,,,1471671,3684108d
437,Jaydee Canvot,fr FRA,DF,Crystal Palace,eng Premier League,19.0,2006.0,13,7,706,7.8,0,0,0,0,0,0,2,0,0.0,3,0,0.0,0.38,0.0,0.0,,0,0,3,13,6,3,2,0,0,9,0,,,,,,,,,,,,,,,1471671,3684108d
438,Nicolás Capaldo,ar ARG,DF,MF,Hamburger SV,de Bundesliga,28.0,1997.0,20,19,1540,17.1,1,1,2,1,0,0,6,0,0.12,16,4,25.0,0.94,0.23,0.06,0.25,0,0,18,33,32,40,6,0,0,21,0,,,,,,,,,,,,,,973564,6885cc44
439,Pierrick Capelle,fr FRA,MF,Angers,fr Ligue 1,38.0,1987.0,8,1,239,2.7,0,0,0,0,0,0,0,0,0.0,3,0,0.0,1.13,0.0,0.0,,0,0,7,7,3,9,0,0,0,6,0,,,,,,,,,,,,,,,209768,ba6d9ff6
440,Elia Caprile,it ITA,GK,Cagliari,it Serie A,24.0,2001.0,29,29,2610,29.0,0,0,0,0,0,0,2,0,0.0,0,0,,0.0,0.0,,,0,0,0,0,0,8,2,0,0,0,0,41.0,1.41,137.0,97.0,71.5,7.0,9.0,13.0,6.0,20.7,2.0,2.0,0.0,0.0,947954,97d7afbd
441,Maxence Caqueret,fr FRA,MF,Como,it Serie A,26.0,2000.0,23,14,1180,13.1,2,4,6,2,0,0,2,0,0.46,16,4,25.0,1.22,0.31,0.13,0.5,0,0,28,19,9,18,2,0,0,19,0,,,,,,,,,,,,,,,859027,f81ef10d
442,Antonio Caracciolo,it ITA,DF,Pisa,it Serie A,35.0,1990.0,27,26,2353,26.1,2,0,2,2,0,0,7,0,0.08,19,5,26.3,0.73,0.19,0.11,0.4,0,0,2,33,41,10,7,0,0,28,1,,,,,,,,,,,,,,,116666,99d8fc35
443,Franco Carboni,it ITA,MF,Parma,it Serie A,22.0,2003.0,2,0,5,0.1,0,0,0,0,0,0,0,0,0.0,0,0,,0.0,0.0,,,0,0,0,0,0,0,0,0,0,0,0,,,,,,,,,,,,,,,1086199,b033f803
444,Valentin Carboni,ar ARG,MF,Genoa,it Serie A,21.0,2005.0,12,3,359,4.0,0,0,0,0,0,0,2,0,0.0,6,2,33.3,1.5,0.5,0.0,0.0,0,0,7,8,2,5,2,0,0,11,0,,,,,,,,,,,,,,,1153083,707b98f1
445,Sergi Cardona,es ESP,DF,Villarreal,es La Liga,26.0,1999.0,23,16,1544,17.2,0,3,3,0,0,0,4,0,0.17,14,3,21.4,0.82,0.17,0.0,0.0,0,0,55,24,30,17,4,0,0,21,0,,,,,,,,,,,,,,,986245,74e90475
446,Fábio Cardoso,pt POR,DF,Sevilla,es La Liga,31.0,1994.0,4,4,295,3.3,0,0,0,0,0,0,0,0,0.0,0,0,,0.0,0.0,,,0,0,0,3,4,1,0,0,0,9,0,,,,,,,,,,,,,,,252815,4a5839fa
447,Johnny Cardoso,us USA,MF,Atlético Madrid,es La Liga,24.0,2001.0,12,10,708,7.9,0,0,0,0,0,0,4,0,0.0,2,0,0.0,0.25,0.0,0.0,,0,0,3,17,11,11,4,0,0,16,0,,,,,,,,,,,,,,,990169,7426f085
448,Maycon Cardozo,br BRA,MF,Bayern Munich,de Bundesliga,17.0,2008.0,1,0,30,0.3,0,0,0,0,0,0,0,0,0.0,0,0,,0.0,0.0,,,0,0,1,0,0,2,0,0,0,0,0,,,,,,,,,,,,,,,2236502,
449,Igor Carioca,br BRA,DF,Lorient,fr Ligue 1,29.0,1996.0,14,13,1197,13.3,1,0,1,1,0,0,1,0,0.08,7,1,14.3,0.53,0.08,0.14,1.0,0,0,20,19,13,18,1,0,0,9,0,,,,,,,,,,,,,,,2367435,e3e32fbb
450,Patrik Carlgren,se SWE,GK,Nantes,fr Ligue 1,34.0,1992.0,2,1,92,1.0,0,0,0,0,0,0,0,0,0.0,0,0,,0.0,0.0,,,0,0,0,0,0,0,0,0,0,0,0,2.0,1.96,5.0,3.0,60.0,0.0,1.0,0.0,0.0,0.0,0.0,0.0,0.0,0.0,156236,168c50c5
451,Diego Carlos,br BRA,DF,Como,it Serie A,33.0,1993.0,20,15,1493,16.6,1,0,1,1,0,0,6,0,0.06,3,2,66.7,0.18,0.12,0.33,0.5,0,0,1,12,13,6,6,0,0,26,0,,,,,,,,,,,,,,,604232,b4a014b1
452,Kevin Carlos,es ESP,FW,Nice,fr Ligue 1,24.0,2001.0,17,9,812,9.0,0,0,0,0,0,0,3,0,0.0,20,7,35.0,2.22,0.78,0.0,0.0,0,0,3,1,1,14,3,0,0,26,0,,,,,,,,,,,,,,,1035619,4e446d39
453,David Carmo,ao ANG,DF,Oviedo,es La Liga,26.0,1999.0,21,19,1722,19.1,1,0,1,1,0,0,8,1,0.05,10,3,30.0,0.52,0.16,0.1,0.33,0,0,2,17,21,4,8,1,1,20,0,,,,,,,,,,,,,,,892235,3ce20eda
454,Carmona,es ESP,DF,MF,Sevilla,es La Liga,24.0,2002.0,26,22,1957,21.7,1,3,4,1,0,0,9,0,0.18,17,3,17.6,0.78,0.14,0.06,0.33,0,0,25,32,33,36,9,0,0,37,0,,,,,,,,,,,,,,1009127,9e95dc9e
455,Marco Carnesecchi,it ITA,GK,Atalanta,it Serie A,25.0,2000.0,29,29,2610,29.0,0,0,0,0,0,0,0,0,0.0,0,0,,0.0,0.0,,,0,0,1,0,0,5,0,0,0,1,0,27.0,0.93,110.0,85.0,76.4,12.0,11.0,6.0,10.0,34.5,3.0,1.0,2.0,0.0,865646,8ec56e62
456,Sergio Carreira,es ESP,MF,Celta Vigo,es La Liga,25.0,2000.0,24,21,1914,21.3,2,1,3,2,0,0,2,0,0.14,12,5,41.7,0.56,0.24,0.17,0.4,0,0,24,15,21,27,2,0,0,14,0,,,,,,,,,,,,,,,1002764,8d6a9c93
457,Gorka Carrera,es ESP,FW,Real Sociedad,es La Liga,20.0,2005.0,1,0,14,0.2,0,0,0,0,0,0,0,0,0.0,0,0,,0.0,0.0,,,0,0,0,0,0,1,0,0,0,0,0,,,,,,,,,,,,,,,1985103,
458,Álvaro Carreras,es ESP,DF,Real Madrid,es La Liga,22.0,2003.0,23,22,1968,21.9,2,2,4,2,0,0,5,1,0.18,8,2,25.0,0.37,0.09,0.25,1.0,0,0,28,16,33,26,5,1,0,16,0,,,,,,,,,,,,,,,1085081,b5cf91dc
459,Dani Carvajal,es ESP,DF,Real Madrid,es La Liga,34.0,1992.0,11,6,596,6.6,0,0,0,0,0,0,0,0,0.0,3,0,0.0,0.45,0.0,0.0,,0,0,5,9,4,7,0,0,0,5,0,,,,,,,,,,,,,,,138572,4958bfb2
460,Fabio Carvalho,pt POR,MF,Brentford,eng Premier League,23.0,2002.0,6,1,102,1.1,1,0,1,1,0,0,0,0,0.88,2,1,50.0,1.76,0.88,0.5,1.0,0,0,5,2,0,0,0,0,0,0,0,,,,,,,,,,,,,,,991604,966e28d0
461,Cesare Casadei,it ITA,MF,Torino,it Serie A,23.0,2003.0,25,16,1614,17.9,4,0,4,4,0,0,5,0,0.22,29,14,48.3,1.62,0.78,0.14,0.29,0,0,2,12,8,13,5,0,0,44,0,,,,,,,,,,,,,,,1016788,fb920f3a
462,Marc Casado,es ESP,MF,Barcelona,es La Liga,22.0,2003.0,18,9,836,9.3,0,1,1,0,0,0,0,0,0.11,9,0,0.0,0.97,0.0,0.0,,0,0,0,7,7,15,0,0,0,21,0,,,,,,,,,,,,,,,1000483,
463,Nicolò Casale,it ITA,DF,Bologna,it Serie A,28.0,1998.0,11,7,588,6.5,0,0,0,0,0,0,0,0,0.0,4,0,0.0,0.61,0.0,0.0,,0,0,2,1,7,4,0,0,0,10,0,,,,,,,,,,,,,,,862697,3f5f38fb
464,Casemiro,br BRA,MF,Manchester Utd,eng Premier League,34.0,1992.0,28,27,2050,22.8,7,2,9,7,0,0,9,1,0.4,43,14,32.6,1.89,0.61,0.16,0.5,0,0,15,34,21,27,9,1,1,39,0,,,,,,,,,,,,,,,122951,4d224fe8
465,Matty Cash,pl POL,DF,Aston Villa,eng Premier League,28.0,1997.0,27,27,2351,26.1,3,2,5,3,0,0,7,0,0.19,25,9,36.0,0.96,0.34,0.12,0.33,0,0,100,22,20,25,7,0,0,37,0,,,,,,,,,,,,,,,833956,2389cdc2
466,Josué Casimir,ht HAI,MF,FW,Auxerre,fr Ligue 1,24.0,2001.0,24,16,1393,15.5,1,0,1,1,0,1,5,1,0.06,21,11,52.4,1.36,0.71,0.05,0.09,0,1,53,13,10,28,5,1,1,31,0,,,,,,,,,,,,,,1035986,e47d11f8
467,Cristian Cásseres Jr.,ve VEN,MF,Toulouse,fr Ligue 1,26.0,2000.0,23,21,1873,20.8,1,0,1,1,0,1,5,0,0.05,21,5,23.8,1.01,0.24,0.05,0.2,0,1,85,33,28,34,5,0,0,28,0,,,,,,,,,,,,,,,878938,f86fe8c1
468,Timothy Castagne,be BEL,DF,MF,Fulham,eng Premier League,30.0,1995.0,22,12,1133,12.6,0,0,0,0,0,0,3,0,0.0,8,4,50.0,0.64,0.32,0.0,0.0,0,0,32,13,20,3,3,0,0,14,0,,,,,,,,,,,,,,329417,197640fd
469,Valentín Castellanos,ar ARG,FW,Lazio,it Serie A,27.0,1998.0,11,8,692,7.7,2,3,5,2,0,0,2,0,0.65,20,8,40.0,2.6,1.04,0.1,0.25,0,0,6,3,3,18,2,0,0,9,0,,,,,,,,,,,,,,,877013,b5cf91dc
470,Valentín Castellanos,ar ARG,FW,West Ham United,eng Premier League,27.0,1998.0,10,10,815,9.1,2,0,2,2,0,0,2,0,0.22,21,8,38.1,2.32,0.88,0.1,0.25,0,0,4,5,1,9,2,0,0,19,0,,,,,,,,,,,,,,,877013,b5cf91dc
471,Castrin,es ESP,DF,Sevilla,es La Liga,23.0,2003.0,10,7,669,7.4,0,0,0,0,0,0,3,0,0.0,5,1,20.0,0.67,0.13,0.0,0.0,0,0,0,10,12,7,3,0,0,7,0,,,,,,,,,,,,,,,1428699,
472,Jonny Castro,es ESP,DF,Alavés,es La Liga,32.0,1994.0,27,27,2364,26.3,0,0,0,0,0,0,5,0,0.0,7,2,28.6,0.27,0.08,0.0,0.0,0,0,19,35,33,23,5,0,0,28,0,,,,,,,,,,,,,,,,e47d11f8
473,Santiago Castro,ar ARG,FW,Bologna,it Serie A,21.0,2004.0,26,18,1698,18.9,7,2,9,7,0,0,1,0,0.48,47,16,34.0,2.49,0.85,0.15,0.44,0,0,4,7,1,40,1,0,0,26,0,,,,,,,,,,,,,,,1116577,ee5565ae
474,Alessio Castro-Montes,be BEL,MF,DF,Köln,de Bundesliga,28.0,1997.0,8,5,429,4.8,0,3,3,0,0,0,2,0,0.63,3,0,0.0,0.63,0.0,0.0,,0,0,38,13,3,6,2,0,0,9,0,,,,,,,,,,,,,,839898,742a4995
475,Danilo Cataldi,it ITA,MF,Lazio,it Serie A,31.0,1994.0,25,22,1835,20.4,3,3,6,1,2,2,5,0,0.2,26,7,26.9,1.28,0.34,0.04,0.14,2,2,42,22,21,11,5,0,0,18,0,,,,,,,,,,,,,,,317301,ba3d3bea
476,Catena,es ESP,DF,Osasuna,es La Liga,31.0,1994.0,26,26,2261,25.1,2,2,4,2,0,0,8,1,0.16,14,2,14.3,0.56,0.08,0.14,1.0,0,0,1,24,28,12,8,1,0,37,0,,,,,,,,,,,,,,,900792,09fdb094
477,Nicolò Cavuoti,it ITA,MF,Cagliari,it Serie A,22.0,2003.0,4,0,44,0.5,0,0,0,0,0,0,0,0,0.0,0,0,,0.0,0.0,,,0,0,0,0,0,1,0,0,0,1,0,,,,,,,,,,,,,,,1013041,
478,Santi Cazorla,es ESP,MF,Oviedo,es La Liga,41.0,1984.0,19,4,590,6.6,0,1,1,0,0,0,0,1,0.15,5,0,0.0,0.76,0.0,0.0,,0,0,41,6,1,12,0,1,0,4,0,,,,,,,,,,,,,,,17651,e2e9c250
479,Dani Ceballos,es ESP,MF,Real Madrid,es La Liga,29.0,1996.0,15,4,469,5.2,0,0,0,0,0,0,1,0,0.0,3,0,0.0,0.58,0.0,0.0,,0,0,3,10,7,15,1,0,0,6,0,,,,,,,,,,,,,,,547838,c0617e2b
480,Federico Ceccherini,it ITA,DF,Cremonese,it Serie A,33.0,1992.0,9,6,476,5.3,0,1,1,0,0,0,1,1,0.19,5,2,40.0,0.95,0.38,0.0,0.0,0,0,3,2,7,9,1,1,0,10,0,,,,,,,,,,,,,,,139410,d9624b51
481,Abdoulie Ceesay,gm GAM,FW,St Pauli,de Bundesliga,22.0,2004.0,15,0,217,2.4,0,0,0,0,0,0,2,0,0.0,4,1,25.0,1.66,0.41,0.0,0.0,0,0,0,0,0,5,2,0,0,10,0,,,,,,,,,,,,,,,1888501,
482,Nidal Celik,ba BIH,DF,Lens,fr Ligue 1,19.0,2006.0,5,5,382,4.2,0,0,0,0,0,0,1,0,0.0,0,0,,0.0,0.0,,,0,0,0,6,6,1,1,0,0,8,0,,,,,,,,,,,,,,,1399503,4e0d2a01
483,Zeki Çelik,tr TUR,MF,DF,Roma,it Serie A,29.0,1997.0,26,24,2077,23.1,1,2,3,1,0,0,1,1,0.13,18,3,16.7,0.78,0.13,0.06,0.33,0,0,61,29,14,12,1,1,0,30,0,,,,,,,,,,,,,,893008,31a62dc7
484,Fabien Centonze,fr FRA,MF,DF,Nantes,fr Ligue 1,30.0,1996.0,13,8,674,7.5,3,0,3,3,0,0,3,0,0.4,7,3,42.9,0.93,0.4,0.43,1.0,0,0,24,18,20,7,3,0,0,12,0,,,,,,,,,,,,,,802034,3c6bbbab
485,Lucas Cepeda,cl CHI,MF,Elche,es La Liga,23.0,2002.0,6,4,338,3.8,0,0,0,0,0,0,1,0,0.0,9,3,33.3,2.4,0.8,0.0,0.0,0,0,14,3,1,7,1,0,0,4,0,,,,,,,,,,,,,,,1126447,
486,Václav Černý,cz CZE,FW,MF,Wolfsburg,de Bundesliga,28.0,1997.0,2,0,47,0.5,0,0,0,0,0,0,0,0,0.0,1,0,0.0,1.91,0.0,0.0,,0,0,2,0,0,2,0,0,0,0,0,,,,,,,,,,,,,,280631,bb1cf301
487,Jorge Cestero,es ESP,MF,Real Madrid,es La Liga,19.0,2006.0,2,0,13,0.1,0,0,0,0,0,0,0,0,0.0,0,0,,0.0,0.0,,,0,0,0,0,0,0,0,0,0,0,0,,,,,,,,,,,,,,,1590121,e47d11f8
488,Julian Chabot,de GER,DF,Stuttgart,de Bundesliga,28.0,1998.0,20,19,1700,18.9,0,0,0,0,0,0,3,0,0.0,15,6,40.0,0.79,0.32,0.0,0.0,0,0,1,12,32,33,3,0,0,26,1,,,,,,,,,,,,,,,863271,f3541f8a
489,El Chadaille Bitshiabu,fr FRA,DF,RB Leipzig,de Bundesliga,20.0,2005.0,7,4,340,3.8,0,0,0,0,0,0,0,0,0.0,1,0,0.0,0.26,0.0,0.0,,0,0,0,2,3,0,0,0,0,3,0,,,,,,,,,,,,,,,1048009,2180c761
490,Fares Chaïbi,dz ALG,MF,Eintracht Frankfurt,de Bundesliga,23.0,2002.0,20,17,1370,15.2,2,8,10,2,0,0,1,0,0.66,22,7,31.8,1.45,0.46,0.09,0.29,0,0,67,15,10,15,1,0,0,10,0,,,,,,,,,,,,,,,1192318,357103bd
491,Ilyas Chaira,ma MAR,MF,Oviedo,es La Liga,25.0,2001.0,26,21,1665,18.5,3,1,4,3,0,0,1,1,0.22,50,22,44.0,2.7,1.19,0.06,0.14,0,0,43,26,4,20,1,1,0,37,0,,,,,,,,,,,,,,,1008037,
492,Trevoh Chalobah,eng ENG,DF,Chelsea,eng Premier League,26.0,1999.0,29,29,2550,28.3,3,0,3,3,0,0,3,1,0.11,14,5,35.7,0.49,0.18,0.21,0.6,0,0,5,22,35,18,3,1,0,20,0,,,,,,,,,,,,,,,826134,5515376c
493,Fallou Cham,gm GAM,MF,Hellas Verona,it Serie A,20.0,2006.0,6,3,228,2.5,0,0,0,0,0,0,0,0,0.0,5,2,40.0,1.97,0.79,0.0,0.0,0,0,10,9,4,5,0,0,0,7,0,,,,,,,,,,,,,,,1945133,2c8a91b9
494,Brendan Chardonnet,fr FRA,DF,Brest,fr Ligue 1,31.0,1994.0,24,24,2096,23.3,0,3,3,0,0,0,4,0,0.13,10,5,50.0,0.43,0.21,0.0,0.0,0,0,6,17,29,17,4,0,0,22,0,,,,,,,,,,,,,,,328035,
495,Pep Chavarría,es ESP,DF,Rayo Vallecano,es La Liga,27.0,1998.0,24,22,2015,22.4,1,2,3,1,0,0,6,1,0.13,14,2,14.3,0.63,0.09,0.07,0.5,0,0,70,24,25,30,6,1,1,26,0,,,,,,,,,,,,,,,1010421,b5cf91dc
496,Arthur Chaves,br BRA,DF,Hoffenheim,de Bundesliga,25.0,2001.0,4,2,240,2.7,0,0,0,0,0,0,1,0,0.0,1,0,0.0,0.37,0.0,0.0,,0,0,2,5,3,3,1,0,0,5,0,,,,,,,,,,,,,,,1122806,
497,Arthur Chaves,br BRA,DF,Augsburg,de Bundesliga,25.0,2001.0,5,5,399,4.4,1,0,1,1,0,0,0,0,0.23,3,1,33.3,0.68,0.23,0.33,1.0,0,0,0,8,3,4,0,0,0,2,1,,,,,,,,,,,,,,,1122806,
498,Felipe Chávez,pe PER,MF,Bayern Munich,de Bundesliga,18.0,2007.0,2,0,14,0.2,0,0,0,0,0,0,0,0,0.0,1,0,0.0,6.43,0.0,0.0,,0,0,1,0,0,0,0,0,0,0,0,,,,,,,,,,,,,,,1482457,
499,Felipe Chávez,pe PER,MF,Köln,de Bundesliga,18.0,2007.0,3,0,21,0.2,0,0,0,0,0,0,0,0,0.0,1,0,0.0,4.29,0.0,0.0,,0,0,1,1,0,0,0,0,0,0,0,,,,,,,,,,,,,,,1482457,
500,Walid Cheddira,ma MAR,FW,Sassuolo,it Serie A,28.0,1998.0,16,1,221,2.5,1,0,1,1,0,0,1,0,0.41,8,2,25.0,3.26,0.81,0.13,0.5,0,0,4,0,0,9,1,0,0,7,0,,,,,,,,,,,,,,,917485,0545a08e
501,Walid Cheddira,ma MAR,FW,Lecce,it Serie A,28.0,1998.0,8,5,477,5.3,0,0,0,0,0,0,0,0,0.0,9,2,22.2,1.7,0.38,0.0,0.0,0,0,1,2,0,12,0,0,0,10,0,,,,,,,,,,,,,,,917485,0545a08e
502,Chema,es ESP,MF,Stuttgart,de Bundesliga,20.0,2005.0,18,9,875,9.7,1,0,1,1,0,0,2,0,0.1,10,3,30.0,1.03,0.31,0.1,0.33,0,0,0,13,23,7,2,0,0,12,0,,,,,,,,,,,,,,,345193,4b628c9b
503,Samir Chergui,dz ALG,DF,Paris FC,fr Ligue 1,27.0,1999.0,12,11,973,10.8,1,0,1,1,0,0,1,0,0.09,11,3,27.3,1.02,0.28,0.09,0.33,0,0,6,10,8,4,1,0,0,12,0,,,,,,,,,,,,,,,981168,92b4758e
504,Sidiki Cherif,fr FRA,FW,MF,Angers,fr Ligue 1,19.0,2006.0,19,14,1157,12.9,4,0,4,4,0,0,3,0,0.31,28,12,42.9,2.18,0.93,0.14,0.33,0,0,6,3,6,16,3,0,0,15,0,,,,,,,,,,,,,,1514916,
505,Rayan Cherki,fr FRA,MF,Manchester City,eng Premier League,22.0,2003.0,25,14,1308,14.5,3,8,11,3,0,0,1,0,0.76,33,8,24.2,2.27,0.55,0.09,0.38,0,0,58,15,7,30,1,0,0,14,0,,,,,,,,,,,,,,,979128,b34c63a5
506,Lucas Chevalier,fr FRA,GK,Paris Saint-Germain,fr Ligue 1,24.0,2001.0,17,17,1530,17.0,0,0,0,0,0,0,0,0,0.0,0,0,,0.0,0.0,,,0,0,0,0,0,1,0,0,0,0,0,13.0,0.76,43.0,32.0,72.1,12.0,3.0,2.0,9.0,52.9,3.0,1.0,1.0,1.0,996953,b3d76d84
507,Fabio Chiarodia,it ITA,DF,Gladbach,de Bundesliga,20.0,2005.0,10,5,410,4.6,0,0,0,0,0,0,0,0,0.0,3,1,33.3,0.66,0.22,0.0,0.0,0,0,0,6,9,0,0,0,0,5,0,,,,,,,,,,,,,,,1130067,48780156
508,Federico Chiesa,it ITA,MF,Liverpool,eng Premier League,28.0,1997.0,22,1,282,3.1,2,1,3,2,0,0,2,0,0.96,15,4,26.7,4.79,1.28,0.13,0.5,0,0,14,5,4,5,2,0,0,8,0,,,,,,,,,,,,,,,845386,b0f7e36c
509,Ben Chilwell,eng ENG,DF,MF,Strasbourg,fr Ligue 1,29.0,1996.0,19,18,1541,17.1,0,2,2,0,0,0,4,0,0.12,5,3,60.0,0.29,0.18,0.0,0.0,0,0,30,17,22,21,4,0,0,14,0,,,,,,,,,,,,,,802695,d2424d1b
510,Tawanda Chirewa,zw ZIM,MF,Wolves,eng Premier League,22.0,2003.0,2,0,27,0.3,0,0,0,0,0,0,0,0,0.0,0,0,,0.0,0.0,,,0,0,0,0,0,1,0,0,0,3,0,,,,,,,,,,,,,,,1005725,34721c11
511,Joris Chotard,fr FRA,MF,Brest,fr Ligue 1,24.0,2001.0,25,24,2157,24.0,2,0,2,2,0,0,1,0,0.08,22,7,31.8,0.92,0.29,0.09,0.29,0,0,35,28,32,11,1,0,0,25,0,,,,,,,,,,,,,,,976396,7909ffa4
512,Andreas Christensen,dk DEN,DF,Barcelona,es La Liga,29.0,1996.0,12,3,380,4.2,0,0,0,0,0,0,1,0,0.0,2,0,0.0,0.47,0.0,0.0,,0,0,0,3,2,3,1,0,0,4,0,,,,,,,,,,,,,,,186795,1cb49278
513,Ryan Christie,sct SCO,MF,Bournemouth,eng Premier League,31.0,1995.0,20,4,655,7.3,1,0,1,1,0,0,2,0,0.14,18,5,27.8,2.47,0.69,0.06,0.2,0,0,14,13,5,16,2,0,0,13,0,,,,,,,,,,,,,,,322391,26ce2263
514,Carney Chukwuemeka,eng ENG,MF,FW,Dortmund,de Bundesliga,22.0,2003.0,21,6,670,7.4,2,0,2,2,0,0,1,0,0.27,14,2,14.3,1.88,0.27,0.14,1.0,0,0,0,13,6,10,1,0,0,8,0,,,,,,,,,,,,,,994556,b2f9c73e
515,Samuel Chukwueze,ng NGA,FW,MF,Milan,it Serie A,26.0,1999.0,1,0,26,0.3,0,0,0,0,0,0,0,0,0.0,0,0,,0.0,0.0,,,0,0,3,0,0,3,0,0,0,0,0,,,,,,,,,,,,,,822470,b8a642fc
516,Samuel Chukwueze,ng NGA,MF,Fulham,eng Premier League,26.0,1999.0,16,7,779,8.7,3,4,7,3,0,0,0,0,0.81,18,6,33.3,2.08,0.69,0.17,0.5,0,0,28,4,5,10,0,0,0,5,0,,,,,,,,,,,,,,,822470,b8a642fc
517,Víctor Chust,es ESP,DF,Elche,es La Liga,26.0,2000.0,22,18,1702,18.9,0,0,0,0,0,0,7,1,0.0,6,2,33.3,0.32,0.11,0.0,0.0,0,0,17,26,20,9,7,1,1,31,0,,,,,,,,,,,,,,,855831,ec1a731e
518,Alessandro Circati,au AUS,DF,Parma,it Serie A,22.0,2003.0,22,22,1885,20.9,1,0,1,1,0,0,5,0,0.05,5,1,20.0,0.24,0.05,0.2,1.0,0,0,2,15,17,14,5,0,0,24,0,,,,,,,,,,,,,,,1155423,
519,Dennis Cirkin,eng ENG,DF,Sunderland,eng Premier League,23.0,2002.0,7,3,304,3.4,0,0,0,0,0,0,1,0,0.0,1,0,0.0,0.3,0.0,0.0,,0,0,3,5,5,2,1,0,0,3,0,,,,,,,,,,,,,,,1014987,
520,Pathé Ciss,sn SEN,MF,DF,Rayo Vallecano,es La Liga,32.0,1994.0,20,14,1353,15.0,2,0,2,2,0,0,4,2,0.13,14,7,50.0,0.93,0.47,0.14,0.29,0,0,1,23,20,5,4,2,0,19,0,,,,,,,,,,,,,,913679,9a0408b6
521,Djaoui Cissé,fr FRA,MF,Rennes,fr Ligue 1,22.0,2004.0,20,12,926,10.3,0,0,0,0,0,0,3,0,0.0,23,6,26.1,2.24,0.58,0.0,0.0,0,0,27,19,5,10,3,0,0,17,0,,,,,,,,,,,,,,,1445628,
522,Mamoudou Cissokho,fr FRA,FW,Auxerre,fr Ligue 1,18.0,2007.0,1,0,1,0.0,0,0,0,0,0,0,0,0,0.0,0,0,,0.0,0.0,,,0,0,0,0,0,0,0,0,0,0,0,,,,,,,,,,,,,,,2409356,
523,Alexis Claude-Maurice,fr FRA,MF,FW,Augsburg,de Bundesliga,27.0,1998.0,22,19,1584,17.6,4,4,8,3,1,1,3,0,0.4,55,21,38.2,3.12,1.19,0.05,0.14,1,1,45,17,4,36,3,0,0,21,0,,,,,,,,,,,,,,822877,
524,Jonathan Clauss,fr FRA,MF,DF,Nice,fr Ligue 1,33.0,1992.0,23,21,1921,21.3,1,6,7,1,0,0,0,0,0.33,17,4,23.5,0.8,0.19,0.06,0.25,0,0,175,30,31,15,0,0,0,16,0,,,,,,,,,,,,,,821728,5219ab4a
525,Nathaniel Clyne,eng ENG,MF,Crystal Palace,eng Premier League,34.0,1991.0,8,6,495,5.5,0,1,1,0,0,0,1,0,0.18,3,0,0.0,0.55,0.0,0.0,,0,0,14,9,7,1,1,0,0,4,0,,,,,,,,,,,,,,,43215,0442183b
526,Saúl Coco,gq EQG,DF,Torino,it Serie A,27.0,1999.0,26,26,2340,26.0,1,1,2,1,0,0,2,0,0.08,14,4,28.6,0.54,0.15,0.07,0.25,0,0,4,28,32,31,2,0,0,36,0,,,,,,,,,,,,,,,1089453,d0ee1652
527,Séamus Coleman,ie IRL,DF,Everton,eng Premier League,37.0,1988.0,3,1,11,0.1,0,0,0,0,0,0,0,0,0.0,0,0,,0.0,0.0,,,0,0,1,0,0,1,0,0,0,0,0,,,,,,,,,,,,,,,76632,0420d84f
528,Maxime Colin,fr FRA,DF,Metz,fr Ligue 1,34.0,1991.0,18,14,1369,15.2,0,0,0,0,0,0,0,0,0.0,7,2,28.6,0.46,0.13,0.0,0.0,0,0,9,25,19,6,0,0,0,8,0,,,,,,,,,,,,,,,128285,
529,Nathan Collins,ie IRL,DF,Brentford,eng Premier League,24.0,2001.0,27,24,2255,25.1,1,2,3,1,0,0,5,0,0.12,13,5,38.5,0.52,0.2,0.08,0.2,0,0,1,9,27,15,5,0,0,16,1,,,,,,,,,,,,,,,958916,a8c19eb8
530,Nnamdi Collins,de GER,DF,Eintracht Frankfurt,de Bundesliga,22.0,2004.0,22,15,1437,16.0,1,2,3,1,0,0,4,0,0.19,3,1,33.3,0.19,0.06,0.33,1.0,0,0,4,38,24,19,4,0,0,22,0,,,,,,,,,,,,,,,1048569,8eb5c94c
531,Michele Collocolo,it ITA,MF,Cremonese,it Serie A,26.0,1999.0,6,5,308,3.4,0,0,0,0,0,0,1,0,0.0,2,1,50.0,0.58,0.29,0.0,0.0,0,0,5,3,1,2,1,0,0,2,0,,,,,,,,,,,,,,,839925,b7946402
532,Santiago Colombatto,ar ARG,MF,Oviedo,es La Liga,29.0,1997.0,23,18,1609,17.9,0,1,1,0,0,0,6,0,0.06,12,2,16.7,0.67,0.11,0.0,0.0,0,0,53,15,13,33,6,0,0,35,0,,,,,,,,,,,,,,,822379,ad9fdbf3
533,Lorenzo Colombo,it ITA,FW,Genoa,it Serie A,24.0,2002.0,29,22,1751,19.5,6,1,7,6,0,1,1,0,0.36,52,21,40.4,2.67,1.08,0.12,0.29,0,1,11,9,1,40,1,0,0,34,0,,,,,,,,,,,,,,,930191,04df29a5
534,Eray Cömert,ch SUI,DF,Valencia,es La Liga,28.0,1998.0,11,9,834,9.3,2,0,2,2,0,0,2,0,0.22,5,2,40.0,0.54,0.22,0.4,1.0,0,0,1,10,15,6,2,0,0,3,0,,,,,,,,,,,,,,,814023,15937e17
535,Santi Comesaña,es ESP,MF,Villarreal,es La Liga,29.0,1996.0,26,21,1801,20.0,3,4,7,3,0,0,4,1,0.35,22,7,31.8,1.1,0.35,0.14,0.43,0,0,11,19,23,19,4,1,0,31,0,,,,,,,,,,,,,,,843678,5ae499d0
536,Pietro Comuzzo,it ITA,DF,Fiorentina,it Serie A,21.0,2005.0,21,16,1428,15.9,1,0,1,1,0,0,2,0,0.06,9,2,22.2,0.57,0.13,0.11,0.5,0,0,1,14,19,3,2,0,0,20,0,,,,,,,,,,,,,,,1210848,
537,Francisco Conceição,pt POR,MF,FW,Juventus,it Serie A,23.0,2002.0,22,18,1383,15.4,3,2,5,3,0,0,2,0,0.33,48,15,31.3,3.12,0.98,0.06,0.2,0,0,59,14,6,25,2,0,0,23,0,,,,,,,,,,,,,,979222,5ef3d210
538,Christian Conteh,de GER,MF,FW,Heidenheim,de Bundesliga,26.0,1999.0,4,3,261,2.9,0,0,0,0,0,0,0,0,0.0,3,0,0.0,1.03,0.0,0.0,,0,0,5,1,1,2,0,0,0,4,0,,,,,,,,,,,,,,933833,9d1e8e76
539,Sirlord Conteh,de GER,MF,FW,Heidenheim,de Bundesliga,29.0,1996.0,14,3,598,6.6,2,1,3,2,0,0,1,0,0.45,10,3,30.0,1.51,0.45,0.2,0.67,0,0,17,7,3,8,1,0,0,6,0,,,,,,,,,,,,,,800400,
540,Lewis Cook,eng ENG,MF,DF,Bournemouth,eng Premier League,29.0,1997.0,16,8,872,9.7,0,1,1,0,0,0,1,1,0.1,3,0,0.0,0.31,0.0,0.0,,0,0,44,17,21,5,1,1,0,8,0,,,,,,,,,,,,,,548188,2afc7272
541,Copete,es ESP,DF,Valencia,es La Liga,26.0,1999.0,21,19,1759,19.5,0,0,0,0,0,0,5,0,0.0,13,0,0.0,0.67,0.0,0.0,,0,0,4,15,25,11,5,0,0,20,1,,,,,,,,,,,,,,,913695,614a23a3
542,Diego Coppola,it ITA,DF,Paris FC,fr Ligue 1,22.0,2003.0,5,5,450,5.0,0,0,0,0,0,0,1,0,0.0,1,0,0.0,0.2,0.0,0.0,,0,0,0,3,2,3,1,0,0,4,0,,,,,,,,,,,,,,,1050692,
543,Diego Coppola,it ITA,DF,Brighton,eng Premier League,22.0,2003.0,5,2,194,2.2,0,0,0,0,0,0,2,0,0.0,0,0,,0.0,0.0,,,0,0,0,2,1,0,2,0,0,4,0,,,,,,,,,,,,,,,1050692,
544,Francesco Coppola,it ITA,DF,Pisa,it Serie A,20.0,2005.0,6,5,451,5.0,0,0,0,0,0,0,3,0,0.0,2,0,0.0,0.4,0.0,0.0,,0,0,2,5,5,8,3,0,0,7,0,,,,,,,,,,,,,,,1494096,
545,Francis Coquelin,fr FRA,MF,Nantes,fr Ligue 1,34.0,1991.0,12,5,433,4.8,0,0,0,0,0,0,1,0,0.0,4,1,25.0,0.83,0.21,0.0,0.0,0,0,0,8,3,5,1,0,0,9,0,,,,,,,,,,,,,,,40672,a6951bf8
546,Derek Cornelius,ca CAN,DF,FW,Marseille,fr Ligue 1,28.0,1997.0,2,0,58,0.6,0,0,0,0,0,0,0,0,0.0,0,0,,0.0,0.0,,,0,0,0,0,1,2,0,0,0,0,0,,,,,,,,,,,,,,801411,577744b8
547,Maxwel Cornet,ci CIV,MF,Genoa,it Serie A,29.0,1996.0,7,1,108,1.2,0,0,0,0,0,1,0,0,0.0,4,2,50.0,3.33,1.67,0.0,0.0,0,1,12,3,0,1,0,0,0,6,0,,,,,,,,,,,,,,,280439,beb391dd
548,Iván Corralejo,es ESP,MF,Real Betis,es La Liga,18.0,2007.0,1,0,15,0.2,0,0,0,0,0,0,0,0,0.0,0,0,,0.0,0.0,,,0,0,0,0,0,1,0,0,0,1,0,,,,,,,,,,,,,,,1542759,e47d11f8
549,Félix Correia,pt POR,MF,Lille,fr Ligue 1,25.0,2001.0,26,18,1493,16.6,3,5,8,3,0,0,2,0,0.48,25,5,20.0,1.51,0.3,0.12,0.6,0,0,69,7,18,20,2,0,0,9,0,,,,,,,,,,,,,,,934498,c803c92a
550,Thierry Correia,pt POR,DF,MF,Valencia,es La Liga,27.0,1999.0,19,15,1235,13.7,0,1,1,0,0,0,5,0,0.07,5,1,20.0,0.36,0.07,0.0,0.0,0,0,35,19,17,23,5,0,0,23,0,,,,,,,,,,,,,,851282,c78b352d
551,Paco Cortés,es ESP,MF,FW,Levante,es La Liga,18.0,2007.0,10,3,397,4.4,0,0,0,0,0,0,2,0,0.0,10,3,30.0,2.27,0.68,0.0,0.0,0,0,18,1,2,5,2,0,0,6,0,,,,,,,,,,,,,,1869106,
552,Edoardo Corvi,it ITA,GK,Parma,it Serie A,24.0,2001.0,16,16,1440,16.0,0,0,0,0,0,0,1,0,0.0,0,0,,0.0,0.0,,,0,0,0,0,0,5,1,0,0,0,0,18.0,1.13,59.0,43.0,74.6,7.0,4.0,5.0,6.0,37.5,3.0,3.0,0.0,0.0,990411,a89398db
553,Coba da Costa,es ESP,MF,Getafe,es La Liga,23.0,2002.0,14,2,348,3.9,0,0,0,0,0,0,1,0,0.0,5,1,20.0,1.29,0.26,0.0,0.0,0,0,23,6,0,6,1,0,0,7,0,,,,,,,,,,,,,,,1392054,
554,Danny da Costa,de GER,DF,MF,Mainz 05,de Bundesliga,32.0,1993.0,26,23,2112,23.5,2,3,5,2,0,0,3,0,0.21,11,5,45.5,0.47,0.21,0.18,0.4,0,0,41,18,23,19,3,0,0,20,1,,,,,,,,,,,,,,97926,077b773d
555,Samu Costa,pt POR,MF,Mallorca,es La Liga,25.0,2000.0,25,22,1956,21.7,5,0,5,5,0,0,9,0,0.23,22,10,45.5,1.01,0.46,0.23,0.5,0,0,22,22,19,52,9,0,0,48,0,,,,,,,,,,,,,,,988351,7efb2c41
556,David Costas,es ESP,DF,Oviedo,es La Liga,30.0,1995.0,18,17,1520,16.9,1,0,1,1,0,0,2,0,0.06,2,1,50.0,0.12,0.06,0.5,1.0,0,0,1,20,21,9,2,0,0,13,0,,,,,,,,,,,,,,,345333,545e2f01
557,Grégoire Coudert,fr FRA,GK,Brest,fr Ligue 1,26.0,1999.0,17,16,1472,16.4,0,0,0,0,0,0,0,0,0.0,0,0,,0.0,0.0,,,0,0,0,0,0,6,0,0,0,0,0,21.0,1.28,69.0,50.0,71.0,9.0,2.0,5.0,6.0,37.5,2.0,1.0,1.0,0.0,891508,
558,Vladimír Coufal,cz CZE,DF,MF,Hoffenheim,de Bundesliga,33.0,1992.0,26,26,2324,25.8,1,6,7,1,0,0,3,0,0.27,20,4,20.0,0.77,0.15,0.05,0.25,0,0,149,29,32,27,3,0,0,23,0,,,,,,,,,,,,,,138024,fdf3cb77
559,Abdoul Coulibaly,de GER,DF,Werder Bremen,de Bundesliga,18.0,2007.0,21,20,1730,19.2,1,0,1,1,0,0,5,1,0.05,6,1,16.7,0.31,0.05,0.17,1.0,0,0,11,12,21,6,5,1,1,16,1,,,,,,,,,,,,,,,1983088,fde1981a
560,Djibril Coulibaly,fr FRA,MF,Nice,fr Ligue 1,17.0,2008.0,1,0,6,0.1,0,0,0,0,0,0,0,0,0.0,0,0,,0.0,0.0,,,0,0,0,0,0,0,0,0,0,1,0,,,,,,,,,,,,,,,2020789,
561,Lassana Coulibaly,ml MLI,MF,Lecce,it Serie A,29.0,1996.0,25,24,2036,22.6,3,1,4,3,0,0,3,0,0.18,20,7,35.0,0.88,0.31,0.15,0.43,0,0,11,24,7,36,3,0,0,20,0,,,,,,,,,,,,,,,804621,85a44ecc
562,Lasso Coulibaly,ci CIV,MF,Auxerre,fr Ligue 1,23.0,2002.0,14,1,290,3.2,0,0,0,0,0,0,1,0,0.0,3,0,0.0,0.93,0.0,0.0,,0,0,16,5,6,10,1,0,0,8,0,,,,,,,,,,,,,,,1126588,
563,Mamadou Coulibaly,fr FRA,MF,Monaco,fr Ligue 1,21.0,2004.0,18,13,1100,12.2,3,3,6,3,0,0,5,1,0.49,7,4,57.1,0.57,0.33,0.43,0.75,0,0,8,17,17,12,5,1,0,26,0,,,,,,,,,,,,,,,1410148,c976160c
564,Soumaïla Coulibaly,fr FRA,DF,Brest,fr Ligue 1,22.0,2003.0,12,12,1063,11.8,0,0,0,0,0,0,3,0,0.0,6,2,33.3,0.51,0.17,0.0,0.0,0,0,1,9,11,14,3,0,0,19,1,,,,,,,,,,,,,,,1001858,38a1e813
565,Woyo Coulibaly,ml MLI,DF,Sassuolo,it Serie A,26.0,1999.0,13,5,586,6.5,0,0,0,0,0,0,2,0,0.0,3,1,33.3,0.46,0.15,0.0,0.0,0,0,5,5,6,11,2,0,0,9,0,,,,,,,,,,,,,,,989894,
566,Marius Courcoul,fr FRA,MF,Angers,fr Ligue 1,19.0,2007.0,17,3,353,3.9,0,0,0,0,0,0,0,0,0.0,2,1,50.0,0.51,0.25,0.0,0.0,0,0,0,8,3,3,0,0,0,5,0,,,,,,,,,,,,,,,1506932,
567,Thibaut Courtois,be BEL,GK,Real Madrid,es La Liga,33.0,1992.0,28,28,2520,28.0,0,0,0,0,0,0,1,0,0.0,0,0,,0.0,0.0,,,0,0,0,1,0,2,1,0,0,1,0,24.0,0.86,78.0,58.0,74.4,21.0,3.0,4.0,11.0,39.3,4.0,4.0,0.0,0.0,70988,1840e36d
568,Yan Couto,br BRA,MF,Dortmund,de Bundesliga,23.0,2002.0,17,11,987,11.0,1,2,3,1,0,0,4,0,0.27,8,3,37.5,0.73,0.27,0.13,0.33,0,0,54,15,9,13,4,0,0,14,0,,,,,,,,,,,,,,,1002813,1944818c
569,Patrice Čović,hr CRO,MF,Werder Bremen,de Bundesliga,18.0,2007.0,13,2,288,3.2,1,0,1,1,0,0,1,0,0.31,5,2,40.0,1.56,0.62,0.2,0.5,0,0,6,3,4,2,1,0,0,5,0,,,,,,,,,,,,,,,1596105,
570,Nicolas Cozza,fr FRA,DF,Nantes,fr Ligue 1,27.0,1999.0,21,17,1581,17.6,0,0,0,0,0,0,1,0,0.0,3,0,0.0,0.17,0.0,0.0,,0,0,17,13,12,17,1,0,0,13,0,,,,,,,,,,,,,,,886286,8f325097
571,Ben Cremaschi,us USA,MF,Parma,it Serie A,21.0,2005.0,8,2,132,1.5,0,0,0,0,0,0,0,0,0.0,1,0,0.0,0.68,0.0,0.0,,0,0,6,1,0,0,0,0,0,2,0,,,,,,,,,,,,,,,1459459,03a446a2
572,Charlie Cresswell,eng ENG,DF,Toulouse,fr Ligue 1,23.0,2002.0,24,24,2160,24.0,3,2,5,3,0,0,6,0,0.21,31,9,29.0,1.29,0.37,0.1,0.33,0,0,1,12,25,14,6,0,0,28,0,,,,,,,,,,,,,,,1020744,4654e5f5
573,Bryan Cristante,it ITA,MF,Roma,it Serie A,31.0,1995.0,28,27,2316,25.7,2,1,3,2,0,0,6,0,0.12,35,8,22.9,1.36,0.31,0.06,0.25,0,0,14,29,18,6,6,0,0,50,0,,,,,,,,,,,,,,,186855,16657b95
574,Juan Cruz Armada,es ESP,DF,Osasuna,es La Liga,33.0,1992.0,14,7,604,6.7,0,0,0,0,0,0,0,0,0.0,1,0,0.0,0.15,0.0,0.0,,0,0,5,3,3,2,0,0,0,4,0,,,,,,,,,,,,,,,,a56da3ba
575,Juan Cuadrado,co COL,MF,Pisa,it Serie A,37.0,1988.0,13,2,409,4.5,1,0,1,0,1,1,3,0,0.0,8,2,25.0,1.76,0.44,0.0,0.0,1,1,31,8,4,11,3,0,0,8,0,,,,,,,,,,,,,,,47743,0ab1f153
576,Pau Cubarsí,es ESP,DF,Barcelona,es La Liga,19.0,2007.0,23,23,2012,22.4,1,0,1,1,0,0,2,0,0.04,10,2,20.0,0.45,0.09,0.1,0.5,0,0,0,21,22,6,2,0,0,20,0,,,,,,,,,,,,,,,1402913,cc7888f3
577,Cucho,co COL,FW,Real Betis,es La Liga,26.0,1999.0,23,22,1912,21.2,8,3,11,7,1,1,3,0,0.47,67,17,25.4,3.15,0.8,0.1,0.41,1,1,16,13,9,26,3,0,0,19,0,,,,,,,,,,,,,,,931693,71b47ab9
578,Marc Cucurella,es ESP,DF,Chelsea,eng Premier League,27.0,1998.0,26,23,1987,22.1,1,3,4,1,0,0,5,1,0.18,15,4,26.7,0.68,0.18,0.07,0.25,0,0,25,32,19,20,5,1,0,33,0,,,,,,,,,,,,,,,794939,1daec722
579,Jorge Cuenca,es ESP,DF,Fulham,eng Premier League,26.0,1999.0,14,11,933,10.4,0,0,0,0,0,0,5,0,0.0,1,0,0.0,0.1,0.0,0.0,,0,0,2,10,15,1,5,0,0,9,0,,,,,,,,,,,,,,,868715,0abc51f2
580,Montrell Culbreath,de GER,MF,Leverkusen,de Bundesliga,18.0,2007.0,4,2,185,2.1,1,0,1,1,0,0,0,0,0.49,3,1,33.3,1.46,0.49,0.33,1.0,0,0,4,5,3,4,0,0,0,2,0,,,,,,,,,,,,,,,1568522,
581,Josh Cullen,ie IRL,MF,Burnley,eng Premier League,29.0,1996.0,18,18,1514,16.8,2,2,4,2,0,0,2,0,0.24,11,6,54.5,0.65,0.36,0.18,0.33,0,0,12,19,24,18,2,0,0,16,1,,,,,,,,,,,,,,,792122,f6d7d690
582,Pablo Cuñat,es ESP,GK,Levante,es La Liga,23.0,2002.0,2,2,180,2.0,0,0,0,0,0,0,0,0,0.0,0,0,,0.0,0.0,,,0,0,0,0,0,0,0,0,0,0,0,5.0,2.5,16.0,11.0,68.8,0.0,0.0,2.0,0.0,0.0,0.0,0.0,0.0,0.0,1085579,
583,Jair Cunha,br BRA,DF,Nottingham Forest,eng Premier League,21.0,2005.0,3,2,215,2.4,0,0,0,0,0,0,0,0,0.0,2,0,0.0,0.84,0.0,0.0,,0,0,0,3,3,1,0,0,0,0,0,,,,,,,,,,,,,,,,
584,Matheus Cunha,br BRA,MF,FW,Manchester Utd,eng Premier League,26.0,1999.0,27,23,1988,22.1,7,2,9,7,0,0,1,0,0.41,70,28,40.0,3.17,1.27,0.1,0.25,0,0,40,19,15,47,1,0,0,17,0,,,,,,,,,,,,,,886363,dc62b55d
585,Patrick Cutrone,it ITA,FW,Parma,it Serie A,28.0,1998.0,15,11,888,9.9,1,0,1,1,0,0,0,0,0.1,25,7,28.0,2.53,0.71,0.04,0.14,0,0,12,1,3,16,0,0,0,7,0,,,,,,,,,,,,,,,795044,a4fe8cda
586,Lucas Da Cunha,fr FRA,MF,Como,it Serie A,24.0,2001.0,27,23,2030,22.6,3,3,6,1,2,2,4,0,0.18,29,10,34.5,1.29,0.44,0.03,0.1,2,2,63,22,13,16,4,0,0,28,0,,,,,,,,,,,,,,,911848,007faf7a
587,Adam Daghim,dk DEN,MF,Wolfsburg,de Bundesliga,20.0,2005.0,20,9,1060,11.8,2,2,4,2,0,0,1,0,0.34,18,5,27.8,1.53,0.42,0.11,0.4,0,0,15,17,8,20,1,0,0,14,0,,,,,,,,,,,,,,,1180758,
588,Finn Dahmen,de GER,GK,Augsburg,de Bundesliga,27.0,1998.0,26,26,2340,26.0,0,0,0,0,0,0,1,0,0.0,1,0,0.0,0.04,0.0,0.0,,0,0,0,0,0,4,1,0,0,0,0,45.0,1.73,109.0,71.0,64.2,9.0,4.0,13.0,5.0,19.2,7.0,6.0,1.0,0.0,822564,dee3013b
589,Mahmoud Dahoud,de GER,MF,FW,Eintracht Frankfurt,de Bundesliga,30.0,1996.0,13,7,629,7.0,2,2,4,2,0,0,0,0,0.57,15,2,13.3,2.15,0.29,0.13,1.0,0,0,7,7,9,1,0,0,0,15,0,,,,,,,,,,,,,,341589,db4ed67b
590,David Daiber,pt POR,FW,Bayern Munich,de Bundesliga,19.0,2007.0,2,0,29,0.3,0,0,0,0,0,0,0,0,0.0,1,0,0.0,3.1,0.0,0.0,,0,0,0,0,0,0,0,0,0,2,0,,,,,,,,,,,,,,,1489220,c0ce0679
591,Ameen Al-Dakhil,be BEL,DF,Stuttgart,de Bundesliga,24.0,2002.0,8,3,380,4.2,0,0,0,0,0,0,1,0,0.0,1,0,0.0,0.24,0.0,0.0,,0,0,0,3,5,0,1,0,0,1,0,,,,,,,,,,,,,,,1979970,93e08bce
592,Thijs Dallinga,nl NED,FW,Bologna,it Serie A,25.0,2000.0,20,9,770,8.6,2,2,4,2,0,0,2,0,0.47,24,5,20.8,2.81,0.58,0.08,0.4,0,0,5,4,1,9,2,0,0,19,0,,,,,,,,,,,,,,,905381,51590dff
593,Diogo Dalot,pt POR,MF,DF,Manchester Utd,eng Premier League,26.0,1999.0,28,24,2143,23.8,1,3,4,1,0,0,5,0,0.17,20,6,30.0,0.84,0.25,0.05,0.17,0,0,51,25,21,11,5,0,0,22,0,,,,,,,,,,,,,,843200,d9565625
594,Muhammed Damar,de GER,MF,FW,Hoffenheim,de Bundesliga,21.0,2004.0,12,2,259,2.9,0,0,0,0,0,0,0,0,0.0,11,7,63.6,3.82,2.43,0.0,0.0,0,0,32,3,1,2,0,0,0,3,0,,,,,,,,,,,,,,1128638,
595,Mikkel Damsgaard,dk DEN,MF,Brentford,eng Premier League,25.0,2000.0,26,18,1575,17.5,3,4,7,3,0,0,0,0,0.4,20,9,45.0,1.14,0.51,0.15,0.33,0,0,83,25,18,18,0,0,0,15,0,,,,,,,,,,,,,,,907072,215f3907
596,Arnaut Danjuma,nl NED,MF,FW,Valencia,es La Liga,29.0,1997.0,26,18,1556,17.3,3,2,5,3,0,1,0,0,0.29,35,14,40.0,2.02,0.81,0.09,0.21,0,1,39,10,1,22,0,0,0,20,0,,,,,,,,,,,,,,827064,f08490a6
597,Kévin Danois,fr FRA,MF,Auxerre,fr Ligue 1,21.0,2004.0,25,24,2114,23.5,2,1,3,2,0,0,3,0,0.13,21,6,28.6,0.89,0.26,0.1,0.33,0,0,98,28,30,18,3,0,0,23,0,,,,,,,,,,,,,,,1151803,93508980
598,Kevin Danso,at AUT,DF,Tottenham Hotspur,eng Premier League,27.0,1998.0,16,10,843,9.4,0,0,0,0,0,0,4,0,0.0,3,1,33.3,0.32,0.11,0.0,0.0,0,0,5,8,8,8,4,0,0,11,0,,,,,,,,,,,,,,,794953,6e33125f
599,Dante,br BRA,DF,Nice,fr Ligue 1,42.0,1983.0,9,7,644,7.2,0,0,0,0,0,0,1,0,0.0,4,1,25.0,0.56,0.14,0.0,0.0,0,0,0,4,10,2,1,0,0,6,0,,,,,,,,,,,,,,,3577,fd2bc67d
600,Bence Dárdai,hu HUN,MF,Wolfsburg,de Bundesliga,20.0,2006.0,1,0,35,0.4,0,0,0,0,0,0,0,0,0.0,0,0,,0.0,0.0,,,0,0,0,1,1,0,0,0,0,1,0,,,,,,,,,,,,,,,1418624,dcb6f03c
601,Aiman Dardari,lu LUX,MF,Augsburg,de Bundesliga,20.0,2005.0,3,0,34,0.4,0,0,0,0,0,0,1,0,0.0,1,0,0.0,2.65,0.0,0.0,,0,0,0,0,0,1,1,0,0,1,0,,,,,,,,,,,,,,,1481370,
602,Sergi Darder,es ESP,MF,Mallorca,es La Liga,32.0,1993.0,28,21,1891,21.0,1,4,5,1,0,0,3,0,0.24,28,8,28.6,1.33,0.38,0.04,0.13,0,0,129,8,15,21,3,0,0,15,0,,,,,,,,,,,,,,,110783,070a3904
603,Karl Darlow,wls WAL,GK,Leeds United,eng Premier League,35.0,1990.0,14,14,1260,14.0,0,0,0,0,0,0,1,0,0.0,0,0,,0.0,0.0,,,0,0,0,0,0,5,1,0,0,0,0,19.0,1.36,51.0,34.0,66.7,3.0,5.0,6.0,2.0,14.3,2.0,2.0,0.0,0.0,123689,cde3309f
604,Matteo Darmian,it ITA,DF,MF,Inter,it Serie A,36.0,1989.0,3,0,73,0.8,0,0,0,0,0,0,0,0,0.0,0,0,,0.0,0.0,,,0,0,1,0,1,1,0,0,0,1,0,,,,,,,,,,,,,,19352,96e0490d
605,David Datro Fofana,ci CIV,FW,Strasbourg,fr Ligue 1,23.0,2002.0,3,1,81,0.9,0,0,0,0,0,0,0,0,0.0,2,0,0.0,2.22,0.0,0.0,,0,0,0,1,1,0,0,0,0,2,0,,,,,,,,,,,,,,,1090458,e82900ef
606,Juan David Cabal,co COL,MF,Juventus,it Serie A,25.0,2001.0,12,2,296,3.3,2,0,2,2,0,0,1,0,0.61,5,2,40.0,1.52,0.61,0.4,1.0,0,0,4,5,4,1,1,0,0,4,0,,,,,,,,,,,,,,,988037,c0ce0679
607,Jonathan David,ca CAN,FW,Juventus,it Serie A,26.0,2000.0,28,16,1420,15.8,5,4,9,5,0,1,0,0,0.57,35,15,42.9,2.22,0.95,0.14,0.33,0,1,8,7,6,20,0,0,0,22,0,,,,,,,,,,,,,,,935564,ce50fd99
608,Alphonso Davies,ca CAN,DF,Bayern Munich,de Bundesliga,25.0,2000.0,8,4,358,4.0,0,1,1,0,0,0,1,0,0.25,2,0,0.0,0.5,0.0,0.0,,0,0,5,6,2,4,1,0,0,2,0,,,,,,,,,,,,,,,843665,d781d855
609,Ben Davies,wls WAL,DF,Tottenham Hotspur,eng Premier League,32.0,1993.0,3,2,137,1.5,1,0,1,1,0,0,1,0,0.66,2,2,100.0,1.31,1.31,0.5,0.5,0,0,3,4,1,0,1,0,0,2,0,,,,,,,,,,,,,,,94758,44781702
610,Davinchi,es ESP,DF,Getafe,es La Liga,18.0,2007.0,7,4,429,4.8,0,0,0,0,0,0,1,0,0.0,3,1,33.3,0.63,0.21,0.0,0.0,0,0,13,10,4,1,1,0,0,14,0,,,,,,,,,,,,,,,1918369,
611,Keinan Davis,eng ENG,FW,Udinese,it Serie A,28.0,1998.0,25,23,1725,19.2,9,3,12,5,4,4,4,0,0.42,42,19,45.2,2.19,0.99,0.12,0.26,4,4,3,4,0,45,4,0,0,36,0,,,,,,,,,,,,,,,830858,9deaf2c8
612,Kevin De Bruyne,be BEL,MF,Napoli,it Serie A,34.0,1991.0,10,7,623,6.9,4,0,4,1,3,3,1,0,0.14,18,7,38.9,2.6,1.01,0.06,0.14,3,3,29,3,5,4,1,0,0,6,0,,,,,,,,,,,,,,,70996,e46012d4
613,Mathys De Carvalho,fr FRA,MF,Lyon,fr Ligue 1,20.0,2005.0,10,3,288,3.2,0,0,0,0,0,0,1,0,0.0,7,2,28.6,2.19,0.62,0.0,0.0,0,0,2,5,3,5,1,0,0,2,0,,,,,,,,,,,,,,,1545023,d4b242a4
614,Maxim De Cuyper,be BEL,DF,MF,Brighton,eng Premier League,25.0,2000.0,24,14,1152,12.8,2,0,2,2,0,0,2,0,0.16,11,6,54.5,0.86,0.47,0.18,0.33,0,0,57,9,9,18,2,0,0,15,0,,,,,,,,,,,,,,997152,d494882e
615,Charles De Ketelaere,be BEL,MF,FW,Atalanta,it Serie A,25.0,2001.0,22,18,1555,17.3,3,3,6,3,0,0,3,0,0.35,35,14,40.0,2.03,0.81,0.09,0.21,0,0,38,9,2,26,3,0,0,16,0,,,,,,,,,,,,,,960441,2ef7c612
616,Jeffrey De Lange,nl NED,GK,Marseille,fr Ligue 1,27.0,1998.0,4,4,360,4.0,0,0,0,0,0,0,0,0,0.0,0,0,,0.0,0.0,,,0,0,0,0,0,0,0,0,0,0,0,8.0,2.0,19.0,11.0,57.9,3.0,0.0,1.0,1.0,25.0,0.0,0.0,0.0,0.0,803034,c31cf14b
617,Manuel De Luca,it ITA,FW,Cremonese,it Serie A,27.0,1998.0,2,0,16,0.2,1,0,1,0,1,1,0,0,0.0,2,2,100.0,11.25,11.25,0.0,0.0,1,1,0,0,0,1,0,0,0,1,0,,,,,,,,,,,,,,,850971,60e3603d
618,Théo De Percin,mq MTQ,GK,Auxerre,fr Ligue 1,25.0,2001.0,3,2,226,2.5,0,0,0,0,0,0,0,0,0.0,0,0,,0.0,0.0,,,0,0,0,0,0,1,0,0,0,0,0,4.0,1.59,11.0,7.0,63.6,0.0,0.0,2.0,0.0,0.0,0.0,0.0,0.0,0.0,1095836,afbb55d2
619,Lorenzo De Silvestri,it ITA,DF,Bologna,it Serie A,37.0,1988.0,9,4,317,3.5,0,0,0,0,0,0,2,0,0.0,0,0,,0.0,0.0,,,0,0,3,0,4,2,2,0,0,5,0,,,,,,,,,,,,,,,14718,e74f0e59
620,Thibault De Smet,be BEL,DF,Paris FC,fr Ligue 1,27.0,1998.0,16,12,1057,11.7,0,1,1,0,0,0,6,2,0.09,4,0,0.0,0.34,0.0,0.0,,0,0,24,11,10,13,6,2,2,11,0,,,,,,,,,,,,,,,844744,5fdcb075
621,Koni De Winter,be BEL,DF,Milan,it Serie A,23.0,2002.0,21,15,1458,16.2,1,1,2,1,0,0,1,0,0.12,7,1,14.3,0.43,0.06,0.14,1.0,0,0,4,15,11,8,1,0,0,24,0,,,,,,,,,,,,,,,1001828,f4797849
622,Alessandro Deiola,it ITA,MF,DF,Cagliari,it Serie A,30.0,1995.0,12,11,958,10.6,0,2,2,0,0,0,3,0,0.19,6,3,50.0,0.56,0.28,0.0,0.0,0,0,1,17,12,9,3,0,0,17,0,,,,,,,,,,,,,,328109,7f267d66
623,Romain Del Castillo,fr FRA,MF,FW,Brest,fr Ligue 1,29.0,1996.0,24,24,1971,21.9,8,2,10,2,6,8,1,1,0.18,26,11,42.3,1.19,0.5,0.08,0.18,6,8,164,31,18,29,1,1,0,23,0,,,,,,,,,,,,,,825681,0be95d34
624,Enrico Del Prato,it ITA,DF,Parma,it Serie A,26.0,1999.0,28,27,2348,26.1,1,0,1,1,0,0,5,0,0.04,15,7,46.7,0.57,0.27,0.07,0.14,0,0,11,16,22,10,5,0,0,16,0,,,,,,,,,,,,,,,,4c6f9258
625,Thomas Delaine,fr FRA,MF,DF,Le Havre,fr Ligue 1,33.0,1992.0,5,2,201,2.2,0,0,0,0,0,0,1,0,0.0,3,0,0.0,1.34,0.0,0.0,,0,0,18,0,3,1,1,0,0,2,0,,,,,,,,,,,,,,153218,8332db56
626,Liam Delap,eng ENG,FW,Chelsea,eng Premier League,23.0,2003.0,21,9,783,8.7,1,0,1,1,0,0,2,0,0.11,31,11,35.5,3.56,1.26,0.03,0.09,0,0,6,3,1,14,2,0,0,17,0,,,,,,,,,,,,,,,997087,dd897ee7
627,Fisayo Dele-Bashiru,ng NGA,MF,Lazio,it Serie A,25.0,2001.0,15,7,677,7.5,0,0,0,0,0,0,0,0,0.0,5,0,0.0,0.66,0.0,0.0,,0,0,7,8,2,2,0,0,0,3,0,,,,,,,,,,,,,,,910121,121a4fb8
628,Olivier Deman,be BEL,MF,DF,Werder Bremen,de Bundesliga,25.0,2000.0,8,6,534,5.9,1,1,2,1,0,0,2,0,0.34,6,2,33.3,1.01,0.34,0.17,0.5,0,0,33,10,4,4,2,0,0,11,0,,,,,,,,,,,,,,960114,
629,Pape Demba Diop,sn SEN,MF,Toulouse,fr Ligue 1,22.0,2003.0,9,9,778,8.6,1,2,3,1,0,0,2,0,0.35,21,10,47.6,2.43,1.16,0.05,0.1,0,0,13,14,18,12,2,0,0,11,0,,,,,,,,,,,,,,,1410217,8b683d09
630,Ali Dembélé,fr FRA,DF,Torino,it Serie A,22.0,2004.0,2,0,21,0.2,0,0,0,0,0,0,0,0,0.0,1,0,0.0,4.29,0.0,0.0,,0,0,0,0,0,0,0,0,0,0,0,,,,,,,,,,,,,,,1397347,c12f9251
631,Ousmane Dembélé,fr FRA,FW,Paris Saint-Germain,fr Ligue 1,28.0,1997.0,15,7,719,8.0,8,4,12,6,2,3,0,0,1.25,30,13,43.3,3.76,1.63,0.2,0.46,2,3,41,2,0,2,0,0,0,2,0,,,,,,,,,,,,,,,818244,b19db005
632,Jessy Deminguet,fr FRA,MF,Metz,fr Ligue 1,28.0,1998.0,24,18,1425,15.8,1,0,1,1,0,0,4,0,0.06,11,4,36.4,0.69,0.25,0.09,0.25,0,0,15,15,15,21,4,0,0,20,0,,,,,,,,,,,,,,,902657,
633,Ermedin Demirović,ba BIH,FW,Stuttgart,de Bundesliga,27.0,1998.0,17,14,1155,12.8,8,2,10,7,1,1,4,0,0.7,28,14,50.0,2.18,1.09,0.25,0.5,1,1,1,8,2,19,4,0,0,26,0,,,,,,,,,,,,,,,878081,ed79b7d3
634,Rav van den Berg,nl NED,DF,Köln,de Bundesliga,21.0,2004.0,12,10,951,10.6,0,1,1,0,0,0,0,1,0.09,1,0,0.0,0.09,0.0,0.0,,0,0,0,6,11,1,0,1,0,9,0,,,,,,,,,,,,,,,1014493,e962e4b5
635,Sepp van den Berg,nl NED,DF,Brentford,eng Premier League,24.0,2001.0,25,24,2214,24.6,0,1,1,0,0,0,1,0,0.04,20,6,30.0,0.81,0.24,0.0,0.0,0,0,0,6,24,9,1,0,0,12,0,,,,,,,,,,,,,,,924378,7bf9400b
636,Branco van den Boomen,nl NED,MF,Angers,fr Ligue 1,30.0,1995.0,7,6,538,6.0,0,1,1,0,0,0,2,0,0.17,9,2,22.2,1.51,0.33,0.0,0.0,0,0,34,5,3,4,2,0,0,11,0,,,,,,,,,,,,,,,190883,99d660b2
637,Leander Dendoncker,be BEL,MF,Oviedo,es La Liga,30.0,1995.0,19,15,1330,14.8,1,0,1,1,0,0,2,0,0.07,9,4,44.4,0.61,0.27,0.11,0.25,0,0,5,25,11,3,2,0,0,12,0,,,,,,,,,,,,,,,190405,5a7301ae
638,Daniel Denoon,ch SUI,DF,Pisa,it Serie A,22.0,2004.0,2,2,122,1.4,0,0,0,0,0,0,1,0,0.0,0,0,,0.0,0.0,,,0,0,0,2,1,3,1,0,0,4,0,,,,,,,,,,,,,,,1922473,636fc976
639,Nelson Deossa,co COL,MF,Real Betis,es La Liga,26.0,2000.0,16,7,602,6.7,0,0,0,0,0,0,3,0,0.0,16,0,0.0,2.39,0.0,0.0,,0,0,5,7,5,22,3,0,0,15,0,,,,,,,,,,,,,,,1129401,
640,Rémy Descamps,fr FRA,GK,Lyon,fr Ligue 1,29.0,1996.0,5,5,450,5.0,0,0,0,0,0,0,0,0,0.0,0,0,,0.0,0.0,,,0,0,0,0,0,0,0,0,0,0,1,3.0,0.6,17.0,14.0,82.4,3.0,1.0,1.0,4.0,80.0,0.0,0.0,0.0,0.0,788180,477e50ce
641,Bahmed Deuff,mr MTN,MF,Nantes,fr Ligue 1,20.0,2006.0,10,1,232,2.6,0,0,0,0,0,0,1,0,0.0,6,2,33.3,2.33,0.78,0.0,0.0,0,0,1,2,2,3,1,0,0,6,0,,,,,,,,,,,,,,,1562126,
642,Justin Devenny,nir NIR,MF,FW,Crystal Palace,eng Premier League,22.0,2003.0,18,5,603,6.7,1,0,1,0,1,1,0,0,0.0,13,4,30.8,1.94,0.6,0.0,0.0,1,1,9,8,0,6,0,0,0,10,0,,,,,,,,,,,,,,1084311,
643,Tidiane Devernois,fr FRA,MF,Auxerre,fr Ligue 1,18.0,2007.0,2,0,10,0.1,0,0,0,0,0,0,0,0,0.0,0,0,,0.0,0.0,,,0,0,3,0,0,0,0,0,0,0,0,,,,,,,,,,,,,,,1927719,
644,Kiernan Dewsbury-Hall,eng ENG,MF,Everton,eng Premier League,27.0,1998.0,23,22,1917,21.3,6,3,9,6,0,0,6,0,0.42,29,10,34.5,1.36,0.47,0.21,0.6,0,0,89,17,11,38,6,0,0,25,0,,,,,,,,,,,,,,,861970,5c74c0f5
645,Michele Di Gregorio,it ITA,GK,Juventus,it Serie A,28.0,1997.0,23,23,2070,23.0,0,0,0,0,0,0,1,0,0.0,0,0,,0.0,0.0,,,0,0,0,0,0,5,1,0,0,0,0,22.0,0.96,67.0,46.0,68.7,12.0,7.0,4.0,9.0,39.1,2.0,1.0,0.0,1.0,844609,4e0c8d66
646,Giovanni Di Lorenzo,it ITA,DF,MF,Napoli,it Serie A,32.0,1993.0,23,23,2009,22.3,1,1,2,1,0,0,1,0,0.09,23,8,34.8,1.03,0.36,0.04,0.13,0,0,34,26,9,21,1,0,0,31,0,,,,,,,,,,,,,,153257,230a2fac
647,Alessandro Di Pardo,it ITA,DF,MF,Cagliari,it Serie A,26.0,1999.0,3,0,54,0.6,0,0,0,0,0,0,0,0,0.0,1,0,0.0,1.67,0.0,0.0,,0,0,0,1,0,1,0,0,0,0,0,,,,,,,,,,,,,,928814,e0ce7038
648,Boulaye Dia,sn SEN,FW,MF,Lazio,it Serie A,29.0,1996.0,18,11,927,10.3,1,0,1,1,0,0,0,0,0.1,10,6,60.0,0.97,0.58,0.1,0.17,0,0,0,7,1,9,0,0,0,12,0,,,,,,,,,,,,,,960080,244bc2c8
649,Bambo Diaby,sn SEN,DF,Elche,es La Liga,28.0,1997.0,4,1,102,1.1,0,0,0,0,0,0,1,0,0.0,0,0,,0.0,0.0,,,0,0,0,0,1,3,1,0,0,3,0,,,,,,,,,,,,,,,849731,7fd1abc5
650,Mouctar Diakhaby,gn GUI,DF,Valencia,es La Liga,29.0,1996.0,8,7,543,6.0,1,0,1,1,0,0,3,0,0.17,4,3,75.0,0.66,0.5,0.25,0.33,0,0,0,6,9,3,3,0,0,7,0,,,,,,,,,,,,,,,797306,d2110326
651,Bafodé Diakité,fr FRA,DF,Bournemouth,eng Premier League,25.0,2001.0,18,15,1277,14.2,0,0,0,0,0,0,1,0,0.0,1,0,0.0,0.07,0.0,0.0,,0,0,1,15,10,4,1,0,0,8,0,,,,,,,,,,,,,,,962408,1bfb6fef
652,Amad Diallo,ci CIV,MF,Manchester Utd,eng Premier League,23.0,2002.0,24,21,1828,20.3,2,2,4,2,0,0,2,0,0.2,41,16,39.0,2.02,0.79,0.05,0.13,0,0,40,18,12,33,2,0,0,18,0,,,,,,,,,,,,,,,971037,9dc96f10
653,Habib Diallo,sn SEN,FW,Metz,fr Ligue 1,30.0,1995.0,19,17,1573,17.5,4,1,5,4,0,1,0,0,0.29,33,12,36.4,1.89,0.69,0.12,0.33,0,1,4,4,2,26,0,0,0,25,0,,,,,,,,,,,,,,,802159,
654,Zoumana Diallo,fr FRA,FW,Nice,fr Ligue 1,21.0,2005.0,1,0,10,0.1,0,0,0,0,0,0,0,0,0.0,0,0,,0.0,0.0,,,0,0,0,0,0,1,0,0,0,2,0,,,,,,,,,,,,,,,1214843,
655,Grady Diangana,cd COD,MF,FW,Elche,es La Liga,27.0,1998.0,16,10,700,7.8,1,0,1,1,0,0,2,0,0.13,13,2,15.4,1.67,0.26,0.08,0.5,0,0,10,3,4,16,2,0,0,11,0,,,,,,,,,,,,,,848512,f522d7ec
656,Assane Diao,sn SEN,MF,Como,it Serie A,20.0,2005.0,8,4,366,4.1,0,0,0,0,0,0,0,0,0.0,9,3,33.3,2.21,0.74,0.0,0.0,0,0,6,0,1,16,0,0,0,5,0,,,,,,,,,,,,,,,1493689,
657,Soriba Diaoune,fr FRA,MF,Lille,fr Ligue 1,18.0,2007.0,10,1,185,2.1,1,1,2,1,0,0,0,0,0.97,10,4,40.0,4.86,1.95,0.1,0.25,0,0,5,2,1,3,0,0,0,5,0,,,,,,,,,,,,,,,1936816,
658,Habib Diarra,sn SEN,MF,Sunderland,eng Premier League,22.0,2004.0,13,11,1014,11.3,2,0,2,1,1,1,4,0,0.09,16,6,37.5,1.42,0.53,0.06,0.17,1,1,17,3,3,17,4,0,0,13,0,,,,,,,,,,,,,,,1128532,
659,Moussa Diarra,ml MLI,DF,Alavés,es La Liga,25.0,2000.0,3,3,216,2.4,0,0,0,0,0,0,1,0,0.0,0,0,,0.0,0.0,,,0,0,1,2,1,1,1,0,0,4,0,,,,,,,,,,,,,,,985262,698f11e3
660,Rúben Dias,pt POR,DF,Manchester City,eng Premier League,28.0,1997.0,25,23,2051,22.8,2,0,2,2,0,0,3,0,0.09,10,4,40.0,0.44,0.18,0.2,0.5,0,0,9,6,22,9,3,0,0,14,0,,,,,,,,,,,,,,,318941,31c69ef1
661,Krépin Diatta,sn SEN,MF,DF,Monaco,fr Ligue 1,27.0,1999.0,14,9,846,9.4,0,1,1,0,0,0,1,0,0.11,5,1,20.0,0.53,0.11,0.0,0.0,0,0,33,15,15,8,1,0,0,7,0,,,,,,,,,,,,,,873534,8104e41e
662,Mory Diaw,sn SEN,GK,Le Havre,fr Ligue 1,32.0,1993.0,22,22,1935,21.5,0,1,1,0,0,0,1,0,0.05,0,0,,0.0,0.0,,,0,0,0,0,2,4,1,0,0,0,0,29.0,1.35,80.0,56.0,68.8,5.0,7.0,10.0,6.0,27.3,5.0,4.0,1.0,0.0,580226,f41a69e6
663,Brahim Díaz,ma MAR,FW,MF,Real Madrid,es La Liga,26.0,1999.0,20,5,613,6.8,0,4,4,0,0,0,1,0,0.59,8,2,25.0,1.17,0.29,0.0,0.0,0,0,10,7,1,16,1,0,0,10,0,,,,,,,,,,,,,,835485,407feb71
664,Daniel Díaz,es ESP,FW,Real Sociedad,es La Liga,19.0,2006.0,1,0,18,0.2,0,0,0,0,0,0,0,0,0.0,0,0,,0.0,0.0,,,0,0,1,0,0,0,0,0,0,0,0,,,,,,,,,,,,,,,1435393,636fc976
665,Julio Diaz,es ESP,DF,Atlético Madrid,es La Liga,21.0,2005.0,1,1,90,1.0,0,0,0,0,0,0,0,0,0.0,1,0,0.0,1.0,0.0,0.0,,0,0,2,1,0,2,0,0,0,1,0,,,,,,,,,,,,,,,1402990,f3541f8a
666,Junior Diaz,ci CIV,DF,Brest,fr Ligue 1,22.0,2003.0,15,13,1206,13.4,0,0,0,0,0,0,2,0,0.0,4,0,0.0,0.3,0.0,0.0,,0,0,0,12,19,7,2,0,0,5,0,,,,,,,,,,,,,,,38801,a83f301d
667,Luis Díaz,co COL,MF,Bayern Munich,de Bundesliga,29.0,1997.0,25,23,2069,23.0,15,11,26,15,0,0,7,1,1.13,71,33,46.5,3.09,1.44,0.21,0.45,0,0,38,13,12,30,7,1,1,28,0,,,,,,,,,,,,,,,883537,1c9838aa
668,Pedro Díaz,es ESP,MF,FW,Rayo Vallecano,es La Liga,27.0,1998.0,25,15,1328,14.8,0,0,0,0,0,0,1,0,0.0,32,5,15.6,2.17,0.34,0.0,0.0,0,0,31,18,3,7,1,0,0,11,0,,,,,,,,,,,,,,900669,f74a5bdc
669,Tyler Dibling,eng ENG,MF,Everton,eng Premier League,20.0,2006.0,14,4,358,4.0,0,0,0,0,0,0,2,0,0.0,4,0,0.0,1.01,0.0,0.0,,0,0,7,3,6,11,2,0,0,11,0,,,,,,,,,,,,,,,1174472,
670,Nouha Dicko,ml MLI,FW,MF,Paris FC,fr Ligue 1,33.0,1992.0,8,0,72,0.8,1,1,2,1,0,0,0,0,2.5,4,2,50.0,5.0,2.5,0.25,0.5,0,0,2,0,0,4,0,0,0,4,0,,,,,,,,,,,,,,204286,c6caef02
671,Bamba Dieng,sn SEN,FW,Lorient,fr Ligue 1,25.0,2000.0,14,8,685,7.6,7,1,8,6,1,1,2,0,0.92,29,16,55.2,3.81,2.1,0.21,0.38,1,1,2,2,1,8,2,0,0,12,0,,,,,,,,,,,,,,,1102503,40774c6b
672,Eric Dier,eng ENG,DF,Monaco,fr Ligue 1,32.0,1994.0,8,7,672,7.5,1,0,1,1,0,0,0,0,0.13,3,2,66.7,0.4,0.27,0.33,0.5,0,0,2,2,10,4,0,0,0,9,0,,,,,,,,,,,,,,,146101,ac861941
673,Lucas Digne,fr FRA,DF,Aston Villa,eng Premier League,32.0,1993.0,25,17,1467,16.3,0,4,4,0,0,0,3,0,0.25,10,5,50.0,0.61,0.31,0.0,0.0,0,0,83,19,10,11,3,0,0,11,0,,,,,,,,,,,,,,,96538,1b84dbe1
674,Kevin Diks,id IDN,DF,Gladbach,de Bundesliga,29.0,1996.0,23,22,1952,21.7,4,0,4,0,4,4,5,0,0.0,19,10,52.6,0.88,0.46,0.0,0.0,4,4,4,28,19,16,5,0,0,12,0,,,,,,,,,,,,,,,583806,f179ee11
675,Federico Dimarco,it ITA,MF,Inter,it Serie A,28.0,1997.0,27,23,2139,23.8,6,13,19,6,0,0,2,0,0.8,56,18,32.1,2.36,0.76,0.11,0.33,0,0,244,30,22,17,2,0,0,32,0,,,,,,,,,,,,,,,284361,970b8574
676,Stole Dimitrievski,mk MKD,GK,Valencia,es La Liga,32.0,1993.0,10,10,900,10.0,0,0,0,0,0,0,0,0,0.0,0,0,,0.0,0.0,,,0,0,0,0,0,2,0,0,0,0,0,12.0,1.2,33.0,24.0,72.7,5.0,1.0,4.0,3.0,30.0,3.0,3.0,0.0,0.0,97951,fc70e345
677,Junior Dina Ebimbe,cm CMR,MF,FW,Brest,fr Ligue 1,25.0,2000.0,20,9,710,7.9,2,0,2,2,0,0,1,0,0.25,18,5,27.8,2.28,0.63,0.11,0.4,0,0,2,8,3,10,1,0,0,16,0,,,,,,,,,,,,,,,95bb6ddc
678,Eren Dinkçi,de GER,MF,FW,Heidenheim,de Bundesliga,24.0,2001.0,7,6,531,5.9,1,1,2,1,0,0,1,0,0.34,11,3,27.3,1.86,0.51,0.09,0.33,0,0,10,3,3,1,1,0,0,4,0,,,,,,,,,,,,,,1067120,4ccd8957
679,Eren Dinkçi,de GER,MF,Freiburg,de Bundesliga,24.0,2001.0,8,3,248,2.8,0,0,0,0,0,0,1,0,0.0,4,0,0.0,1.45,0.0,0.0,,0,0,10,4,4,1,1,0,0,2,0,,,,,,,,,,,,,,,1067120,4ccd8957
680,Sinaly Diomande,ci CIV,DF,Auxerre,fr Ligue 1,24.0,2001.0,16,16,1411,15.7,1,1,2,1,0,0,4,1,0.13,4,1,25.0,0.26,0.06,0.25,1.0,0,0,0,11,27,15,4,1,1,19,0,,,,,,,,,,,,,,,996951,6de23ab0
681,Yan Diomandé,ci CIV,FW,MF,RB Leipzig,de Bundesliga,19.0,2006.0,25,20,1806,20.1,10,5,15,10,0,0,2,0,0.75,42,22,52.4,2.09,1.1,0.24,0.45,0,0,32,13,14,25,2,0,0,12,0,,,,,,,,,,,,,,2087085,
682,Issa Diop,fr FRA,DF,Fulham,eng Premier League,29.0,1997.0,10,6,596,6.6,0,0,0,0,0,0,2,0,0.0,1,0,0.0,0.15,0.0,0.0,,0,0,1,2,4,3,2,0,0,7,0,,,,,,,,,,,,,,,825719,a712ca2b
683,Sérigné Diop,sn SEN,FW,Brest,fr Ligue 1,20.0,2005.0,2,0,12,0.1,0,0,0,0,0,0,0,0,0.0,1,0,0.0,7.5,0.0,0.0,,0,0,1,0,0,0,0,0,0,0,0,,,,,,,,,,,,,,,1922996,
684,Sofiane Diop,ma MAR,MF,FW,Nice,fr Ligue 1,25.0,2000.0,25,20,1631,18.1,7,2,9,5,2,2,5,0,0.39,42,13,31.0,2.32,0.72,0.12,0.38,2,2,28,4,15,40,5,0,0,20,0,,,,,,,,,,,,,,944164,19053e31
685,Andy Diouf,fr FRA,MF,Inter,it Serie A,22.0,2003.0,14,1,238,2.6,0,0,0,0,0,0,0,0,0.0,5,2,40.0,1.89,0.76,0.0,0.0,0,0,4,3,1,1,0,0,0,1,0,,,,,,,,,,,,,,,1048889,9b5237b1
686,Andy Diouf,fr FRA,MF,Lens,fr Ligue 1,22.0,2003.0,1,1,90,1.0,0,0,0,0,0,0,0,0,0.0,3,1,33.3,3.0,1.0,0.0,0.0,0,0,0,0,0,1,0,0,0,0,0,,,,,,,,,,,,,,,1048889,9b5237b1
687,El Hadji Malick Diouf,sn SEN,DF,MF,West Ham United,eng Premier League,21.0,2004.0,24,22,2004,22.3,0,5,5,0,0,0,4,0,0.22,13,2,15.4,0.58,0.09,0.0,0.0,0,0,71,12,27,17,4,0,0,21,0,,,,,,,,,,,,,,1471764,bd5eb2e5
688,Yehvann Diouf,sn SEN,GK,Nice,fr Ligue 1,26.0,1999.0,18,18,1620,18.0,0,0,0,0,0,0,1,0,0.0,0,0,,0.0,0.0,,,0,0,0,0,0,3,1,0,0,0,0,33.0,1.83,91.0,63.0,68.1,6.0,2.0,10.0,3.0,16.7,6.0,4.0,1.0,1.0,845183,b5cf91dc
689,Assane Dioussé,sn SEN,MF,Auxerre,fr Ligue 1,28.0,1997.0,14,1,215,2.4,0,0,0,0,0,0,3,0,0.0,4,1,25.0,1.67,0.42,0.0,0.0,0,0,6,1,6,3,3,0,0,7,0,,,,,,,,,,,,,,,782240,7f622eef
690,Axel Disasi,fr FRA,DF,West Ham United,eng Premier League,28.0,1998.0,6,6,540,6.0,0,0,0,0,0,0,0,0,0.0,3,2,66.7,0.5,0.33,0.0,0.0,0,0,0,2,4,3,0,0,0,4,1,,,,,,,,,,,,,,,827243,ad82197c
691,Matías Dituro,ar ARG,GK,Elche,es La Liga,38.0,1987.0,12,12,1080,12.0,0,0,0,0,0,0,1,0,0.0,0,0,,0.0,0.0,,,0,0,0,0,0,5,1,0,0,0,0,17.0,1.42,48.0,34.0,70.8,2.0,7.0,3.0,2.0,16.7,3.0,3.0,0.0,0.0,556884,b6160ad0
692,Djené,tg TOG,DF,MF,Getafe,es La Liga,34.0,1991.0,26,24,1958,21.8,0,0,0,0,0,0,6,1,0.0,4,0,0.0,0.18,0.0,0.0,,0,0,8,18,26,20,6,1,0,21,0,,,,,,,,,,,,,,307702,a4971d84
693,Harouna Djibrin,cm CMR,MF,Angers,fr Ligue 1,19.0,2006.0,14,1,316,3.5,2,1,3,2,0,0,2,0,0.85,7,3,42.9,1.99,0.85,0.29,0.67,0,0,8,4,5,7,2,0,0,8,0,,,,,,,,,,,,,,,,
694,Berat Djimsiti,al ALB,DF,Atalanta,it Serie A,33.0,1993.0,26,22,1926,21.4,0,0,0,0,0,0,2,0,0.0,10,1,10.0,0.47,0.05,0.0,0.0,0,0,2,20,20,5,2,0,0,12,0,,,,,,,,,,,,,,,151003,6eee05f1
695,Marko Dmitrović,rs SRB,GK,Espanyol,es La Liga,34.0,1992.0,28,28,2520,28.0,0,0,0,0,0,0,0,0,0.0,0,0,,0.0,0.0,,,0,0,0,2,0,4,0,0,0,0,0,42.0,1.5,131.0,94.0,71.8,10.0,7.0,11.0,7.0,25.0,5.0,5.0,0.0,0.0,94527,ac295d9e
696,Henrick Do Marcolino,fr FRA,FW,Rennes,fr Ligue 1,19.0,2006.0,1,0,3,0.0,0,0,0,0,0,0,0,0,0.0,0,0,,0.0,0.0,,,0,0,0,1,2,0,0,0,0,0,0,,,,,,,,,,,,,,,2033811,ba6d9ff6
697,Ritsu Doan,jp JPN,MF,Eintracht Frankfurt,de Bundesliga,27.0,1998.0,26,24,2004,22.3,4,5,9,4,0,0,3,0,0.4,33,11,33.3,1.48,0.49,0.12,0.36,0,0,97,19,15,29,3,0,0,19,0,,,,,,,,,,,,,,,790965,d01bbb6f
698,Dodô,br BRA,MF,DF,Fiorentina,it Serie A,27.0,1998.0,28,28,2414,26.8,1,2,3,1,0,0,6,0,0.11,19,2,10.5,0.71,0.07,0.05,0.5,0,0,120,13,22,46,6,0,0,14,0,,,,,,,,,,,,,,822518,0844d7da
699,Danilho Doekhi,nl NED,DF,Union Berlin,de Bundesliga,27.0,1998.0,26,26,2340,26.0,4,0,4,4,0,0,3,0,0.15,32,5,15.6,1.23,0.19,0.13,0.8,0,0,6,26,34,13,3,0,0,22,0,,,,,,,,,,,,,,,830803,f67c9d29
700,Matt Doherty,ie IRL,DF,MF,Wolves,eng Premier League,34.0,1992.0,10,10,702,7.8,0,0,0,0,0,0,4,0,0.0,3,0,0.0,0.38,0.0,0.0,,0,0,8,7,7,5,4,0,0,16,0,,,,,,,,,,,,,,143047,d557d734
701,Josh Doig,sct SCO,DF,Sassuolo,it Serie A,23.0,2002.0,27,20,1762,19.6,0,0,0,0,0,0,4,0,0.0,10,4,40.0,0.51,0.2,0.0,0.0,0,0,34,20,22,16,4,0,0,14,0,,,,,,,,,,,,,,,989276,e47d11f8
702,Jeremy Doku,be BEL,MF,FW,Manchester City,eng Premier League,23.0,2002.0,22,13,1231,13.7,1,4,5,1,0,0,0,0,0.37,22,8,36.4,1.61,0.58,0.05,0.13,0,0,46,11,9,40,0,0,0,17,0,,,,,,,,,,,,,,934386,fffea3e5
703,Tyrhys Dolan,eng ENG,MF,Espanyol,es La Liga,24.0,2001.0,27,21,1824,20.3,1,4,5,1,0,0,6,1,0.25,29,9,31.0,1.43,0.44,0.03,0.11,0,0,85,29,12,39,6,1,1,29,0,,,,,,,,,,,,,,,1063015,
704,Marc Domenech,es ESP,MF,Mallorca,es La Liga,20.0,2006.0,7,2,214,2.4,0,1,1,0,0,0,0,0,0.42,3,0,0.0,1.26,0.0,0.0,,0,0,7,2,0,3,0,0,0,3,0,,,,,,,,,,,,,,,1914318,
705,Benjamín Domínguez,ar ARG,MF,Bologna,it Serie A,22.0,2003.0,12,5,453,5.0,0,3,3,0,0,0,1,0,0.6,10,1,10.0,1.99,0.2,0.0,0.0,0,0,6,2,2,12,1,0,0,6,0,,,,,,,,,,,,,,,1162611,
706,Carlos Dominguez,es ESP,DF,Celta Vigo,es La Liga,25.0,2001.0,7,5,520,5.8,0,0,0,0,0,0,1,0,0.0,1,0,0.0,0.17,0.0,0.0,,0,0,1,8,4,1,1,0,0,6,0,,,,,,,,,,,,,,,1069703,ab8fda0c
707,Nicolás Domínguez,ar ARG,MF,Nottingham Forest,eng Premier League,27.0,1998.0,19,14,934,10.4,1,0,1,1,0,0,2,0,0.1,16,5,31.3,1.54,0.48,0.06,0.2,0,0,13,22,4,8,2,0,0,11,0,,,,,,,,,,,,,,,871765,262f6d31
708,Jean-Luc Dompé,fr FRA,FW,MF,Hamburger SV,de Bundesliga,30.0,1995.0,19,12,1137,12.6,3,0,3,2,1,1,0,0,0.16,25,12,48.0,1.98,0.95,0.08,0.17,1,1,81,5,0,9,0,0,0,2,0,,,,,,,,,,,,,,789192,
709,John Donald,es ESP,DF,MF,Elche,es La Liga,25.0,2000.0,14,5,458,5.1,1,0,1,1,0,0,2,0,0.2,5,2,40.0,0.98,0.39,0.2,0.5,0,0,0,8,5,4,2,0,0,10,0,,,,,,,,,,,,,,1094758,e47d11f8
710,Gianluigi Donnarumma,it ITA,GK,Manchester City,eng Premier League,27.0,1999.0,27,27,2430,27.0,0,0,0,0,0,0,6,0,0.0,0,0,,0.0,0.0,,,0,0,0,0,1,3,6,0,0,0,0,24.0,0.89,86.0,61.0,72.1,17.0,7.0,3.0,11.0,40.7,1.0,0.0,1.0,0.0,824509,08f5afaa
711,Romelle Donovan,eng ENG,FW,Brentford,eng Premier League,19.0,2006.0,4,0,41,0.5,0,0,0,0,0,0,0,0,0.0,3,1,33.3,6.59,2.2,0.0,0.0,0,0,2,0,0,3,0,0,0,2,0,,,,,,,,,,,,,,,1586020,b5cf91dc
712,Patrick Dorgu,dk DEN,MF,Manchester Utd,eng Premier League,21.0,2004.0,22,14,1335,14.8,3,3,6,3,0,0,5,0,0.4,20,7,35.0,1.35,0.47,0.15,0.43,0,0,54,30,14,42,5,0,0,19,0,,,,,,,,,,,,,,,1397168,867b60b4
713,Niklas Dorsch,de GER,MF,Heidenheim,de Bundesliga,28.0,1998.0,24,20,1664,18.5,0,0,0,0,0,0,2,0,0.0,13,3,23.1,0.7,0.16,0.0,0.0,0,0,18,24,13,19,2,0,0,26,0,,,,,,,,,,,,,,,794995,7f73bdf4
714,Alberto Dossena,it ITA,DF,Cagliari,it Serie A,27.0,1998.0,5,5,450,5.0,0,1,1,0,0,0,4,0,0.2,5,1,20.0,1.0,0.2,0.0,0.0,0,0,0,6,3,5,4,0,0,7,0,,,,,,,,,,,,,,,870211,61efb926
715,Lohann Doucet,fr FRA,MF,Paris FC,fr Ligue 1,23.0,2002.0,5,1,121,1.3,1,0,1,1,0,0,2,0,0.74,2,1,50.0,1.49,0.74,0.5,1.0,0,0,0,0,0,1,2,0,0,4,0,,,,,,,,,,,,,,,1170523,
716,Fodé Doucouré,ml MLI,MF,FW,Le Havre,fr Ligue 1,25.0,2001.0,20,9,828,9.2,2,1,3,2,0,0,1,0,0.33,16,5,31.3,1.74,0.54,0.13,0.4,0,0,57,18,5,3,1,0,0,8,0,,,,,,,,,,,,,,1035695,1bfe34dc
717,Sékou Doucoure,fr FRA,DF,Nantes,fr Ligue 1,20.0,2005.0,1,0,45,0.5,0,0,0,0,0,0,0,0,0.0,0,0,,0.0,0.0,,,0,0,0,0,3,0,0,0,0,1,0,,,,,,,,,,,,,,,1415436,
718,Désiré Doué,fr FRA,FW,MF,Paris Saint-Germain,fr Ligue 1,20.0,2005.0,16,10,837,9.3,4,2,6,4,0,1,0,0,0.65,34,14,41.2,3.66,1.51,0.12,0.29,0,1,37,14,6,21,0,0,0,17,0,,,,,,,,,,,,,,1154605,9e7483ff
719,Guela Doué,ci CIV,DF,MF,Strasbourg,fr Ligue 1,23.0,2002.0,19,18,1611,17.9,2,5,7,2,0,0,3,0,0.39,10,5,50.0,0.56,0.28,0.2,0.4,0,0,42,31,19,19,3,0,0,35,0,,,,,,,,,,,,,,1002033,
720,Ismaël Doukouré,fr FRA,DF,MF,Strasbourg,fr Ligue 1,22.0,2003.0,19,19,1578,17.5,0,1,1,0,0,0,3,2,0.06,6,3,50.0,0.34,0.17,0.0,0.0,0,0,3,9,21,13,3,2,0,14,1,,,,,,,,,,,,,,1049517,0512a60a
721,Kamory Doumbia,ml MLI,MF,Brest,fr Ligue 1,23.0,2003.0,20,19,1515,16.8,5,3,8,5,0,0,6,0,0.48,38,12,31.6,2.26,0.71,0.13,0.42,0,0,19,28,18,18,6,0,0,26,0,,,,,,,,,,,,,,,1156353,
722,Anastasios Douvikas,gr GRE,FW,Como,it Serie A,26.0,1999.0,29,17,1610,17.9,10,1,11,9,1,1,0,0,0.56,47,22,46.8,2.63,1.23,0.19,0.41,1,1,4,8,4,31,0,0,0,26,0,,,,,,,,,,,,,,,894863,853ca71c
723,Artem Dovbyk,ua UKR,FW,Roma,it Serie A,28.0,1997.0,13,3,390,4.3,3,1,4,3,0,0,0,0,0.92,10,5,50.0,2.31,1.15,0.3,0.6,0,0,1,3,0,6,0,0,0,11,0,,,,,,,,,,,,,,,798820,5b847bb0
724,Max Dowman,eng ENG,MF,Arsenal,eng Premier League,16.0,2009.0,3,0,46,0.5,1,0,1,1,0,0,0,0,1.96,5,1,20.0,9.78,1.96,0.2,1.0,0,0,1,2,0,4,0,0,0,0,0,,,,,,,,,,,,,,,1917626,9008bb70
725,Damion Downs,us USA,FW,Hamburger SV,de Bundesliga,21.0,2004.0,8,6,478,5.3,0,0,0,0,0,0,0,0,0.0,7,4,57.1,1.32,0.75,0.0,0.0,0,0,0,2,0,1,0,0,0,7,0,,,,,,,,,,,,,,,1146091,
726,Radu Drăgușin,ro ROU,DF,Tottenham Hotspur,eng Premier League,24.0,2002.0,8,5,515,5.7,0,0,0,0,0,0,0,0,0.0,4,0,0.0,0.7,0.0,0.0,,0,0,3,3,15,1,0,0,0,9,0,,,,,,,,,,,,,,,997103,620922ed
727,Joél Drakes-Thomas,eng ENG,MF,Crystal Palace,eng Premier League,16.0,2009.0,2,0,9,0.1,0,0,0,0,0,0,0,0,0.0,0,0,,0.0,0.0,,,0,0,0,1,0,0,0,0,0,1,0,,,,,,,,,,,,,,,2007717,e47d11f8
728,Domingos Duarte,pt POR,DF,Getafe,es La Liga,31.0,1995.0,25,25,2132,23.7,0,0,0,0,0,0,8,0,0.0,10,3,30.0,0.42,0.13,0.0,0.0,0,0,0,10,24,21,8,0,0,25,1,,,,,,,,,,,,,,,576276,93090f69
729,Martin Dúbravka,sk SVK,GK,Burnley,eng Premier League,37.0,1989.0,30,30,2700,30.0,0,0,0,0,0,0,1,0,0.0,0,0,,0.0,0.0,,,0,0,0,1,0,5,1,0,0,0,0,58.0,1.93,161.0,108.0,67.1,4.0,8.0,18.0,4.0,13.3,6.0,5.0,0.0,1.0,42209,3a949a25
730,Denzel Dumfries,nl NED,MF,Inter,it Serie A,29.0,1996.0,13,10,841,9.3,1,0,1,1,0,0,2,0,0.11,11,3,27.3,1.18,0.32,0.09,0.33,0,0,23,7,4,8,2,0,0,14,0,,,,,,,,,,,,,,,759520,481c9ece
731,Lewis Dunk,eng ENG,DF,Brighton,eng Premier League,34.0,1991.0,28,27,2475,27.5,0,0,0,0,0,0,9,0,0.0,19,2,10.5,0.69,0.07,0.0,0.0,0,0,5,20,29,8,9,0,0,13,0,,,,,,,,,,,,,,,115365,282f75f3
732,Maxime Dupé,fr FRA,GK,Nice,fr Ligue 1,33.0,1993.0,8,8,720,8.0,0,0,0,0,0,0,0,0,0.0,0,0,,0.0,0.0,,,0,0,0,0,0,1,0,0,0,0,0,15.0,1.87,32.0,20.0,62.5,1.0,4.0,3.0,1.0,12.5,3.0,3.0,0.0,0.0,96542,0e12089d
733,Pablo Durán,es ESP,FW,MF,Celta Vigo,es La Liga,24.0,2001.0,21,12,1042,11.6,2,2,4,2,0,0,0,0,0.35,26,10,38.5,2.25,0.86,0.08,0.2,0,0,11,8,3,8,0,0,0,13,0,,,,,,,,,,,,,,1398524,
734,Hugo Duro,es ESP,FW,Valencia,es La Liga,26.0,1999.0,27,16,1489,16.5,8,0,8,7,1,1,4,0,0.42,27,11,40.7,1.63,0.66,0.26,0.64,1,1,0,6,3,28,4,0,0,16,0,,,,,,,,,,,,,,,909119,37e103f8
735,Rafiu Durosinmi,ng NGA,FW,Pisa,it Serie A,23.0,2003.0,9,4,384,4.3,1,1,2,1,0,0,0,1,0.47,6,3,50.0,1.41,0.7,0.17,0.33,0,0,0,0,1,2,0,1,0,13,0,,,,,,,,,,,,,,,1152386,
736,Paulo Dybala,ar ARG,FW,MF,Roma,it Serie A,32.0,1993.0,17,12,1054,11.7,2,2,4,2,0,1,0,0,0.34,36,14,38.9,3.07,1.2,0.06,0.14,0,1,73,5,3,25,0,0,0,11,0,,,,,,,,,,,,,,256219,e0921a4f
737,Edin Džeko,ba BIH,FW,Fiorentina,it Serie A,40.0,1986.0,11,2,244,2.7,0,0,0,0,0,0,1,0,0.0,4,1,25.0,1.48,0.37,0.0,0.0,0,0,1,1,1,5,1,0,0,2,0,,,,,,,,,,,,,,,14990,3bb7f478
738,Adam Dźwigała,pl POL,DF,St Pauli,de Bundesliga,30.0,1995.0,16,12,1077,12.0,1,1,2,1,0,0,5,0,0.17,3,1,33.3,0.25,0.08,0.33,1.0,0,0,1,24,19,6,5,0,0,15,0,,,,,,,,,,,,,,,252343,75edc8ce
739,Aron Dønnum,no NOR,MF,Toulouse,fr Ligue 1,27.0,1998.0,21,21,1859,20.7,4,4,8,1,3,3,6,0,0.24,31,12,38.7,1.5,0.58,0.03,0.08,3,3,123,23,22,32,6,0,0,25,0,,,,,,,,,,,,,,,863133,10cff752
740,George Earthy,eng ENG,MF,West Ham United,eng Premier League,21.0,2004.0,1,0,9,0.1,0,0,0,0,0,0,0,0,0.0,0,0,,0.0,0.0,,,0,0,0,0,0,0,0,0,0,0,0,,,,,,,,,,,,,,,1212165,123d2733
741,Younes Ebnoutalib,de GER,FW,Eintracht Frankfurt,de Bundesliga,22.0,2003.0,2,2,109,1.2,1,0,1,1,0,0,0,0,0.83,3,1,33.3,2.48,0.83,0.33,1.0,0,0,0,0,1,2,0,0,0,2,0,,,,,,,,,,,,,,,1474296,8296c82e
742,Simon Ebonog,cm CMR,MF,Le Havre,fr Ligue 1,21.0,2004.0,22,16,1300,14.4,0,0,0,0,0,0,5,0,0.0,14,2,14.3,0.97,0.14,0.0,0.0,0,0,10,20,17,23,5,0,0,20,0,,,,,,,,,,,,,,,1490783,
743,Enzo Ebosse,cm CMR,DF,Hellas Verona,it Serie A,27.0,1999.0,4,3,214,2.4,0,0,0,0,0,0,1,0,0.0,1,0,0.0,0.42,0.0,0.0,,0,0,0,1,0,1,1,0,0,5,0,,,,,,,,,,,,,,,848279,9ba7b4fa
744,Enzo Ebosse,cm CMR,DF,Torino,it Serie A,27.0,1999.0,4,4,314,3.5,0,0,0,0,0,0,0,0,0.0,0,0,,0.0,0.0,,,0,0,1,0,5,2,0,0,0,4,0,,,,,,,,,,,,,,,848279,9ba7b4fa
745,Claudio Echeverri,ar ARG,MF,Girona,es La Liga,20.0,2006.0,8,1,235,2.6,1,1,2,1,0,0,3,0,0.77,8,3,37.5,3.06,1.15,0.13,0.33,0,0,9,5,0,5,3,0,0,4,0,,,,,,,,,,,,,,,1482424,
746,Claudio Echeverri,ar ARG,MF,Leverkusen,de Bundesliga,20.0,2006.0,6,1,134,1.5,0,0,0,0,0,0,0,0,0.0,1,0,0.0,0.67,0.0,0.0,,0,0,6,1,1,2,0,0,0,0,0,,,,,,,,,,,,,,,1482424,
747,Éderson,br BRA,MF,Atalanta,it Serie A,26.0,1999.0,22,19,1621,18.0,1,0,1,0,1,1,1,0,0.0,25,6,24.0,1.39,0.33,0.0,0.0,1,1,10,25,19,28,1,0,0,25,0,,,,,,,,,,,,,,,946888,3b845d16
748,Noah Edjouma,fr FRA,FW,Toulouse,fr Ligue 1,20.0,2005.0,12,2,256,2.8,0,0,0,0,0,0,0,0,0.0,8,3,37.5,2.81,1.05,0.0,0.0,0,0,12,3,3,4,0,0,0,4,0,,,,,,,,,,,,,,,1512354,92976f0d
749,Noah Edjouma,fr FRA,MF,Lille,fr Ligue 1,20.0,2005.0,3,1,92,1.0,0,0,0,0,0,0,0,0,0.0,2,0,0.0,1.96,0.0,0.0,,0,0,6,4,0,2,0,0,0,1,0,,,,,,,,,,,,,,,1512354,92976f0d
750,Andrias Edmundsson,fo FRO,DF,Hellas Verona,it Serie A,25.0,2000.0,6,6,540,6.0,0,0,0,0,0,0,1,0,0.0,1,0,0.0,0.17,0.0,0.0,,0,0,4,8,11,6,1,0,0,6,0,,,,,,,,,,,,,,,906963,7131f38f
751,Odsonne Édouard,fr FRA,FW,Crystal Palace,eng Premier League,28.0,1998.0,1,0,3,0.0,0,0,0,0,0,0,0,0,0.0,0,0,,0.0,0.0,,,0,0,0,1,0,1,0,0,0,0,0,,,,,,,,,,,,,,,795228,0562b7f1
752,Odsonne Édouard,fr FRA,FW,Lens,fr Ligue 1,28.0,1998.0,22,21,1387,15.4,10,3,13,9,1,1,1,0,0.78,42,22,52.4,2.73,1.43,0.21,0.41,1,1,1,4,1,16,1,0,0,18,0,,,,,,,,,,,,,,,795228,0562b7f1
753,Tom Edozie,eng ENG,MF,Wolves,eng Premier League,19.0,2006.0,1,0,7,0.1,1,0,1,1,0,0,0,0,12.86,1,1,100.0,12.86,12.86,1.0,1.0,0,0,0,0,0,0,0,0,0,0,0,,,,,,,,,,,,,,,1445189,
754,Yannick Eduardo,cz CZE,FW,Hoffenheim,de Bundesliga,20.0,2006.0,1,0,1,0.0,0,0,0,0,0,0,0,0,0.0,0,0,,0.0,0.0,,,0,0,0,0,0,0,0,0,0,0,0,,,,,,,,,,,,,,,1440627,03cf6b3b
755,Alysson Edward,br BRA,MF,Aston Villa,eng Premier League,19.0,2006.0,3,0,49,0.5,0,0,0,0,0,0,0,0,0.0,1,0,0.0,1.84,0.0,0.0,,0,0,2,0,1,1,0,0,0,0,0,,,,,,,,,,,,,,,,
756,Marcus Edwards,eng ENG,MF,FW,Burnley,eng Premier League,27.0,1998.0,18,9,897,10.0,1,3,4,1,0,0,0,0,0.4,21,5,23.8,2.11,0.5,0.05,0.2,0,0,15,5,3,12,0,0,0,7,0,,,,,,,,,,,,,,795066,57760e66
757,CJ Egan-Riley,eng ENG,DF,MF,Marseille,fr Ligue 1,23.0,2003.0,10,7,548,6.1,0,0,0,0,0,0,1,1,0.0,0,0,,0.0,0.0,,,0,0,1,4,2,4,1,1,0,4,0,,,,,,,,,,,,,,1131448,d313e8ff
758,Maximilian Eggestein,de GER,MF,Freiburg,de Bundesliga,29.0,1996.0,26,26,2340,26.0,2,0,2,2,0,0,3,0,0.08,39,12,30.8,1.5,0.46,0.05,0.17,0,0,12,31,25,14,3,0,0,16,0,,,,,,,,,,,,,,,569784,
759,Kingsley Ehizibue,nl NED,MF,DF,Udinese,it Serie A,30.0,1995.0,24,12,1153,12.8,0,0,0,0,0,0,3,0,0.0,2,0,0.0,0.16,0.0,0.0,,0,0,24,21,10,17,3,0,0,25,0,,,,,,,,,,,,,,609206,76b2817e
760,Ovie Ejaria,eng ENG,MF,Oviedo,es La Liga,28.0,1997.0,7,2,180,2.0,0,0,0,0,0,0,1,0,0.0,3,1,33.3,1.5,0.5,0.0,0.0,0,0,0,2,2,5,1,0,0,3,0,,,,,,,,,,,,,,,845025,a801669e
761,Chidera Ejuke,ng NGA,MF,FW,Sevilla,es La Liga,28.0,1998.0,21,4,684,7.6,1,1,2,1,0,0,0,0,0.26,17,2,11.8,2.24,0.26,0.06,0.5,0,0,16,9,5,11,0,0,0,3,0,,,,,,,,,,,,,,875890,e7f3e8a7
762,Hjalmar Ekdal,se SWE,DF,Burnley,eng Premier League,27.0,1998.0,15,13,1179,13.1,0,0,0,0,0,0,0,0,0.0,5,1,20.0,0.38,0.08,0.0,0.0,0,0,1,13,9,3,0,0,0,5,0,,,,,,,,,,,,,,,875360,3d554589
763,Jeff Ekhator,it ITA,FW,Genoa,it Serie A,19.0,2006.0,23,5,630,7.0,2,0,2,2,0,0,3,0,0.29,15,3,20.0,2.14,0.43,0.13,0.67,0,0,6,6,1,17,3,0,0,16,0,,,,,,,,,,,,,,,1613917,
764,Hugo Ekitike,fr FRA,FW,Liverpool,eng Premier League,23.0,2002.0,27,20,1796,20.0,11,4,15,11,0,0,0,0,0.75,65,19,29.2,3.26,0.95,0.17,0.58,0,0,7,7,4,12,0,0,0,35,0,,,,,,,,,,,,,,,1048422,5b92d896
765,Jurgen Ekkelenkamp,nl NED,MF,Udinese,it Serie A,25.0,2000.0,25,21,1717,19.1,3,1,4,3,0,0,1,0,0.21,25,11,44.0,1.31,0.58,0.12,0.27,0,0,27,20,12,12,1,0,0,17,0,,,,,,,,,,,,,,,904887,73d6a176
766,Jacques Ekomie,ga GAB,DF,MF,Angers,fr Ligue 1,22.0,2003.0,25,19,1673,18.6,0,0,0,0,0,0,3,0,0.0,8,3,37.5,0.43,0.16,0.0,0.0,0,0,45,27,26,21,3,0,0,22,0,,,,,,,,,,,,,,1170532,
767,Caleb Ekuban,gh GHA,FW,MF,Genoa,it Serie A,31.0,1994.0,24,6,828,9.2,3,1,4,3,0,0,0,0,0.43,24,8,33.3,2.61,0.87,0.13,0.38,0,0,4,1,5,24,0,0,0,12,0,,,,,,,,,,,,,,309156,7afbd2c3
768,Anthony Elanga,se SWE,FW,Newcastle United,eng Premier League,23.0,2002.0,26,12,1157,12.9,0,1,1,0,0,0,0,0,0.08,14,4,28.6,1.09,0.31,0.0,0.0,0,0,77,10,3,19,0,0,0,7,0,,,,,,,,,,,,,,,979232,2fba6108
769,Daniel Elfadli,ly LBY,DF,Hamburger SV,de Bundesliga,28.0,1997.0,19,14,1170,13.0,0,0,0,0,0,0,6,1,0.0,4,1,25.0,0.31,0.08,0.0,0.0,0,0,0,12,20,15,6,1,1,19,0,,,,,,,,,,,,,,,945532,636fc976
770,Unai Elgezabal,es ESP,DF,MF,Levante,es La Liga,32.0,1993.0,12,11,958,10.6,1,0,1,1,0,0,2,0,0.09,3,1,33.3,0.28,0.09,0.33,1.0,0,0,0,4,4,6,2,0,0,11,1,,,,,,,,,,,,,,813574,01cc0c90
771,Melker Ellborg,se SWE,GK,Sunderland,eng Premier League,22.0,2003.0,2,2,180,2.0,0,0,0,0,0,0,0,0,0.0,0,0,,0.0,0.0,,,0,0,0,0,0,0,0,0,0,0,0,1.0,0.5,8.0,7.0,87.5,1.0,0.0,1.0,1.0,50.0,0.0,0.0,0.0,0.0,1099795,
772,Mikael Ellertsson,is ISL,MF,Genoa,it Serie A,24.0,2002.0,28,23,2093,23.3,1,1,2,1,0,0,1,0,0.09,21,6,28.6,0.9,0.26,0.05,0.17,0,0,25,22,13,31,1,0,0,22,0,,,,,,,,,,,,,,,933203,
773,Harvey Elliott,eng ENG,FW,MF,Liverpool,eng Premier League,22.0,2003.0,1,0,1,0.0,0,0,0,0,0,0,0,0,0.0,0,0,,0.0,0.0,,,0,0,0,0,0,0,0,0,0,0,0,,,,,,,,,,,,,,955245,b9e1436c
774,Harvey Elliott,eng ENG,MF,Aston Villa,eng Premier League,22.0,2003.0,4,1,112,1.2,0,0,0,0,0,0,0,0,0.0,5,0,0.0,4.02,0.0,0.0,,0,0,3,0,0,2,0,0,0,0,0,,,,,,,,,,,,,,,955245,b9e1436c
775,Elif Elmas,mk MKD,MF,Napoli,it Serie A,26.0,1999.0,26,18,1540,17.1,1,2,3,1,0,0,2,0,0.18,20,8,40.0,1.17,0.47,0.05,0.13,0,0,33,12,5,12,2,0,0,14,0,,,,,,,,,,,,,,,838232,
776,Nesta Elphege,fr FRA,FW,Parma,it Serie A,25.0,2001.0,2,0,35,0.4,0,0,0,0,0,0,0,0,0.0,0,0,,0.0,0.0,,,0,0,0,0,0,0,0,0,0,0,0,,,,,,,,,,,,,,,1486729,
777,Aritz Elustondo,es ESP,DF,Real Sociedad,es La Liga,31.0,1994.0,9,4,372,4.1,0,0,0,0,0,0,0,0,0.0,3,2,66.7,0.73,0.48,0.0,0.0,0,0,3,4,6,5,0,0,0,13,0,,,,,,,,,,,,,,,785468,f7dc2ae5
778,Nico Elvedi,ch SUI,DF,Gladbach,de Bundesliga,29.0,1996.0,26,26,2336,26.0,0,0,0,0,0,0,2,0,0.0,8,0,0.0,0.31,0.0,0.0,,0,0,0,28,25,11,2,0,0,14,0,,,,,,,,,,,,,,,282229,48035304
779,Breel Embolo,ch SUI,FW,Rennes,fr Ligue 1,29.0,1997.0,23,15,1387,15.4,6,3,9,6,0,0,3,0,0.58,23,11,47.8,1.49,0.71,0.26,0.55,0,0,4,10,4,42,3,0,0,37,0,,,,,,,,,,,,,,,352296,0b4f388a
780,Emanuel Emegha,nl NED,FW,Strasbourg,fr Ligue 1,23.0,2003.0,7,4,414,4.6,4,2,6,4,0,0,3,0,1.3,16,8,50.0,3.48,1.74,0.25,0.5,0,0,0,0,0,9,3,0,0,10,0,,,,,,,,,,,,,,,1048333,a0c590b9
781,Emersonn,br BRA,FW,Toulouse,fr Ligue 1,21.0,2004.0,20,15,1182,13.1,3,2,5,3,0,0,4,1,0.38,41,14,34.1,3.12,1.07,0.07,0.21,0,0,7,6,5,8,4,1,0,32,0,,,,,,,,,,,,,,,1128844,ac24342e
782,Julio Enciso,py PAR,MF,Strasbourg,fr Ligue 1,22.0,2004.0,19,17,1390,15.4,1,2,3,1,0,0,2,0,0.19,40,14,35.0,2.59,0.91,0.03,0.07,0,0,47,7,5,22,2,0,0,13,0,,,,,,,,,,,,,,,973556,f3541f8a
783,Wataru Endo,jp JPN,DF,Liverpool,eng Premier League,33.0,1993.0,8,1,175,1.9,0,1,1,0,0,0,1,0,0.51,1,0,0.0,0.51,0.0,0.0,,0,0,3,3,0,3,1,0,0,2,0,,,,,,,,,,,,,,,143040,c149016b
784,Endrick,br BRA,FW,Real Madrid,es La Liga,19.0,2006.0,1,0,12,0.1,0,0,0,0,0,0,0,0,0.0,0,0,,0.0,0.0,,,0,0,0,0,0,1,0,0,0,0,0,,,,,,,,,,,,,,,1174937,9a729294
785,Endrick,br BRA,FW,Lyon,fr Ligue 1,19.0,2006.0,8,7,611,6.8,3,3,6,2,1,1,2,1,0.74,26,16,61.5,3.83,2.36,0.08,0.13,1,1,18,3,2,13,2,1,0,8,0,,,,,,,,,,,,,,,1174937,9a729294
786,Yannik Engelhardt,de GER,MF,Gladbach,de Bundesliga,25.0,2001.0,23,21,1801,20.0,2,1,3,2,0,0,5,0,0.15,17,5,29.4,0.85,0.25,0.12,0.4,0,0,5,19,25,25,5,0,0,30,0,,,,,,,,,,,,,,,990209,
787,Christian Eriksen,dk DEN,MF,Wolfsburg,de Bundesliga,34.0,1992.0,23,19,1749,19.4,2,6,8,0,2,2,4,0,0.31,26,8,30.8,1.34,0.41,0.0,0.0,2,2,75,15,12,3,4,0,0,11,0,,,,,,,,,,,,,,,105734,980522ec
788,Aarón Escandell,es ESP,GK,Oviedo,es La Liga,30.0,1995.0,28,28,2520,28.0,0,0,0,0,0,0,2,0,0.0,0,0,,0.0,0.0,,,0,0,0,0,0,7,2,0,0,1,0,44.0,1.57,158.0,120.0,74.7,4.0,9.0,15.0,7.0,25.0,6.0,4.0,2.0,0.0,368922,67669ce7
789,Xavi Espart,es ESP,DF,Barcelona,es La Liga,18.0,2007.0,1,1,90,1.0,0,0,0,0,0,0,0,0,0.0,0,0,,0.0,0.0,,,0,0,0,1,5,3,0,0,0,0,0,,,,,,,,,,,,,,,1546073,f67df468
790,Carlos Espí,es ESP,FW,Levante,es La Liga,20.0,2005.0,15,3,494,5.5,5,0,5,5,0,0,1,0,0.91,18,11,61.1,3.28,2.0,0.28,0.45,0,0,0,2,2,14,1,0,0,14,0,,,,,,,,,,,,,,,1649918,ab8fda0c
791,Alfonso Espino,uy URU,DF,MF,Rayo Vallecano,es La Liga,34.0,1992.0,21,10,1007,11.2,2,0,2,2,0,0,2,0,0.18,13,7,53.8,1.16,0.63,0.15,0.29,0,0,30,19,11,21,2,0,0,16,0,,,,,,,,,,,,,,,db001fa9
792,Francesco Esposito,it ITA,FW,Inter,it Serie A,20.0,2005.0,27,10,1119,12.4,5,3,8,5,0,0,1,0,0.64,45,17,37.8,3.62,1.37,0.11,0.29,0,0,2,3,4,39,1,0,0,22,0,,,,,,,,,,,,,,,918032,dc620005
793,Sebastiano Esposito,it ITA,FW,MF,Cagliari,it Serie A,23.0,2002.0,27,25,1940,21.6,4,5,9,4,0,0,5,0,0.42,35,10,28.6,1.62,0.46,0.11,0.4,0,0,97,25,9,37,5,0,0,35,0,,,,,,,,,,,,,,965008,7ff93107
794,Romain Esse,eng ENG,MF,Crystal Palace,eng Premier League,20.0,2005.0,4,0,44,0.5,0,0,0,0,0,0,0,0,0.0,0,0,,0.0,0.0,,,0,0,2,1,0,2,0,0,0,2,0,,,,,,,,,,,,,,,1438837,87189f25
795,Samuel Essende,cd COD,MF,FW,Augsburg,de Bundesliga,28.0,1998.0,14,2,414,4.6,1,0,1,1,0,0,2,0,0.22,17,4,23.5,3.7,0.87,0.06,0.25,0,0,3,2,1,14,2,0,0,17,0,,,,,,,,,,,,,,855808,821550ce
796,Marco Esteban,es ESP,DF,Oviedo,es La Liga,20.0,2006.0,1,0,45,0.5,0,0,0,0,0,0,0,0,0.0,0,0,,0.0,0.0,,,0,0,0,0,0,0,0,0,0,0,0,,,,,,,,,,,,,,,1548439,
797,Maxime Estève,fr FRA,DF,Burnley,eng Premier League,23.0,2002.0,27,27,2311,25.7,0,0,0,0,0,0,0,0,0.0,9,1,11.1,0.35,0.04,0.0,0.0,0,0,5,22,32,12,0,0,0,9,2,,,,,,,,,,,,,,,1117223,1a066e69
798,Tomás Esteves,pt POR,DF,MF,Pisa,it Serie A,23.0,2002.0,1,0,14,0.2,0,0,0,0,0,0,0,0,0.0,0,0,,0.0,0.0,,,0,0,0,0,0,0,0,0,0,0,0,,,,,,,,,,,,,,979210,20ffe5b9
799,Nahuel Estévez,ar ARG,MF,Parma,it Serie A,30.0,1995.0,25,9,922,10.2,0,0,0,0,0,0,2,0,0.0,8,1,12.5,0.78,0.1,0.0,0.0,0,0,37,9,4,11,2,0,0,8,0,,,,,,,,,,,,,,,895868,cec60a2f
800,Pervis Estupiñán,ec ECU,MF,Milan,it Serie A,28.0,1998.0,16,12,888,9.9,1,1,2,1,0,0,3,1,0.2,9,1,11.1,0.91,0.1,0.11,1.0,0,0,15,8,10,6,3,1,0,14,0,,,,,,,,,,,,,,,805465,d38fdf53
801,Karl Etta Eyong,cm CMR,FW,Villarreal,es La Liga,22.0,2003.0,3,3,256,2.8,1,2,3,1,0,0,0,0,1.05,7,3,42.9,2.46,1.05,0.14,0.33,0,0,0,2,0,4,0,0,0,3,0,,,,,,,,,,,,,,,,
802,Karl Etta Eyong,cm CMR,FW,Levante,es La Liga,22.0,2003.0,23,15,1335,14.8,5,2,7,5,0,1,2,0,0.47,34,14,41.2,2.29,0.94,0.15,0.36,0,1,13,11,4,30,2,0,0,24,0,,,,,,,,,,,,,,,,
803,Evanilson,br BRA,FW,Bournemouth,eng Premier League,26.0,1999.0,28,24,2104,23.4,6,0,6,6,0,0,1,0,0.26,59,22,37.3,2.52,0.94,0.1,0.27,0,0,2,3,2,25,1,0,0,17,0,,,,,,,,,,,,,,,998490,b5cf91dc
804,Edu Expósito,es ESP,MF,Espanyol,es La Liga,29.0,1996.0,26,22,1722,19.1,1,6,7,1,0,0,5,0,0.37,29,9,31.0,1.52,0.47,0.03,0.11,0,0,183,20,16,28,5,0,0,18,0,,,,,,,,,,,,,,,877262,283c7121
805,Eberechi Eze,eng ENG,MF,FW,Arsenal,eng Premier League,27.0,1998.0,25,16,1419,15.8,6,2,8,6,0,0,1,0,0.51,43,14,32.6,2.73,0.89,0.14,0.43,0,0,7,11,8,28,1,0,0,14,0,,,,,,,,,,,,,,864921,ae4fc6a4
806,Eberechi Eze,eng ENG,MF,Crystal Palace,eng Premier League,27.0,1998.0,1,1,83,0.9,0,0,0,0,0,0,0,0,0.0,6,2,33.3,6.51,2.17,0.0,0.0,0,0,4,1,0,1,0,0,0,2,0,,,,,,,,,,,,,,,864921,ae4fc6a4
807,Abde Ezzalzouli,ma MAR,MF,FW,Real Betis,es La Liga,24.0,2001.0,19,17,1446,16.1,5,5,10,5,0,0,3,0,0.62,51,15,29.4,3.17,0.93,0.1,0.33,0,0,34,20,10,51,3,0,0,21,0,,,,,,,,,,,,,,1011375,bed68338
808,Giovanni Fabbian,it ITA,MF,Bologna,it Serie A,23.0,2003.0,14,8,705,7.8,2,0,2,2,0,0,0,0,0.26,14,4,28.6,1.79,0.51,0.14,0.5,0,0,2,4,5,18,0,0,0,13,0,,,,,,,,,,,,,,,1067204,d993e91c
809,Giovanni Fabbian,it ITA,MF,Fiorentina,it Serie A,23.0,2003.0,7,1,160,1.8,0,0,0,0,0,0,2,0,0.0,1,1,100.0,0.56,0.56,0.0,0.0,0,0,0,0,1,4,2,0,0,2,0,,,,,,,,,,,,,,,1067204,d993e91c
810,Alieu Fadera,gm GAM,FW,Sassuolo,it Serie A,24.0,2001.0,25,8,936,10.4,2,1,3,2,0,0,4,0,0.29,13,4,30.8,1.25,0.38,0.15,0.5,0,0,24,19,5,36,4,0,0,32,0,,,,,,,,,,,,,,,1031548,53210e42
811,Wout Faes,be BEL,DF,Monaco,fr Ligue 1,27.0,1998.0,7,7,568,6.3,0,0,0,0,0,0,2,0,0.0,3,1,33.3,0.48,0.16,0.0,0.0,0,0,0,7,10,2,2,0,0,7,0,,,,,,,,,,,,,,,361696,9c221d14
812,Nicolò Fagioli,it ITA,MF,Fiorentina,it Serie A,25.0,2001.0,26,23,1980,22.0,1,3,4,1,0,0,4,0,0.18,25,6,24.0,1.14,0.27,0.04,0.17,0,0,78,22,14,33,4,0,0,18,0,,,,,,,,,,,,,,,901850,366be751
813,Romain Faivre,fr FRA,FW,Auxerre,fr Ligue 1,27.0,1998.0,5,2,188,2.1,0,0,0,0,0,0,0,0,0.0,6,2,33.3,2.87,0.96,0.0,0.0,0,0,3,2,1,3,0,0,0,3,0,,,,,,,,,,,,,,,913942,745ca0a3
814,Omar Falah,es ESP,DF,Oviedo,es La Liga,22.0,2003.0,1,0,14,0.2,0,0,0,0,0,0,0,0,0.0,0,0,,0.0,0.0,,,0,0,0,0,0,0,0,0,0,0,0,,,,,,,,,,,,,,,2115056,
815,Wladimiro Falcone,it ITA,GK,Lecce,it Serie A,30.0,1995.0,29,29,2610,29.0,0,0,0,0,0,0,2,0,0.0,0,0,,0.0,0.0,,,0,0,0,2,0,7,2,0,0,0,0,39.0,1.34,114.0,81.0,69.3,7.0,6.0,16.0,8.0,27.6,6.0,4.0,2.0,0.0,256667,9f5a610b
816,Ansu Fati,es ESP,MF,Monaco,fr Ligue 1,23.0,2002.0,17,6,671,7.5,8,0,8,5,3,4,1,0,0.67,27,15,55.6,3.62,2.01,0.19,0.33,3,4,2,7,1,4,1,0,0,7,0,,,,,,,,,,,,,,,962883,0ba976e4
817,Abdoulaye Faye,sn SEN,DF,Lorient,fr Ligue 1,21.0,2004.0,9,8,753,8.4,0,0,0,0,0,0,6,0,0.0,6,1,16.7,0.72,0.12,0.0,0.0,0,0,1,13,17,9,6,0,0,17,0,,,,,,,,,,,,,,,1529051,99df1bff
818,Jacopo Fazzini,it ITA,MF,FW,Fiorentina,it Serie A,23.0,2003.0,15,4,434,4.8,0,0,0,0,0,0,1,0,0.0,9,1,11.1,1.87,0.21,0.0,0.0,0,0,7,6,5,11,1,0,0,7,0,,,,,,,,,,,,,,1012179,
819,Aleix Febas,es ESP,MF,Elche,es La Liga,30.0,1996.0,27,27,2395,26.6,2,1,3,2,0,0,7,0,0.11,19,8,42.1,0.71,0.3,0.11,0.25,0,0,17,30,21,85,7,0,0,23,0,,,,,,,,,,,,,,,286167,38126309
820,Mattia Felici,it ITA,MF,Cagliari,it Serie A,24.0,2001.0,11,4,411,4.6,2,1,3,2,0,0,3,0,0.66,9,6,66.7,1.97,1.31,0.22,0.33,0,0,23,6,5,6,3,0,0,10,0,,,,,,,,,,,,,,,975811,38aa2612
821,Luiz Felipe,it ITA,DF,Rayo Vallecano,es La Liga,28.0,1997.0,9,6,380,4.2,0,0,0,0,0,0,1,0,0.0,3,1,33.3,0.71,0.24,0.0,0.0,0,0,0,5,4,1,1,0,0,4,0,,,,,,,,,,,,,,,850035,15d0c248
822,Pedro Felipe,br BRA,DF,Sassuolo,it Serie A,21.0,2004.0,1,0,2,0.0,0,0,0,0,0,0,0,0,0.0,0,0,,0.0,0.0,,,0,0,0,0,0,0,0,0,0,0,0,,,,,,,,,,,,,,,1485292,f74a5bdc
823,Frank Feller,de GER,GK,Heidenheim,de Bundesliga,22.0,2004.0,1,1,90,1.0,0,0,0,0,0,0,0,0,0.0,0,0,,0.0,0.0,,,0,0,0,0,0,0,0,0,0,0,0,2.0,2.0,6.0,4.0,66.7,0.0,0.0,1.0,0.0,0.0,0.0,0.0,0.0,0.0,1083359,
824,Robin Fellhauer,de GER,MF,Augsburg,de Bundesliga,28.0,1998.0,26,24,2131,23.7,2,1,3,2,0,0,2,0,0.13,24,6,25.0,1.01,0.25,0.08,0.33,0,0,68,37,17,29,2,0,0,21,0,,,,,,,,,,,,,,,860461,
825,Kiko Femenía,es ESP,DF,MF,Getafe,es La Liga,35.0,1991.0,23,21,1664,18.5,1,1,2,1,0,0,4,0,0.11,7,3,42.9,0.38,0.16,0.14,0.33,0,0,38,20,33,11,4,0,0,19,0,,,,,,,,,,,,,,53739,e5d01ecf
826,Evan Ferguson,ie IRL,FW,Roma,it Serie A,21.0,2004.0,16,10,773,8.6,3,2,5,3,0,0,1,0,0.58,27,15,55.6,3.14,1.75,0.11,0.2,0,0,2,4,1,9,1,0,0,11,0,,,,,,,,,,,,,,,999231,4596da74
827,Lewis Ferguson,sct SCO,MF,Bologna,it Serie A,26.0,1999.0,19,13,1192,13.2,1,0,1,1,0,0,5,0,0.08,10,2,20.0,0.76,0.15,0.1,0.5,0,0,17,12,9,19,5,0,0,29,0,,,,,,,,,,,,,,,907152,ee64a822
828,Bruno Fernandes,pt POR,MF,Manchester Utd,eng Premier League,31.0,1994.0,27,27,2344,26.0,7,16,23,4,3,5,3,0,0.77,67,18,26.9,2.57,0.69,0.06,0.22,3,5,121,28,15,32,3,0,0,20,0,,,,,,,,,,,,,,,288205,7d303ecf
829,Mateus Fernandes,pt POR,MF,West Ham United,eng Premier League,21.0,2004.0,28,27,2302,25.6,3,3,6,3,0,0,6,0,0.23,21,5,23.8,0.82,0.2,0.14,0.6,0,0,43,52,30,39,6,0,0,39,0,,,,,,,,,,,,,,,1142562,ef491564
830,Dro Fernández,es ESP,MF,Barcelona,es La Liga,18.0,2008.0,4,1,92,1.0,0,0,0,0,0,0,0,0,0.0,0,0,,0.0,0.0,,,0,0,0,0,0,1,0,0,0,1,0,,,,,,,,,,,,,,,1590761,5eeaca99
831,Dro Fernández,es ESP,MF,Paris Saint-Germain,fr Ligue 1,18.0,2008.0,5,3,217,2.4,0,0,0,0,0,0,0,0,0.0,2,1,50.0,0.83,0.41,0.0,0.0,0,0,2,0,5,7,0,0,0,4,0,,,,,,,,,,,,,,,1590761,5eeaca99
832,Enzo Fernández,ar ARG,MF,Chelsea,eng Premier League,25.0,2001.0,29,28,2488,27.6,8,3,11,6,2,2,8,0,0.33,57,24,42.1,2.06,0.87,0.11,0.25,2,2,59,23,16,38,8,0,0,30,0,,,,,,,,,,,,,,,974505,5ff4ab71
833,Ezequiél Fernández,ar ARG,MF,Leverkusen,de Bundesliga,23.0,2002.0,16,11,905,10.1,0,0,0,0,0,0,4,1,0.0,10,1,10.0,0.99,0.1,0.0,0.0,0,0,4,16,11,21,4,1,1,12,0,,,,,,,,,,,,,,,1003012,
834,Manu Fernández,es ESP,DF,Celta Vigo,es La Liga,24.0,2001.0,13,9,713,7.9,0,0,0,0,0,0,2,0,0.0,2,0,0.0,0.25,0.0,0.0,,0,0,0,9,6,7,2,0,0,7,0,,,,,,,,,,,,,,,1630975,4af68c24
835,Pelayo Fernandez,es ESP,DF,Rayo Vallecano,es La Liga,22.0,2003.0,1,0,45,0.5,0,0,0,0,0,0,0,0,0.0,1,0,0.0,2.0,0.0,0.0,,0,0,0,0,0,0,0,0,0,1,0,,,,,,,,,,,,,,,1139724,
836,Roberto Férnandez,es ESP,FW,Espanyol,es La Liga,23.0,2002.0,28,19,1806,20.1,5,2,7,4,1,1,3,0,0.3,44,17,38.6,2.19,0.85,0.09,0.24,1,1,7,2,5,35,3,0,0,28,0,,,,,,,,,,,,,,,1392592,d707f61e
837,Thiago Fernández,ar ARG,MF,Oviedo,es La Liga,21.0,2004.0,7,2,264,2.9,0,3,3,0,0,0,2,0,1.02,5,2,40.0,1.7,0.68,0.0,0.0,0,0,10,1,3,3,2,0,0,3,0,,,,,,,,,,,,,,,1201412,
838,Toni Fernández,es ESP,FW,Barcelona,es La Liga,17.0,2008.0,1,1,45,0.5,0,0,0,0,0,0,0,0,0.0,0,0,,0.0,0.0,,,0,0,0,0,0,0,0,0,0,0,0,,,,,,,,,,,,,,,1590761,9b839c72
839,Matias Fernandez-Pardo,be BEL,MF,FW,Lille,fr Ligue 1,21.0,2005.0,21,19,1670,18.6,5,4,9,5,0,0,4,0,0.49,46,21,45.7,2.48,1.13,0.11,0.24,0,0,50,11,6,29,4,0,0,11,0,,,,,,,,,,,,,,1149144,0cdb6a2a
840,Álvaro Fidalgo,es ESP,MF,Real Betis,es La Liga,28.0,1997.0,6,6,441,4.9,1,0,1,1,0,0,0,0,0.2,3,2,66.7,0.61,0.41,0.33,0.5,0,0,5,3,2,6,0,0,0,2,0,,,,,,,,,,,,,,,838629,c705cdc4
841,Seydou Fini,it ITA,FW,Genoa,it Serie A,19.0,2006.0,1,0,32,0.4,0,0,0,0,0,0,0,0,0.0,0,0,,0.0,0.0,,,0,0,1,0,0,0,0,0,0,1,0,,,,,,,,,,,,,,,1164381,6411925d
842,Max Finkgräfe,de GER,DF,RB Leipzig,de Bundesliga,21.0,2004.0,6,1,131,1.5,0,0,0,0,0,0,0,0,0.0,1,0,0.0,0.69,0.0,0.0,,0,0,6,4,4,1,0,0,0,1,0,,,,,,,,,,,,,,,1146250,
843,Junior Firpo,do DOM,DF,Real Betis,es La Liga,29.0,1996.0,10,8,672,7.5,0,1,1,0,0,0,2,0,0.13,5,0,0.0,0.67,0.0,0.0,,0,0,18,13,8,7,2,0,0,10,0,,,,,,,,,,,,,,,914835,24f59bb2
844,Jonathan Fischer,dk DEN,GK,Metz,fr Ligue 1,24.0,2001.0,26,25,2264,25.2,0,0,0,0,0,0,0,0,0.0,0,0,,0.0,0.0,,,0,0,0,0,0,4,0,0,0,0,0,56.0,2.23,137.0,88.0,63.5,3.0,4.0,18.0,4.0,16.0,7.0,6.0,1.0,0.0,1004550,e47d11f8
845,Kilian Fischer,de GER,DF,Wolfsburg,de Bundesliga,25.0,2000.0,11,10,800,8.9,0,0,0,0,0,0,0,0,0.0,2,0,0.0,0.23,0.0,0.0,,0,0,16,13,12,4,0,0,0,10,1,,,,,,,,,,,,,,,995316,
846,Mark Flekken,nl NED,GK,Leverkusen,de Bundesliga,32.0,1993.0,17,17,1499,16.7,0,0,0,0,0,0,2,0,0.0,0,0,,0.0,0.0,,,0,0,0,0,0,3,2,0,0,0,0,25.0,1.5,81.0,59.0,72.8,9.0,2.0,6.0,4.0,23.5,3.0,3.0,0.0,0.0,171919,a92ab7be
847,Zian Flemming,nl NED,FW,Burnley,eng Premier League,27.0,1998.0,21,13,1099,12.2,7,0,7,5,2,2,3,0,0.41,34,14,41.2,2.78,1.15,0.15,0.36,2,2,3,5,4,17,3,0,0,29,0,,,,,,,,,,,,,,,875137,b3f36e72
848,Jack Fletcher,eng ENG,MF,Manchester Utd,eng Premier League,18.0,2007.0,3,0,108,1.2,0,0,0,0,0,0,0,0,0.0,1,0,0.0,0.83,0.0,0.0,,0,0,0,1,1,1,0,0,0,2,0,,,,,,,,,,,,,,,1402726,
849,Tyler Fletcher,sct SCO,MF,Manchester Utd,eng Premier League,18.0,2007.0,1,0,1,0.0,0,0,0,0,0,0,0,0,0.0,0,0,,0.0,0.0,,,0,0,0,0,0,0,0,0,0,0,0,,,,,,,,,,,,,,,1402850,
850,Romano Floriani,it ITA,MF,DF,Cremonese,it Serie A,23.0,2003.0,21,8,848,9.4,0,0,0,0,0,0,2,0,0.0,4,0,0.0,0.42,0.0,0.0,,0,0,22,9,5,4,2,0,0,15,0,,,,,,,,,,,,,,,7a670e09
851,Phil Foden,eng ENG,MF,Manchester City,eng Premier League,25.0,2000.0,26,21,1811,20.1,7,3,10,7,0,0,4,0,0.5,51,17,33.3,2.53,0.84,0.14,0.41,0,0,103,12,9,26,4,0,0,17,0,,,,,,,,,,,,,,,859765,ed1e53f3
852,Malick Fofana,be BEL,MF,FW,Lyon,fr Ligue 1,20.0,2005.0,9,9,721,8.0,2,1,3,2,0,0,1,0,0.37,18,9,50.0,2.25,1.12,0.11,0.22,0,0,26,5,3,21,1,0,0,11,0,,,,,,,,,,,,,,1195784,8236f673
853,Rayan Fofana,fr FRA,FW,Lens,fr Ligue 1,20.0,2006.0,21,5,672,7.5,5,0,5,5,0,0,0,0,0.67,31,11,35.5,4.15,1.47,0.16,0.45,0,0,4,3,1,30,0,0,0,11,0,,,,,,,,,,,,,,,1545376,288647fc
854,Sadik Fofana,tg TOG,MF,Lecce,it Serie A,22.0,2003.0,3,0,9,0.1,0,0,0,0,0,0,0,0,0.0,0,0,,0.0,0.0,,,0,0,0,0,0,0,0,0,0,1,0,,,,,,,,,,,,,,,1130662,9ed58e6b
855,Seko Fofana,ci CIV,MF,Rennes,fr Ligue 1,30.0,1995.0,12,7,655,7.3,1,0,1,1,0,0,0,0,0.14,9,3,33.3,1.24,0.41,0.11,0.33,0,0,7,2,3,13,0,0,0,3,0,,,,,,,,,,,,,,,191188,5313ed43
856,Wesley Fofana,fr FRA,DF,Chelsea,eng Premier League,25.0,2000.0,18,13,1186,13.2,0,1,1,0,0,0,5,1,0.08,5,0,0.0,0.38,0.0,0.0,,0,0,2,10,25,12,5,1,1,18,0,,,,,,,,,,,,,,,923894,132a82f1
857,Youssouf Fofana,fr FRA,MF,Milan,it Serie A,27.0,1999.0,24,21,1668,18.5,1,3,4,1,0,0,4,0,0.22,35,13,37.1,1.89,0.7,0.03,0.08,0,0,9,14,9,14,4,0,0,17,0,,,,,,,,,,,,,,,945062,822d51d7
858,Jonas Föhrenbach,de GER,DF,MF,Heidenheim,de Bundesliga,30.0,1996.0,19,18,1650,18.3,1,1,2,1,0,0,3,0,0.11,5,1,20.0,0.27,0.05,0.2,1.0,0,0,75,18,23,9,3,0,0,12,0,,,,,,,,,,,,,,311676,e47d11f8
859,Francesco Folino,it ITA,DF,Cremonese,it Serie A,24.0,2002.0,15,7,684,7.6,1,0,1,1,0,0,1,0,0.13,1,1,100.0,0.13,0.13,1.0,1.0,0,0,1,4,1,8,1,0,0,11,0,,,,,,,,,,,,,,,1424353,
860,Michael Folorunsho,it ITA,MF,FW,Cagliari,it Serie A,28.0,1998.0,19,18,1516,16.8,2,0,2,2,0,0,3,0,0.12,23,7,30.4,1.37,0.42,0.09,0.29,0,0,18,8,7,34,3,0,0,30,0,,,,,,,,,,,,,,869795,c391a179
861,Nicolas Fonseca,uy URU,MF,Oviedo,es La Liga,27.0,1998.0,11,4,450,5.0,0,0,0,0,0,0,3,0,0.0,5,1,20.0,1.0,0.2,0.0,0.0,0,0,1,16,8,4,3,0,0,11,0,,,,,,,,,,,,,,,944629,2a8d62fc
862,Álex Forés,es ESP,FW,Oviedo,es La Liga,24.0,2001.0,14,2,285,3.2,0,1,1,0,0,0,0,0,0.32,8,2,25.0,2.53,0.63,0.0,0.0,0,0,2,0,1,4,0,0,0,2,0,,,,,,,,,,,,,,,1086128,
863,Pablo Fornals,es ESP,MF,Real Betis,es La Liga,30.0,1996.0,28,26,2208,24.5,6,4,10,6,0,0,2,0,0.41,35,15,42.9,1.43,0.61,0.17,0.4,0,0,109,23,26,20,2,0,0,24,0,,,,,,,,,,,,,,,816763,82927de4
864,Héctor Fort,es ESP,DF,MF,Elche,es La Liga,19.0,2006.0,9,5,327,3.6,1,2,3,1,0,0,0,0,0.83,10,4,40.0,2.75,1.1,0.1,0.25,0,0,6,2,4,0,0,0,0,4,0,,,,,,,,,,,,,,1402908,2e31f3a6
865,Niccolò Fortini,it ITA,MF,Fiorentina,it Serie A,20.0,2006.0,16,2,541,6.0,0,0,0,0,0,0,0,0,0.0,8,2,25.0,1.33,0.33,0.0,0.0,0,0,29,9,4,18,0,0,0,5,0,,,,,,,,,,,,,,,1526934,
866,Lyle Foster,za RSA,FW,MF,Burnley,eng Premier League,25.0,2000.0,22,14,1226,13.6,3,1,4,3,0,0,4,0,0.29,18,5,27.8,1.32,0.37,0.17,0.6,0,0,5,10,4,13,4,0,0,20,0,,,,,,,,,,,,,,901907,f84a807c
867,Dimitri Foulquier,fr FRA,DF,Valencia,es La Liga,32.0,1993.0,15,12,1150,12.8,0,0,0,0,0,0,1,0,0.0,6,1,16.7,0.47,0.08,0.0,0.0,0,0,11,9,8,7,1,0,0,16,0,,,,,,,,,,,,,,,151138,45e17712
868,Juan Foyth,ar ARG,DF,Villarreal,es La Liga,28.0,1998.0,13,12,934,10.4,0,0,0,0,0,0,2,0,0.0,2,0,0.0,0.19,0.0,0.0,,0,0,0,13,15,1,2,0,0,8,0,,,,,,,,,,,,,,,873189,6c7762c3
869,Alejandro Francés,es ESP,DF,Girona,es La Liga,23.0,2002.0,17,6,619,6.9,0,1,1,0,0,0,1,1,0.15,7,4,57.1,1.02,0.58,0.0,0.0,0,0,15,9,8,12,1,1,0,8,0,,,,,,,,,,,,,,,1002347,3e78a188
870,Przemysław Frankowski,pl POL,MF,Rennes,fr Ligue 1,30.0,1995.0,17,14,1126,12.5,1,2,3,1,0,0,5,0,0.24,9,3,33.3,0.72,0.24,0.11,0.33,0,0,74,25,9,9,5,0,0,12,0,,,,,,,,,,,,,,,286909,00a8d210
871,Davide Frattesi,it ITA,MF,Inter,it Serie A,26.0,1999.0,17,3,490,5.4,0,0,0,0,0,0,0,0,0.0,12,3,25.0,2.2,0.55,0.0,0.0,0,0,0,6,3,10,0,0,0,8,0,,,,,,,,,,,,,,,835600,2a7d27c1
872,Oscar Fraulo,dk DEN,MF,Gladbach,de Bundesliga,22.0,2003.0,4,0,43,0.5,1,0,1,1,0,0,0,0,2.09,1,1,100.0,2.09,2.09,1.0,1.0,0,0,0,0,1,0,0,0,0,3,0,,,,,,,,,,,,,,,1008245,57fe98dd
873,Tyler Fredricson,eng ENG,DF,Manchester Utd,eng Premier League,21.0,2005.0,1,0,3,0.0,0,0,0,0,0,0,0,0,0.0,0,0,,0.0,0.0,,,0,0,0,0,0,0,0,0,0,0,0,,,,,,,,,,,,,,,1142182,acaeba74
874,Alex Freeman,us USA,DF,Villarreal,es La Liga,21.0,2004.0,4,0,42,0.5,0,0,0,0,0,0,0,0,0.0,0,0,,0.0,0.0,,,0,0,1,0,1,0,0,0,0,1,0,,,,,,,,,,,,,,,1751832,754f150b
875,Morten Frendrup,dk DEN,MF,Genoa,it Serie A,24.0,2001.0,28,27,2376,26.4,1,0,1,1,0,0,3,0,0.04,8,3,37.5,0.3,0.11,0.13,0.33,0,0,3,56,33,33,3,0,0,34,0,,,,,,,,,,,,,,,918440,f4d60499
876,Martin Frese,dk DEN,MF,DF,Hellas Verona,it Serie A,28.0,1998.0,23,19,1771,19.7,2,0,2,2,0,0,5,0,0.1,16,8,50.0,0.81,0.41,0.13,0.25,0,0,52,33,20,14,5,0,0,35,1,,,,,,,,,,,,,,874812,b910e9c0
877,Remo Freuler,ch SUI,MF,Bologna,it Serie A,33.0,1992.0,21,18,1518,16.9,0,2,2,0,0,0,5,0,0.12,5,0,0.0,0.3,0.0,0.0,,0,0,11,29,9,18,5,0,0,16,1,,,,,,,,,,,,,,,115516,98d2c2c4
878,Marco Friedl,at AUT,DF,Werder Bremen,de Bundesliga,28.0,1998.0,24,24,2118,23.5,1,0,1,1,0,0,7,0,0.04,8,2,25.0,0.34,0.08,0.13,0.5,0,0,15,19,28,15,7,0,0,13,0,,,,,,,,,,,,,,,825771,f86ad3f5
879,Marvin Friedrich,de GER,DF,Gladbach,de Bundesliga,30.0,1995.0,5,1,149,1.7,0,0,0,0,0,0,0,0,0.0,0,0,,0.0,0.0,,,0,0,0,3,1,2,0,0,0,2,0,,,,,,,,,,,,,,,254449,
880,Jeremie Frimpong,nl NED,DF,MF,Liverpool,eng Premier League,25.0,2000.0,14,8,690,7.7,0,1,1,0,0,0,0,0,0.13,8,1,12.5,1.04,0.13,0.0,0.0,0,0,41,7,5,12,0,0,0,3,0,,,,,,,,,,,,,,970361,74f2e748
881,Jorge de Frutos,es ESP,FW,MF,Rayo Vallecano,es La Liga,29.0,1997.0,26,26,1880,20.9,10,1,11,9,1,1,3,0,0.48,43,20,46.5,2.06,0.96,0.21,0.45,1,1,30,12,5,29,3,0,0,27,0,,,,,,,,,,,,,,900003,38ce1150
882,Chris Führich,de GER,MF,Stuttgart,de Bundesliga,28.0,1998.0,25,13,1146,12.7,4,5,9,4,0,0,1,0,0.71,24,13,54.2,1.88,1.02,0.17,0.31,0,0,51,7,1,4,1,0,0,4,0,,,,,,,,,,,,,,,891510,
883,Joel Fujita,jp JPN,MF,St Pauli,de Bundesliga,24.0,2002.0,25,24,2123,23.6,1,3,4,1,0,0,4,0,0.17,26,5,19.2,1.1,0.21,0.04,0.2,0,0,25,26,28,12,4,0,0,28,0,,,,,,,,,,,,,,,1002461,e57ebd24
884,Niclas Füllkrug,de GER,FW,West Ham United,eng Premier League,33.0,1993.0,8,5,409,4.5,0,0,0,0,0,0,0,0,0.0,9,3,33.3,1.98,0.66,0.0,0.0,0,0,0,1,2,1,0,0,0,11,0,,,,,,,,,,,,,,,132645,4f16405e
885,Niclas Füllkrug,de GER,FW,Milan,it Serie A,33.0,1993.0,13,1,368,4.1,1,0,1,1,0,1,0,0,0.24,13,4,30.8,3.18,0.98,0.08,0.25,0,1,1,2,2,6,0,0,0,6,0,,,,,,,,,,,,,,,132645,4f16405e
886,Matteo Gabbia,it ITA,DF,Milan,it Serie A,26.0,1999.0,24,22,1990,22.1,0,0,0,0,0,0,3,0,0.0,18,3,16.7,0.81,0.14,0.0,0.0,0,0,1,10,12,5,3,0,0,18,0,,,,,,,,,,,,,,,826195,c235e803
887,Tiago Gabriel,pt POR,DF,Lecce,it Serie A,21.0,2004.0,29,28,2499,27.8,1,0,1,1,0,0,4,0,0.04,17,3,17.6,0.61,0.11,0.06,0.33,0,0,1,31,35,35,4,0,0,23,1,,,,,,,,,,,,,,,1651825,77ee5b27
888,Gianluca Gaetano,it ITA,MF,FW,Cagliari,it Serie A,25.0,2000.0,24,12,1152,12.8,2,3,5,2,0,0,4,0,0.39,22,8,36.4,1.72,0.62,0.09,0.25,0,0,29,9,10,22,4,0,0,19,0,,,,,,,,,,,,,,902019,3b387cc7
889,Roberto Gagliardini,it ITA,MF,Hellas Verona,it Serie A,31.0,1994.0,21,17,1585,17.6,1,0,1,1,0,0,5,0,0.06,11,3,27.3,0.62,0.17,0.09,0.33,0,0,13,30,42,22,5,0,0,28,0,,,,,,,,,,,,,,,287057,ce30bfc8
890,Cody Gakpo,nl NED,MF,FW,Liverpool,eng Premier League,26.0,1999.0,28,24,2055,22.8,6,3,9,6,0,0,2,0,0.39,67,15,22.4,2.93,0.66,0.09,0.4,0,0,82,10,9,38,2,0,0,31,0,,,,,,,,,,,,,,862967,1971591f
891,Javi Galán,es ESP,DF,Osasuna,es La Liga,31.0,1994.0,11,11,960,10.7,0,1,1,0,0,0,1,0,0.09,4,1,25.0,0.37,0.09,0.0,0.0,0,0,40,21,17,24,1,0,0,13,0,,,,,,,,,,,,,,,825133,a4b00319
892,Javi Galán,es ESP,DF,Atlético Madrid,es La Liga,31.0,1994.0,5,1,134,1.5,0,0,0,0,0,0,0,0,0.0,0,0,,0.0,0.0,,,0,0,5,2,1,3,0,0,0,2,0,,,,,,,,,,,,,,,825133,a4b00319
893,Iñigo Ruiz de Galarreta,es ESP,MF,Athletic Club,es La Liga,32.0,1993.0,25,23,1646,18.3,1,1,2,1,0,0,10,0,0.11,16,2,12.5,0.87,0.11,0.06,0.5,0,0,37,25,15,30,10,0,0,44,0,,,,,,,,,,,,,,,96365,91f7631f
894,Conor Gallagher,eng ENG,MF,Tottenham Hotspur,eng Premier League,26.0,2000.0,8,7,578,6.4,0,1,1,0,0,0,0,0,0.16,5,2,40.0,0.78,0.31,0.0,0.0,0,0,14,6,9,14,0,0,0,11,0,,,,,,,,,,,,,,,904970,c2731c10
895,Conor Gallagher,eng ENG,MF,Atlético Madrid,es La Liga,26.0,2000.0,19,4,679,7.5,2,0,2,2,0,0,2,0,0.27,13,5,38.5,1.72,0.66,0.15,0.4,0,0,11,12,11,9,2,0,0,18,0,,,,,,,,,,,,,,,904970,c2731c10
896,Antonino Gallo,it ITA,DF,Lecce,it Serie A,26.0,2000.0,29,27,2387,26.5,0,3,3,0,0,0,2,0,0.11,5,1,20.0,0.19,0.04,0.0,0.0,0,0,100,35,11,10,2,0,0,6,0,,,,,,,,,,,,,,,945616,c74d63ac
897,Idrissa Gana Gueye,sn SEN,MF,Everton,eng Premier League,36.0,1989.0,21,21,1755,19.5,2,1,3,2,0,0,1,1,0.15,26,6,23.1,1.33,0.31,0.08,0.33,0,0,18,19,23,26,1,1,0,18,0,,,,,,,,,,,,,,,106337,bfecfbde
898,Ignatius Ganago,cm CMR,FW,Nantes,fr Ligue 1,27.0,1999.0,5,3,242,2.7,1,0,1,0,1,1,0,0,0.0,5,2,40.0,1.86,0.74,0.0,0.0,1,1,2,0,0,2,0,0,0,3,0,,,,,,,,,,,,,,,890329,23c63b7f
899,Omri Gandelman,il ISR,MF,FW,Lecce,it Serie A,25.0,2000.0,11,8,674,7.5,2,0,2,2,0,0,0,0,0.27,9,3,33.3,1.2,0.4,0.22,0.67,0,0,1,4,2,2,0,0,0,8,0,,,,,,,,,,,,,,1019125,
900,Ismaëlo Ganiou,bf BFA,DF,Lens,fr Ligue 1,21.0,2005.0,15,15,1332,14.8,2,0,2,2,0,0,4,1,0.14,11,2,18.2,0.74,0.14,0.18,1.0,0,0,9,16,15,16,4,1,1,18,0,,,,,,,,,,,,,,,1408080,
901,Ben Gannon-Doak,sct SCO,MF,Bournemouth,eng Premier League,20.0,2005.0,4,0,57,0.6,0,1,1,0,0,0,0,0,1.58,1,0,0.0,1.58,0.0,0.0,,0,0,2,0,1,1,0,0,0,1,0,,,,,,,,,,,,,,,1154861,733f1a7d
902,Facundo Garcés,my MAS,DF,Alavés,es La Liga,26.0,1999.0,10,8,793,8.8,0,0,0,0,0,0,3,0,0.0,8,4,50.0,0.91,0.45,0.0,0.0,0,0,1,8,7,3,3,0,0,13,0,,,,,,,,,,,,,,,879875,20c88f8f
903,Aleix García,es ESP,MF,Leverkusen,de Bundesliga,28.0,1997.0,26,24,2104,23.4,2,5,7,2,0,0,4,0,0.3,23,4,17.4,0.98,0.17,0.09,0.5,0,0,95,14,19,17,4,0,0,7,0,,,,,,,,,,,,,,,796047,a10361d2
904,Álvaro García,es ESP,MF,FW,Rayo Vallecano,es La Liga,33.0,1992.0,28,20,1852,20.6,4,4,8,4,0,0,3,0,0.39,42,16,38.1,2.04,0.78,0.1,0.25,0,0,74,15,13,12,3,0,0,17,0,,,,,,,,,,,,,,345111,11184fa7
905,Andrés García,es ESP,DF,Aston Villa,eng Premier League,23.0,2003.0,4,0,40,0.4,0,0,0,0,0,0,0,0,0.0,0,0,,0.0,0.0,,,0,0,4,1,0,0,0,0,0,0,0,,,,,,,,,,,,,,,1457536,9f31b1d3
906,Eder García,es ESP,FW,Athletic Club,es La Liga,22.0,2004.0,2,0,38,0.4,0,0,0,0,0,0,1,0,0.0,1,0,0.0,2.37,0.0,0.0,,0,0,0,0,0,0,1,0,0,2,0,,,,,,,,,,,,,,,1425060,85a663ff
907,Eric García,es ESP,DF,MF,Barcelona,es La Liga,25.0,2001.0,27,25,2170,24.1,1,1,2,1,0,0,3,0,0.08,23,6,26.1,0.95,0.25,0.04,0.17,0,0,9,37,41,19,3,0,0,26,0,,,,,,,,,,,,,,876214,2bed3eab
908,Fran Garcia,es ESP,DF,MF,Real Madrid,es La Liga,26.0,1999.0,8,6,504,5.6,1,1,2,1,0,0,2,1,0.36,4,2,50.0,0.71,0.36,0.25,0.5,0,0,20,5,4,6,2,1,1,4,0,,,,,,,,,,,,,,851271,3a9de7cd
909,Gonzalo García,es ESP,FW,Real Madrid,es La Liga,21.0,2004.0,23,6,676,7.5,4,0,4,4,0,0,1,0,0.53,14,9,64.3,1.86,1.2,0.29,0.44,0,0,1,7,2,3,1,0,0,5,0,,,,,,,,,,,,,,,1402716,74c2d562
910,Hugo García,es ESP,MF,Celta Vigo,es La Liga,19.0,2006.0,1,0,8,0.1,0,0,0,0,0,0,0,0,0.0,0,0,,0.0,0.0,,,0,0,0,0,0,0,0,0,0,0,0,,,,,,,,,,,,,,,1705503,6bdf7f8c
911,Joan García,es ESP,GK,Barcelona,es La Liga,24.0,2001.0,22,22,1980,22.0,0,0,0,0,0,0,1,0,0.0,0,0,,0.0,0.0,,,0,0,0,3,0,4,1,0,0,0,0,17.0,0.77,74.0,59.0,79.7,19.0,1.0,2.0,11.0,50.0,2.0,2.0,0.0,0.0,930267,e47d11f8
912,Pablo Garcia,es ESP,MF,Real Betis,es La Liga,19.0,2006.0,14,2,372,4.1,0,0,0,0,0,0,1,0,0.0,11,4,36.4,2.66,0.97,0.0,0.0,0,0,3,5,3,9,1,0,0,5,0,,,,,,,,,,,,,,,1893910,b3a9a25f
913,Rubén García,es ESP,MF,FW,Osasuna,es La Liga,32.0,1993.0,25,19,1543,17.1,2,5,7,2,0,0,5,0,0.41,20,5,25.0,1.17,0.29,0.1,0.4,0,0,102,26,12,22,5,0,0,25,0,,,,,,,,,,,,,,260031,75b08b25
914,Ulisses Garcia,ch SUI,MF,DF,Marseille,fr Ligue 1,30.0,1996.0,4,2,211,2.3,0,0,0,0,0,0,1,1,0.0,2,1,50.0,0.85,0.43,0.0,0.0,0,0,1,2,0,2,1,1,0,4,0,,,,,,,,,,,,,,558320,c952f633
915,Ulisses Garcia,ch SUI,DF,Sassuolo,it Serie A,30.0,1996.0,6,4,387,4.3,0,1,1,0,0,0,1,0,0.23,0,0,,0.0,0.0,,,0,0,19,5,4,1,1,0,0,3,0,,,,,,,,,,,,,,,558320,c952f633
916,Víctor García,es ESP,MF,FW,Levante,es La Liga,28.0,1997.0,14,7,606,6.7,0,1,1,0,0,0,0,0,0.15,10,3,30.0,1.49,0.45,0.0,0.0,0,0,43,6,5,9,0,0,0,8,0,,,,,,,,,,,,,,2073040,00979380
917,Alejandro Garnacho,ar ARG,MF,Chelsea,eng Premier League,21.0,2004.0,19,14,1077,12.0,1,4,5,1,0,0,1,0,0.42,28,7,25.0,2.34,0.58,0.04,0.14,0,0,54,11,4,19,1,0,0,8,0,,,,,,,,,,,,,,,1135873,7aa8adfe
918,James Garner,eng ENG,MF,DF,Everton,eng Premier League,25.0,2001.0,30,30,2693,29.9,2,5,7,2,0,0,7,0,0.23,40,11,27.5,1.34,0.37,0.05,0.18,0,0,162,53,47,30,7,0,0,28,0,,,,,,,,,,,,,,927361,4e015693
919,Erawan Garnier,th THA,DF,Lens,fr Ligue 1,20.0,2006.0,1,0,7,0.1,0,0,0,0,0,0,0,0,0.0,0,0,,0.0,0.0,,,0,0,2,1,0,0,0,0,0,0,0,,,,,,,,,,,,,,,1842137,
920,Federico Gatti,it ITA,DF,Juventus,it Serie A,27.0,1998.0,16,11,957,10.6,2,0,2,2,0,0,3,0,0.19,12,6,50.0,1.13,0.56,0.17,0.33,0,0,2,7,11,6,3,0,0,14,0,,,,,,,,,,,,,,,1128063,18dd3219
921,Federico Gattoni,ar ARG,DF,Sevilla,es La Liga,27.0,1999.0,1,0,10,0.1,0,0,0,0,0,0,0,0,0.0,0,0,,0.0,0.0,,,0,0,0,0,0,0,0,0,0,0,0,,,,,,,,,,,,,,,941464,86087757
922,Gavi,es ESP,FW,MF,Barcelona,es La Liga,21.0,2004.0,3,0,76,0.8,0,1,1,0,0,0,0,0,1.18,0,0,,0.0,0.0,,,0,0,1,1,1,1,0,0,0,3,0,,,,,,,,,,,,,,1103693,19cae58d
923,Jusuf Gazibegović,ba BIH,DF,Köln,de Bundesliga,26.0,2000.0,1,0,23,0.3,0,0,0,0,0,0,0,0,0.0,0,0,,0.0,0.0,,,0,0,1,0,0,0,0,0,0,0,0,,,,,,,,,,,,,,,907530,0683f364
924,Paulo Gazzaniga,ar ARG,GK,Girona,es La Liga,34.0,1992.0,25,25,2202,24.5,0,0,0,0,0,0,4,1,0.0,0,0,,0.0,0.0,,,0,0,0,0,0,5,4,1,0,1,0,35.0,1.43,118.0,87.0,73.7,8.0,9.0,8.0,5.0,20.0,5.0,4.0,0.0,1.0,164343,63d17038
925,Jean-Philippe Gbamin,ci CIV,DF,MF,Metz,fr Ligue 1,30.0,1995.0,23,23,1917,21.3,1,1,2,1,0,0,2,1,0.09,13,7,53.8,0.61,0.33,0.08,0.14,0,0,3,23,19,7,2,1,0,16,0,,,,,,,,,,,,,,326343,6bd603db
926,Yann Gboho,fr FRA,MF,FW,Toulouse,fr Ligue 1,25.0,2001.0,25,24,2160,24.0,8,2,10,8,0,0,1,0,0.42,47,15,31.9,1.96,0.62,0.17,0.53,0,0,30,10,12,60,1,0,0,13,0,,,,,,,,,,,,,,911851,6be41a31
927,David de Gea,es ESP,GK,Fiorentina,it Serie A,35.0,1990.0,29,29,2610,29.0,0,0,0,0,0,0,0,0,0.0,0,0,,0.0,0.0,,,0,0,0,0,0,4,0,0,0,0,0,43.0,1.48,121.0,84.0,68.6,6.0,10.0,13.0,5.0,17.2,6.0,5.0,1.0,0.0,69378,7ba6d84e
928,Lutsharel Geertruida,nl NED,DF,MF,Sunderland,eng Premier League,25.0,2000.0,24,13,1333,14.8,0,0,0,0,0,0,0,0,0.0,8,2,25.0,0.54,0.14,0.0,0.0,0,0,3,18,17,5,0,0,0,12,0,,,,,,,,,,,,,,856739,242e1043
929,Valentin Gendrey,fr FRA,DF,Hoffenheim,de Bundesliga,25.0,2000.0,8,0,59,0.7,1,1,2,1,0,0,0,0,3.05,2,1,50.0,3.05,1.53,0.5,1.0,0,0,2,0,1,1,0,0,0,2,0,,,,,,,,,,,,,,,944899,822ed0ec
930,Tyrique George,eng ENG,FW,Chelsea,eng Premier League,20.0,2006.0,4,0,145,1.6,0,0,0,0,0,0,2,0,0.0,3,2,66.7,1.86,1.24,0.0,0.0,0,0,1,2,0,1,2,0,0,6,0,,,,,,,,,,,,,,,1403061,
931,Tyrique George,eng ENG,MF,Everton,eng Premier League,20.0,2006.0,5,1,106,1.2,0,0,0,0,0,0,0,0,0.0,2,1,50.0,1.7,0.85,0.0,0.0,0,0,2,0,1,0,0,0,0,2,0,,,,,,,,,,,,,,,1403061,
932,Yannick Gerhardt,de GER,MF,Wolfsburg,de Bundesliga,32.0,1994.0,15,12,1006,11.2,1,0,1,1,0,0,1,0,0.09,10,1,10.0,0.89,0.09,0.1,1.0,0,0,7,8,9,13,1,0,0,19,0,,,,,,,,,,,,,,,169255,
933,Willem Geubbels,fr FRA,FW,Paris FC,fr Ligue 1,24.0,2001.0,18,8,725,8.1,3,0,3,2,1,1,0,0,0.25,23,6,26.1,2.86,0.74,0.09,0.33,1,1,7,1,4,2,0,0,0,15,0,,,,,,,,,,,,,,,877979,9836e892
934,Ismaël Gharbi,tn TUN,MF,Augsburg,de Bundesliga,21.0,2004.0,5,0,92,1.0,0,0,0,0,0,0,0,0,0.0,3,0,0.0,2.93,0.0,0.0,,0,0,4,1,0,8,0,0,0,2,0,,,,,,,,,,,,,,,1113488,5b3cfa12
935,Mourad El Ghezouani,ma MAR,FW,Elche,es La Liga,27.0,1998.0,2,0,50,0.6,0,0,0,0,0,0,0,0,0.0,1,0,0.0,1.8,0.0,0.0,,0,0,0,3,0,1,0,0,0,1,0,,,,,,,,,,,,,,,1010891,
936,Rachid Ghezzal,dz ALG,FW,Lyon,fr Ligue 1,33.0,1992.0,8,1,153,1.7,0,0,0,0,0,0,0,0,0.0,3,1,33.3,1.76,0.59,0.0,0.0,0,0,11,2,0,1,0,0,0,4,0,,,,,,,,,,,,,,,123228,dc3a9a0d
937,Daniele Ghilardi,it ITA,DF,Roma,it Serie A,23.0,2003.0,15,7,754,8.4,0,0,0,0,0,0,1,0,0.0,1,0,0.0,0.12,0.0,0.0,,0,0,2,11,11,12,1,0,0,17,0,,,,,,,,,,,,,,,1384847,636fc976
938,Andrea Ghion,it ITA,MF,Sassuolo,it Serie A,26.0,2000.0,1,0,10,0.1,0,0,0,0,0,0,0,0,0.0,0,0,,0.0,0.0,,,0,0,1,1,0,0,0,0,0,0,0,,,,,,,,,,,,,,,928879,7f24b3eb
939,Dimitris Giannoulis,gr GRE,MF,Augsburg,de Bundesliga,30.0,1995.0,20,18,1365,15.2,2,3,5,2,0,0,6,0,0.33,9,5,55.6,0.59,0.33,0.22,0.4,0,0,64,17,16,14,6,0,0,12,0,,,,,,,,,,,,,,,354878,112c495e
940,Morgan Gibbs-White,eng ENG,MF,FW,Nottingham Forest,eng Premier League,26.0,2000.0,30,29,2548,28.3,8,2,10,7,1,1,1,0,0.32,64,22,34.4,2.26,0.78,0.11,0.32,1,1,32,11,9,35,1,0,0,21,0,,,,,,,,,,,,,,865912,32f60ed8
941,Bryan Gil,es ESP,MF,Girona,es La Liga,25.0,2001.0,23,17,1349,15.0,0,3,3,0,0,0,4,0,0.2,20,5,25.0,1.33,0.33,0.0,0.0,0,0,41,17,9,33,4,0,0,16,0,,,,,,,,,,,,,,,910026,7b5ab7f2
942,Mario Gila,es ESP,DF,Lazio,it Serie A,25.0,2000.0,26,26,2197,24.4,0,0,0,0,0,0,3,1,0.0,11,3,27.3,0.45,0.12,0.0,0.0,0,0,1,33,24,21,3,1,0,17,0,,,,,,,,,,,,,,,965828,b6e654a6
943,Billy Gilmour,sct SCO,MF,Napoli,it Serie A,24.0,2001.0,13,7,623,6.9,1,0,1,1,0,0,1,0,0.14,8,2,25.0,1.16,0.29,0.13,0.5,0,0,4,5,10,6,1,0,0,8,0,,,,,,,,,,,,,,,907668,df10e27c
944,Benedikt Gimber,de GER,DF,Heidenheim,de Bundesliga,29.0,1997.0,19,17,1367,15.2,0,0,0,0,0,0,6,0,0.0,4,1,25.0,0.26,0.07,0.0,0.0,0,0,5,18,14,29,6,0,0,26,0,,,,,,,,,,,,,,,798936,
945,Santiago Giménez,mx MEX,FW,Milan,it Serie A,24.0,2001.0,9,8,621,6.9,0,0,0,0,0,0,1,0,0.0,21,7,33.3,3.04,1.01,0.0,0.0,0,0,1,4,1,10,1,0,0,7,0,,,,,,,,,,,,,,,892141,37337aea
946,Gvidas Gineitis,lt LTU,MF,Torino,it Serie A,21.0,2004.0,21,15,1146,12.7,0,1,1,0,0,0,4,0,0.08,11,2,18.2,0.86,0.16,0.0,0.0,0,0,51,21,17,21,4,0,0,31,0,,,,,,,,,,,,,,,1030829,
947,Matthias Ginter,de GER,DF,Freiburg,de Bundesliga,32.0,1994.0,25,25,2250,25.0,2,2,4,2,0,0,1,0,0.16,14,6,42.9,0.56,0.24,0.14,0.33,0,0,8,10,20,14,1,0,0,13,0,,,,,,,,,,,,,,,142259,f521b80a
948,Giovane,br BRA,FW,MF,Hellas Verona,it Serie A,22.0,2003.0,21,19,1533,17.0,3,4,7,3,0,0,2,0,0.41,47,25,53.2,2.76,1.47,0.06,0.12,0,0,56,9,5,15,2,0,0,21,0,,,,,,,,,,,,,,1170773,350b0917
949,Giovane,br BRA,FW,Napoli,it Serie A,22.0,2003.0,7,0,111,1.2,0,1,1,0,0,0,0,0,0.81,2,0,0.0,1.62,0.0,0.0,,0,0,5,0,0,5,0,0,0,3,0,,,,,,,,,,,,,,,1170773,350b0917
950,Olivier Giroud,fr FRA,FW,Lille,fr Ligue 1,39.0,1986.0,23,17,1458,16.2,5,1,6,3,2,3,2,0,0.25,38,13,34.2,2.35,0.8,0.08,0.23,2,3,2,6,4,27,2,0,0,26,0,,,,,,,,,,,,,,,39070,16ceb862
951,Jamie Gittens,eng ENG,MF,Chelsea,eng Premier League,21.0,2004.0,16,5,495,5.5,0,2,2,0,0,0,0,0,0.36,10,2,20.0,1.82,0.36,0.0,0.0,0,0,13,4,2,8,0,0,0,6,0,,,,,,,,,,,,,,,1140599,10745192
952,Robert Glatzel,de GER,FW,Hamburger SV,de Bundesliga,32.0,1994.0,14,3,295,3.3,1,1,2,1,0,0,0,0,0.61,9,4,44.4,2.75,1.22,0.11,0.25,0,0,1,0,0,4,0,0,0,5,0,,,,,,,,,,,,,,,168987,
953,Serge Gnabry,de GER,MF,Bayern Munich,de Bundesliga,30.0,1995.0,19,14,1069,11.9,6,6,12,6,0,0,1,0,1.01,40,15,37.5,3.37,1.26,0.15,0.4,0,0,19,8,4,3,1,0,0,8,0,,,,,,,,,,,,,,,187433,88e357ef
954,Wilfried Gnonto,it ITA,FW,Leeds United,eng Premier League,22.0,2003.0,16,4,387,4.3,0,1,1,0,0,0,3,0,0.23,8,0,0.0,1.86,0.0,0.0,,0,0,15,10,3,8,3,0,0,7,0,,,,,,,,,,,,,,,998951,75fdd638
955,Giorgi Gocholeishvili,ge GEO,MF,Hamburger SV,de Bundesliga,25.0,2001.0,20,9,858,9.5,0,2,2,0,0,0,3,1,0.21,13,2,15.4,1.36,0.21,0.0,0.0,0,0,19,13,6,17,3,1,1,12,0,,,,,,,,,,,,,,,1035752,
956,Martial Godo,eng ENG,MF,Strasbourg,fr Ligue 1,23.0,2003.0,21,13,1088,12.1,7,1,8,7,0,0,2,0,0.66,28,13,46.4,2.32,1.08,0.25,0.54,0,0,21,8,12,22,2,0,0,13,0,,,,,,,,,,,,,,,1190938,e0eea46f
957,Maxima Goffi,fr FRA,DF,Lille,fr Ligue 1,18.0,2008.0,1,0,39,0.4,0,0,0,0,0,0,0,0,0.0,0,0,,0.0,0.0,,,0,0,1,1,0,0,0,0,0,1,0,,,,,,,,,,,,,,,1937040,
958,Saba Goglichidze,ge GEO,DF,Udinese,it Serie A,21.0,2004.0,8,4,424,4.7,0,0,0,0,0,0,2,0,0.0,3,1,33.3,0.64,0.21,0.0,0.0,0,0,2,8,8,4,2,0,0,5,0,,,,,,,,,,,,,,,1126175,
959,Edoardo Goldaniga,it ITA,DF,Como,it Serie A,32.0,1993.0,1,0,1,0.0,0,0,0,0,0,0,0,0,0.0,0,0,,0.0,0.0,,,0,0,0,0,0,0,0,0,0,0,0,,,,,,,,,,,,,,,295133,4b029b31
960,Aleksandr Golovin,ru RUS,MF,Monaco,fr Ligue 1,29.0,1996.0,19,17,1339,14.9,4,5,9,4,0,0,3,1,0.6,29,17,58.6,1.95,1.14,0.14,0.24,0,0,30,14,19,13,3,1,1,20,0,,,,,,,,,,,,,,,318963,3708e9fa
961,André Gomes,pt POR,MF,Lille,fr Ligue 1,32.0,1993.0,2,0,8,0.1,0,0,0,0,0,0,0,0,0.0,0,0,,0.0,0.0,,,0,0,0,0,0,0,0,0,0,2,0,,,,,,,,,,,,,,,235460,1961b2aa
962,Angel Gomes,eng ENG,MF,Marseille,fr Ligue 1,25.0,2000.0,14,12,888,9.9,3,0,3,3,0,0,4,0,0.3,11,5,45.5,1.11,0.51,0.27,0.6,0,0,7,5,4,12,4,0,0,19,0,,,,,,,,,,,,,,,867441,645a3363
963,Angel Gomes,eng ENG,MF,FW,Wolves,eng Premier League,25.0,2000.0,7,4,284,3.2,0,0,0,0,0,0,1,0,0.0,3,1,33.3,0.95,0.32,0.0,0.0,0,0,5,4,1,6,1,0,0,5,0,,,,,,,,,,,,,,867441,645a3363
964,João Gomes,br BRA,MF,Wolves,eng Premier League,25.0,2001.0,29,26,2297,25.5,1,1,2,1,0,0,9,0,0.08,16,6,37.5,0.63,0.24,0.06,0.17,0,0,25,57,31,39,9,0,0,56,0,,,,,,,,,,,,,,,1015267,31c3caea
965,Rodrigo Gomes,pt POR,MF,FW,Wolves,eng Premier League,22.0,2003.0,15,6,602,6.7,3,0,3,3,0,0,0,0,0.45,14,6,42.9,2.09,0.9,0.21,0.5,0,0,20,13,8,7,0,0,0,4,0,,,,,,,,,,,,,,1006073,6434f10d
966,Toti Gomes,pt POR,DF,Wolves,eng Premier League,27.0,1999.0,14,13,1039,11.5,0,0,0,0,0,0,2,1,0.0,4,1,25.0,0.35,0.09,0.0,0.0,0,0,10,7,9,8,2,1,0,9,0,,,,,,,,,,,,,,,973418,f0caab96
967,Diego Gómez,py PAR,MF,FW,Brighton,eng Premier League,22.0,2003.0,27,22,1841,20.5,5,0,5,5,0,0,8,0,0.24,32,13,40.6,1.56,0.64,0.16,0.38,0,0,20,44,14,9,8,0,0,43,0,,,,,,,,,,,,,,1065588,b6ea22c2
968,Joe Gomez,eng ENG,DF,Liverpool,eng Premier League,28.0,1997.0,16,6,500,5.6,0,2,2,0,0,0,2,0,0.36,3,1,33.3,0.54,0.18,0.0,0.0,0,0,15,3,8,0,2,0,0,9,0,,,,,,,,,,,,,,,318927,7a11550b
969,Moi Gómez,es ESP,MF,Osasuna,es La Liga,31.0,1994.0,20,10,980,10.9,0,1,1,0,0,0,2,0,0.09,11,2,18.2,1.01,0.18,0.0,0.0,0,0,24,6,9,20,2,0,0,15,0,,,,,,,,,,,,,,,149370,5a626448
970,Sergio Gómez,es ESP,DF,Real Sociedad,es La Liga,25.0,2000.0,26,22,1972,21.9,0,2,2,0,0,0,2,0,0.09,9,0,0.0,0.41,0.0,0.0,,0,0,115,44,26,12,2,0,0,35,0,,,,,,,,,,,,,,,855835,01e5f06e
971,Unai Gómez,es ESP,MF,FW,Athletic Club,es La Liga,22.0,2003.0,19,7,608,6.8,1,1,2,1,0,0,1,0,0.3,14,3,21.4,2.07,0.44,0.07,0.33,0,0,20,4,2,4,1,0,0,8,0,,,,,,,,,,,,,,1391375,
972,Valentín Gómez,ar ARG,DF,Real Betis,es La Liga,22.0,2003.0,20,12,1240,13.8,1,0,1,1,0,0,5,0,0.07,9,3,33.3,0.65,0.22,0.11,0.33,0,0,10,21,18,7,5,0,0,18,0,,,,,,,,,,,,,,,1186010,0394c2ee
973,Tidiam Gomis,fr FRA,FW,RB Leipzig,de Bundesliga,19.0,2006.0,15,2,316,3.5,1,0,1,1,0,0,0,0,0.28,9,3,33.3,2.56,0.85,0.11,0.33,0,0,6,2,0,2,0,0,0,3,0,,,,,,,,,,,,,,,1426577,64c705d7
974,Rafael Gonçalves,pt POR,MF,Strasbourg,fr Ligue 1,21.0,2005.0,8,3,273,3.0,0,0,0,0,0,0,0,0,0.0,1,1,100.0,0.33,0.33,0.0,0.0,0,0,1,7,2,1,0,0,0,4,0,,,,,,,,,,,,,,,1527067,
975,Nicolás González,es ESP,MF,Manchester City,eng Premier League,24.0,2002.0,21,15,1376,15.3,1,0,1,1,0,0,6,0,0.07,12,2,16.7,0.78,0.13,0.08,0.5,0,0,2,26,22,17,6,0,0,28,0,,,,,,,,,,,,,,,901325,32781bd1
976,Nicolás González,ar ARG,MF,DF,Atlético Madrid,es La Liga,27.0,1998.0,20,16,1252,13.9,3,0,3,3,0,0,3,0,0.22,40,19,47.5,2.88,1.37,0.08,0.16,0,0,25,13,11,19,3,0,0,24,0,,,,,,,,,,,,,,901325,32781bd1
977,Nicolás González,ar ARG,FW,MF,Juventus,it Serie A,27.0,1998.0,2,0,19,0.2,0,0,0,0,0,0,0,0,0.0,2,0,0.0,9.47,0.0,0.0,,0,0,0,0,0,3,0,0,0,0,0,,,,,,,,,,,,,,901325,32781bd1
978,Urko González,es ESP,MF,Espanyol,es La Liga,24.0,2001.0,26,19,1820,20.2,0,1,1,0,0,0,4,0,0.05,13,1,7.7,0.64,0.05,0.0,0.0,0,0,8,25,19,26,4,0,0,27,0,,,,,,,,,,,,,,,1064009,c4f5eb61
979,Urko González,es ESP,DF,MF,Real Sociedad,es La Liga,24.0,2001.0,1,0,11,0.1,0,0,0,0,0,0,0,0,0.0,0,0,,0.0,0.0,,,0,0,0,0,0,0,0,0,0,0,0,,,,,,,,,,,,,,1064009,c4f5eb61
980,Anthony Gordon,eng ENG,FW,Newcastle United,eng Premier League,25.0,2001.0,24,22,1637,18.2,5,2,7,2,3,3,3,1,0.22,44,19,43.2,2.42,1.04,0.05,0.11,3,3,68,12,3,37,3,1,0,13,0,,,,,,,,,,,,,,,914902,2bd83368
981,Leon Goretzka,de GER,MF,Bayern Munich,de Bundesliga,31.0,1995.0,23,17,1319,14.7,2,1,3,2,0,0,4,0,0.2,16,5,31.3,1.09,0.34,0.13,0.4,0,0,3,13,21,12,4,0,0,11,0,,,,,,,,,,,,,,,184661,cc86b9a3
982,Andoni Gorosabel,es ESP,DF,Athletic Club,es La Liga,29.0,1996.0,16,10,818,9.1,0,1,1,0,0,0,2,0,0.11,5,1,20.0,0.55,0.11,0.0,0.0,0,0,28,16,8,9,2,0,0,9,0,,,,,,,,,,,,,,,866810,6f5f82c0
983,Jon Gorrotxategi,es ESP,MF,Real Sociedad,es La Liga,24.0,2002.0,24,21,1863,20.7,1,3,4,1,0,0,7,0,0.19,11,1,9.1,0.53,0.05,0.09,1.0,0,0,5,26,29,20,7,0,0,26,0,,,,,,,,,,,,,,,1216309,e47d11f8
984,Olaf Gorter,nl NED,MF,Lecce,it Serie A,21.0,2005.0,2,0,28,0.3,0,0,0,0,0,0,0,0,0.0,0,0,,0.0,0.0,,,0,0,0,1,0,0,0,0,0,1,0,,,,,,,,,,,,,,,1403088,
985,Alimami Gory,ml MLI,MF,DF,Paris FC,fr Ligue 1,29.0,1996.0,17,7,718,8.0,1,1,2,1,0,0,0,0,0.25,9,1,11.1,1.13,0.13,0.11,1.0,0,0,7,7,8,12,0,0,0,9,0,,,,,,,,,,,,,,842399,a2f8e467
986,Robin Gosens,de GER,MF,DF,Fiorentina,it Serie A,31.0,1994.0,18,16,1299,14.4,2,1,3,2,0,0,2,0,0.21,14,6,42.9,0.97,0.42,0.14,0.33,0,0,32,11,11,17,2,0,0,15,0,,,,,,,,,,,,,,377118,2d970560
987,Mikel Goti,es ESP,MF,Real Sociedad,es La Liga,23.0,2002.0,4,1,76,0.8,0,0,0,0,0,0,0,0,0.0,3,0,0.0,3.55,0.0,0.0,,0,0,3,1,0,0,0,0,0,6,0,,,,,,,,,,,,,,,1136702,
988,Mario Götze,de GER,MF,Eintracht Frankfurt,de Bundesliga,33.0,1992.0,18,7,769,8.5,0,0,0,0,0,0,1,0,0.0,5,0,0.0,0.59,0.0,0.0,,0,0,21,6,4,12,1,0,0,6,0,,,,,,,,,,,,,,,66518,9efa1d25
989,Amine Gouiri,dz ALG,FW,MF,Marseille,fr Ligue 1,26.0,2000.0,15,10,857,9.5,6,2,8,6,0,0,0,0,0.84,27,14,51.9,2.84,1.47,0.22,0.43,0,0,20,7,2,6,0,0,0,9,0,,,,,,,,,,,,,,859026,aad56ca3
990,Lucas Gourna-Douath,fr FRA,MF,Le Havre,fr Ligue 1,22.0,2003.0,8,8,713,7.9,0,0,0,0,0,0,3,0,0.0,5,1,20.0,0.63,0.13,0.0,0.0,0,0,2,5,10,17,3,0,0,11,0,,,,,,,,,,,,,,,1012657,3cd7820a
991,Tiago Gouveia,pt POR,MF,Nice,fr Ligue 1,24.0,2001.0,14,5,531,5.9,0,0,0,0,0,0,2,0,0.0,12,4,33.3,2.03,0.68,0.0,0.0,0,0,4,3,9,9,2,0,0,6,0,,,,,,,,,,,,,,,976410,77ee5b27
992,Jeffrey Gouweleeuw,nl NED,DF,Augsburg,de Bundesliga,34.0,1991.0,5,4,365,4.1,0,0,0,0,0,0,2,0,0.0,2,1,50.0,0.49,0.25,0.0,0.0,0,0,3,6,7,0,2,0,0,3,0,,,,,,,,,,,,,,,146853,1025db8e
993,Kamil Grabara,pl POL,GK,Wolfsburg,de Bundesliga,27.0,1999.0,26,26,2340,26.0,0,0,0,0,0,0,1,0,0.0,1,0,0.0,0.04,0.0,0.0,,0,0,0,1,0,1,1,0,0,0,0,56.0,2.15,140.0,92.0,63.6,5.0,6.0,15.0,1.0,3.8,9.0,5.0,3.0,1.0,902080,62182b1d
994,Jonathan Gradit,fr FRA,DF,Lens,fr Ligue 1,33.0,1992.0,10,10,807,9.0,0,0,0,0,0,0,2,1,0.0,2,0,0.0,0.22,0.0,0.0,,0,0,3,12,16,9,2,1,0,15,0,,,,,,,,,,,,,,,369650,06c48679
995,Alberto Grassi,it ITA,MF,Cremonese,it Serie A,31.0,1995.0,21,10,1101,12.2,0,0,0,0,0,0,3,0,0.0,7,3,42.9,0.57,0.25,0.0,0.0,0,0,2,8,24,16,3,0,0,9,0,,,,,,,,,,,,,,,186845,6cc97b6a
996,Ryan Gravenberch,nl NED,MF,Liverpool,eng Premier League,23.0,2002.0,28,28,2428,27.0,4,3,7,4,0,0,5,0,0.26,31,9,29.0,1.15,0.33,0.13,0.44,0,0,6,29,38,34,5,0,0,29,0,,,,,,,,,,,,,,,904897,b8e740fb
997,Archie Gray,eng ENG,MF,DF,Tottenham Hotspur,eng Premier League,20.0,2006.0,20,16,1291,14.3,2,2,4,2,0,0,5,0,0.28,8,4,50.0,0.56,0.28,0.25,0.5,0,0,12,7,14,2,5,0,0,10,0,,,,,,,,,,,,,,1142335,
998,Jack Grealish,eng ENG,MF,Everton,eng Premier League,30.0,1995.0,20,18,1627,18.1,2,6,8,2,0,0,5,1,0.44,26,8,30.8,1.44,0.44,0.08,0.25,0,0,39,15,11,58,5,1,1,13,0,,,,,,,,,,,,,,,189061,b0b4fd3e
999,Mason Greenwood,eng ENG,MF,Marseille,fr Ligue 1,24.0,2001.0,25,23,1980,22.0,15,4,19,10,5,7,3,0,0.64,95,38,40.0,4.32,1.73,0.11,0.26,5,7,95,9,3,21,3,0,0,17,0,,,,,,,,,,,,,,,942116,58eee997
1000,Michael Gregoritsch,at AUT,FW,Augsburg,de Bundesliga,31.0,1994.0,10,5,437,4.9,3,1,4,2,1,1,2,0,0.62,11,4,36.4,2.27,0.82,0.18,0.5,1,1,4,3,2,8,2,0,0,4,0,,,,,,,,,,,,,,,111483,8e235926
1001,Dominik Greif,sk SVK,GK,Lyon,fr Ligue 1,28.0,1997.0,21,21,1890,21.0,0,1,1,0,0,0,1,0,0.05,0,0,,0.0,0.0,,,0,0,0,0,0,4,1,0,0,0,0,24.0,1.14,74.0,53.0,68.9,11.0,4.0,6.0,9.0,42.9,3.0,1.0,2.0,0.0,791046,30061f53
1002,Antoine Griezmann,fr FRA,FW,Atlético Madrid,es La Liga,34.0,1991.0,25,6,926,10.3,6,1,7,6,0,0,0,0,0.68,33,18,54.5,3.21,1.75,0.18,0.33,0,0,52,5,3,6,0,0,0,1,0,,,,,,,,,,,,,,,85859,df69b544
1003,Vincenzo Grifo,it ITA,MF,Freiburg,de Bundesliga,32.0,1993.0,26,16,1279,14.2,7,1,8,3,4,4,0,0,0.28,23,9,39.1,1.62,0.63,0.13,0.33,4,4,97,4,11,9,0,0,0,8,0,,,,,,,,,,,,,,,171961,54e4866f
1004,Álex Grimaldo,es ESP,MF,Leverkusen,de Bundesliga,30.0,1995.0,21,21,1801,20.0,6,4,10,4,2,2,5,0,0.4,40,15,37.5,2.0,0.75,0.1,0.27,2,2,105,16,13,25,5,0,0,11,0,,,,,,,,,,,,,,,177177,b1f4086c
1005,Pascal Groß,de GER,MF,Dortmund,de Bundesliga,34.0,1991.0,11,7,613,6.8,0,1,1,0,0,0,0,0,0.15,8,1,12.5,1.17,0.15,0.0,0.0,0,0,23,6,5,4,0,0,0,10,0,,,,,,,,,,,,,,,48480,8aec0537
1006,Pascal Groß,de GER,MF,Brighton,eng Premier League,34.0,1991.0,11,10,916,10.2,1,1,2,1,0,0,2,0,0.2,11,4,36.4,1.08,0.39,0.09,0.25,0,0,67,11,8,10,2,0,0,9,0,,,,,,,,,,,,,,,48480,8aec0537
1007,Brajan Gruda,de GER,MF,FW,RB Leipzig,de Bundesliga,21.0,2004.0,6,5,410,4.6,1,1,2,1,0,0,0,0,0.44,11,5,45.5,2.41,1.1,0.09,0.2,0,0,14,3,0,6,0,0,0,7,0,,,,,,,,,,,,,,1198075,
1008,Brajan Gruda,de GER,MF,Brighton,eng Premier League,21.0,2004.0,18,8,719,8.0,1,1,2,1,0,0,2,0,0.25,16,6,37.5,2.0,0.75,0.06,0.17,0,0,14,5,2,14,2,0,0,11,0,,,,,,,,,,,,,,,1198075,
1009,Ilia Gruev,bg BUL,MF,Leeds United,eng Premier League,25.0,2000.0,21,15,1293,14.4,0,3,3,0,0,0,3,0,0.21,6,1,16.7,0.42,0.07,0.0,0.0,0,0,16,13,14,9,3,0,0,16,0,,,,,,,,,,,,,,,911679,1fc4f3d1
1010,Marco Grüll,at AUT,MF,FW,Werder Bremen,de Bundesliga,27.0,1998.0,26,20,1710,19.0,3,1,4,3,0,0,4,0,0.21,38,12,31.6,2.0,0.63,0.08,0.25,0,0,57,14,10,22,4,0,0,24,0,,,,,,,,,,,,,,815612,8babb812
1011,Albert Grønbaek,dk DEN,MF,Genoa,it Serie A,24.0,2001.0,4,1,103,1.1,0,0,0,0,0,0,1,0,0.0,1,1,100.0,0.87,0.87,0.0,0.0,0,0,1,2,0,1,1,0,0,1,0,,,,,,,,,,,,,,,,
1012,Nemanja Gudelj,rs SRB,DF,MF,Sevilla,es La Liga,34.0,1991.0,24,19,1770,19.7,1,0,1,1,0,0,7,0,0.05,18,5,27.8,0.92,0.25,0.06,0.2,0,0,6,21,16,9,7,0,0,29,0,,,,,,,,,,,,,,68332,0076ab7f
1013,Gabriel Gudmundsson,se SWE,DF,MF,Leeds United,eng Premier League,26.0,1999.0,29,28,2362,26.2,0,0,0,0,0,0,6,1,0.0,18,3,16.7,0.69,0.11,0.0,0.0,0,0,77,42,21,51,6,1,1,30,1,,,,,,,,,,,,,,834308,d5d22a58
1014,Gonçalo Guedes,pt POR,MF,Real Sociedad,es La Liga,29.0,1996.0,28,20,1592,17.7,8,4,12,8,0,0,1,0,0.68,38,16,42.1,2.15,0.9,0.21,0.5,0,0,61,14,3,25,1,0,0,15,0,,,,,,,,,,,,,,,280979,e6bc67d7
1015,Marc Guéhi,eng ENG,DF,Crystal Palace,eng Premier League,25.0,2000.0,20,20,1800,20.0,2,2,4,2,0,0,4,0,0.2,15,4,26.7,0.75,0.2,0.13,0.5,0,0,10,19,24,18,4,0,0,14,0,,,,,,,,,,,,,,,877994,d0706b27
1016,Marc Guéhi,eng ENG,DF,Manchester City,eng Premier League,25.0,2000.0,8,8,720,8.0,0,0,0,0,0,0,1,0,0.0,12,3,25.0,1.5,0.37,0.0,0.0,0,0,3,6,14,7,1,0,0,4,0,,,,,,,,,,,,,,,877994,d0706b27
1017,Mattéo Guendouzi,fr FRA,MF,Lazio,it Serie A,26.0,1999.0,16,16,1428,15.9,2,1,3,2,0,0,5,1,0.19,16,8,50.0,1.01,0.5,0.13,0.25,0,0,20,8,11,21,5,1,0,17,0,,,,,,,,,,,,,,,852404,5ea8ef20
1018,Javier Guerra,es ESP,MF,Valencia,es La Liga,23.0,2003.0,27,17,1405,15.6,1,3,4,1,0,0,3,0,0.26,18,6,33.3,1.15,0.38,0.06,0.17,0,0,27,10,19,11,3,0,0,23,0,,,,,,,,,,,,,,,1122610,aa386464
1019,Raphaël Guerreiro,pt POR,MF,Bayern Munich,de Bundesliga,32.0,1993.0,12,4,457,5.1,3,2,5,3,0,0,0,0,0.98,6,3,50.0,1.18,0.59,0.5,1.0,0,0,2,7,1,1,0,0,0,2,0,,,,,,,,,,,,,,,246999,048a1cbc
1020,Daniel Guerrero,es ESP,MF,Real Betis,es La Liga,20.0,2005.0,1,0,1,0.0,0,0,0,0,0,0,0,0,0.0,0,0,,0.0,0.0,,,0,0,0,0,0,1,0,0,0,0,0,,,,,,,,,,,,,,,1701703,636fc976
1021,Ismaël Guerti,fr FRA,FW,Metz,fr Ligue 1,21.0,2004.0,3,0,27,0.3,0,0,0,0,0,0,0,0,0.0,0,0,,0.0,0.0,,,0,0,1,1,1,0,0,0,0,0,0,,,,,,,,,,,,,,,1928232,
1022,Evann Guessand,ci CIV,MF,Crystal Palace,eng Premier League,24.0,2001.0,6,3,300,3.3,1,1,2,1,0,0,0,0,0.6,3,1,33.3,0.9,0.3,0.33,1.0,0,0,1,2,2,8,0,0,0,4,0,,,,,,,,,,,,,,,930245,b73f17f8
1023,Evann Guessand,ci CIV,MF,Aston Villa,eng Premier League,24.0,2001.0,13,6,588,6.5,0,1,1,0,0,0,0,0,0.15,8,5,62.5,1.22,0.77,0.0,0.0,0,0,10,9,3,12,0,0,0,11,0,,,,,,,,,,,,,,,930245,b73f17f8
1024,Ander Guevara,es ESP,MF,Alavés,es La Liga,28.0,1997.0,19,2,550,6.1,1,0,1,1,0,0,4,1,0.16,4,1,25.0,0.65,0.16,0.25,1.0,0,0,4,8,8,5,4,1,1,10,0,,,,,,,,,,,,,,,891931,8e48dc61
1025,Idrissa Guèye,sn SEN,FW,Udinese,it Serie A,19.0,2006.0,11,0,185,2.1,0,0,0,0,0,0,2,0,0.0,5,1,20.0,2.43,0.49,0.0,0.0,0,0,2,1,1,6,2,0,0,10,0,,,,,,,,,,,,,,,1536811,bfecfbde
1026,Idrissa Guèye,sn SEN,FW,Metz,fr Ligue 1,19.0,2006.0,3,1,132,1.5,0,0,0,0,0,0,0,0,0.0,2,0,0.0,1.36,0.0,0.0,,0,0,0,2,0,2,0,0,0,3,0,,,,,,,,,,,,,,,1536811,bfecfbde
1027,Pape Gueye,sn SEN,MF,Villarreal,es La Liga,27.0,1999.0,22,18,1501,16.7,4,2,6,3,1,1,7,0,0.3,32,10,31.3,1.92,0.6,0.09,0.3,1,1,11,16,23,39,7,0,0,30,0,,,,,,,,,,,,,,,879694,7155e3e1
1028,Morgan Guilavogui,gn GUI,MF,Lens,fr Ligue 1,28.0,1998.0,16,3,491,5.5,1,0,1,1,0,0,3,1,0.18,10,2,20.0,1.83,0.37,0.1,0.5,0,0,4,10,3,12,3,1,0,15,0,,,,,,,,,,,,,,,990743,79b51257
1029,Frederic Guilbert,fr FRA,DF,MF,Nantes,fr Ligue 1,31.0,1994.0,1,0,16,0.2,0,0,0,0,0,0,0,0,0.0,0,0,,0.0,0.0,,,0,0,2,0,1,0,0,0,0,0,0,,,,,,,,,,,,,,372430,5d8d7454
1030,Luis Guilherme,br BRA,FW,West Ham United,eng Premier League,20.0,2006.0,5,1,125,1.4,0,0,0,0,0,0,0,0,0.0,1,0,0.0,0.72,0.0,0.0,,0,0,0,1,0,0,0,0,0,0,0,,,,,,,,,,,,,,,1016893,b7672d43
1031,Bruno Guimarães,br BRA,MF,Newcastle United,eng Premier League,28.0,1997.0,23,22,2017,22.4,9,4,13,7,2,2,5,0,0.49,32,17,53.1,1.43,0.76,0.22,0.41,2,2,62,35,13,52,5,0,0,33,0,,,,,,,,,,,,,,,866469,82518f62
1032,Daouda Guindo,ml MLI,DF,Brest,fr Ligue 1,23.0,2002.0,19,13,1197,13.3,0,0,0,0,0,0,3,1,0.0,16,4,25.0,1.2,0.3,0.0,0.0,0,0,23,24,19,12,3,1,0,22,0,,,,,,,,,,,,,,,1135887,
1033,Bahereba Guirassy,fr FRA,FW,MF,Nantes,fr Ligue 1,19.0,2006.0,17,9,770,8.6,2,1,3,2,0,0,1,0,0.35,12,5,41.7,1.4,0.58,0.17,0.4,0,0,21,11,4,8,1,0,0,13,0,,,,,,,,,,,,,,1406007,
1034,Serhou Guirassy,gn GUI,FW,Dortmund,de Bundesliga,30.0,1996.0,25,21,1791,19.9,12,1,13,11,1,3,2,0,0.6,62,29,46.8,3.12,1.46,0.18,0.38,1,3,3,1,0,27,2,0,0,31,0,,,,,,,,,,,,,,,328027,923f4dda
1035,Marc Guiu,es ESP,FW,Sunderland,eng Premier League,20.0,2006.0,2,0,15,0.2,0,0,0,0,0,0,0,0,0.0,1,0,0.0,6.0,0.0,0.0,,0,0,0,0,0,0,0,0,0,0,0,,,,,,,,,,,,,,,1414933,d3d774cc
1036,Marc Guiu,es ESP,FW,Chelsea,eng Premier League,20.0,2006.0,7,1,238,2.6,0,1,1,0,0,0,1,0,0.38,11,2,18.2,4.16,0.76,0.0,0.0,0,0,0,0,0,2,1,0,0,9,0,,,,,,,,,,,,,,,1414933,d3d774cc
1037,Péter Gulácsi,hu HUN,GK,RB Leipzig,de Bundesliga,35.0,1990.0,22,22,1918,21.3,0,0,0,0,0,0,1,0,0.0,0,0,,0.0,0.0,,,0,0,0,0,0,0,1,0,0,0,0,28.0,1.31,78.0,51.0,66.7,12.0,4.0,6.0,9.0,40.9,2.0,2.0,0.0,0.0,37096,bcb2ccd8
1038,Arda Güler,tr TUR,MF,Real Madrid,es La Liga,21.0,2005.0,28,22,1769,19.7,4,8,12,4,0,0,1,0,0.61,44,17,38.6,2.24,0.86,0.09,0.24,0,0,113,26,7,27,1,0,0,21,0,,,,,,,,,,,,,,,1091116,
1039,Gerard Gumbau,es ESP,MF,Rayo Vallecano,es La Liga,31.0,1994.0,20,9,711,7.9,0,1,1,0,0,0,4,0,0.13,9,5,55.6,1.14,0.63,0.0,0.0,0,0,25,11,6,3,4,0,0,28,0,,,,,,,,,,,,,,,326471,ac454a4f
1040,Angus Gunn,sct SCO,GK,Nottingham Forest,eng Premier League,30.0,1996.0,1,0,45,0.5,0,0,0,0,0,0,0,0,0.0,0,0,,0.0,0.0,,,0,0,0,0,0,0,0,0,0,0,0,0.0,0.0,0.0,0.0,,0.0,0.0,0.0,0.0,,0.0,0.0,0.0,0.0,227946,e082af5b
1041,Christian Günter,de GER,DF,Freiburg,de Bundesliga,33.0,1993.0,19,13,1155,12.8,0,3,3,0,0,0,2,0,0.23,8,0,0.0,0.62,0.0,0.0,,0,0,61,9,7,6,2,0,0,7,0,,,,,,,,,,,,,,,142231,303a53e1
1042,Jon Guridi,es ESP,MF,FW,Alavés,es La Liga,31.0,1995.0,18,8,647,7.2,0,0,0,0,0,0,1,0,0.0,6,2,33.3,0.83,0.28,0.0,0.0,0,0,4,10,4,3,1,0,0,8,0,,,,,,,,,,,,,,788141,4c0a6a48
1043,Gorka Guruzeta,es ESP,FW,MF,Athletic Club,es La Liga,29.0,1996.0,25,19,1625,18.1,6,1,7,5,1,1,4,1,0.33,60,23,38.3,3.32,1.27,0.08,0.22,1,1,6,3,7,26,4,1,1,36,0,,,,,,,,,,,,,,605672,6b5ea2f4
1044,Malo Gusto,fr FRA,DF,MF,Chelsea,eng Premier League,22.0,2003.0,27,19,1696,18.8,2,3,5,2,0,0,4,1,0.27,11,5,45.5,0.58,0.27,0.18,0.4,0,0,36,21,22,13,4,1,1,15,0,,,,,,,,,,,,,,996958,d56b9520
1045,Miguel Gutiérrez,es ESP,MF,DF,Napoli,it Serie A,24.0,2001.0,19,9,900,10.0,1,1,2,1,0,0,0,0,0.2,11,4,36.4,1.1,0.4,0.09,0.25,0,0,29,15,5,23,0,0,0,12,0,,,,,,,,,,,,,,908716,7e98cff1
1046,Albert Guðmundsson,is ISL,FW,MF,Fiorentina,it Serie A,28.0,1997.0,25,21,1776,19.7,5,4,9,2,3,3,3,0,0.3,29,12,41.4,1.47,0.61,0.07,0.17,3,3,45,4,2,24,3,0,0,29,0,,,,,,,,,,,,,,804909,b79858d5
1047,Joško Gvardiol,hr CRO,DF,Manchester City,eng Premier League,24.0,2002.0,16,15,1302,14.5,2,2,4,2,0,0,2,0,0.28,16,5,31.3,1.11,0.35,0.13,0.4,0,0,2,13,14,7,2,0,0,16,0,,,,,,,,,,,,,,,964994,5ad50391
1048,Viktor Gyökeres,se SWE,FW,Arsenal,eng Premier League,27.0,1998.0,29,23,1892,21.0,11,0,11,9,2,2,4,0,0.43,43,17,39.5,2.05,0.81,0.21,0.53,2,2,7,5,1,23,4,0,0,28,0,,,,,,,,,,,,,,,804508,4d5a9185
1049,Erling Haaland,no NOR,FW,Manchester City,eng Premier League,25.0,2000.0,29,28,2413,26.8,22,7,29,19,3,4,1,0,0.97,102,49,48.0,3.8,1.83,0.19,0.39,3,4,3,6,3,23,1,0,0,19,0,,,,,,,,,,,,,,,839956,1f44ac21
1050,Janik Haberer,de GER,MF,Union Berlin,de Bundesliga,31.0,1994.0,23,16,1314,14.6,0,1,1,0,0,0,8,0,0.07,11,1,9.1,0.75,0.07,0.0,0.0,0,0,55,15,9,20,8,0,0,21,0,,,,,,,,,,,,,,,168985,
1051,Robin Hack,de GER,MF,Gladbach,de Bundesliga,27.0,1998.0,4,3,248,2.8,0,0,0,0,0,0,0,0,0.0,8,2,25.0,2.9,0.73,0.0,0.0,0,0,10,1,1,3,0,0,0,3,0,,,,,,,,,,,,,,,876858,
1052,Amadou Haidara,ml MLI,MF,Lens,fr Ligue 1,28.0,1998.0,4,0,99,1.1,1,0,1,1,0,0,0,0,0.91,2,2,100.0,1.82,1.82,0.5,0.5,0,0,0,0,2,2,0,0,0,1,0,,,,,,,,,,,,,,,822708,92432bc6
1053,Albian Hajdari,xk KVX,DF,Hoffenheim,de Bundesliga,22.0,2003.0,22,21,1808,20.1,1,1,2,1,0,0,8,0,0.1,13,3,23.1,0.65,0.15,0.08,0.33,0,0,12,30,26,21,8,0,0,34,0,,,,,,,,,,,,,,,1000269,84b5ffd6
1054,Achraf Hakimi,ma MAR,DF,Paris Saint-Germain,fr Ligue 1,27.0,1998.0,14,11,1091,12.1,2,1,3,2,0,0,3,1,0.25,21,7,33.3,1.73,0.58,0.1,0.29,0,0,33,10,9,13,3,1,0,8,0,,,,,,,,,,,,,,,814594,e42d61c7
1055,Lewis Hall,eng ENG,DF,Newcastle United,eng Premier League,21.0,2004.0,23,18,1663,18.5,1,1,2,1,0,0,3,0,0.11,19,3,15.8,1.03,0.16,0.05,0.33,0,0,83,26,25,31,3,0,0,15,0,,,,,,,,,,,,,,,1136730,da011f18
1056,Adil Hamdani,fr FRA,MF,Lyon,fr Ligue 1,17.0,2009.0,4,0,27,0.3,0,0,0,0,0,0,0,0,0.0,2,0,0.0,6.67,0.0,0.0,,0,0,4,0,0,0,0,0,0,1,0,,,,,,,,,,,,,,,2369898,
1057,Pierre-Yves Hamel,fr FRA,FW,Paris FC,fr Ligue 1,32.0,1994.0,2,1,78,0.9,0,0,0,0,0,0,0,0,0.0,0,0,,0.0,0.0,,,0,0,0,0,1,0,0,0,0,2,0,,,,,,,,,,,,,,,857471,a99da9ec
1058,Andreas Hanche-Olsen,no NOR,DF,Mainz 05,de Bundesliga,29.0,1997.0,13,8,851,9.5,0,1,1,0,0,0,3,0,0.11,6,3,50.0,0.63,0.32,0.0,0.0,0,0,0,5,13,6,3,0,0,13,1,,,,,,,,,,,,,,,794294,2e77d607
1059,Dávid Hancko,sk SVK,DF,Atlético Madrid,es La Liga,28.0,1997.0,25,22,2027,22.5,0,2,2,0,0,0,1,0,0.09,19,5,26.3,0.84,0.22,0.0,0.0,0,0,29,24,18,4,1,0,0,13,0,,,,,,,,,,,,,,,807771,4fac8f81
1060,Florent Hanin,dz ALG,DF,MF,Angers,fr Ligue 1,36.0,1990.0,18,7,695,7.7,0,0,0,0,0,0,0,0,0.0,2,0,0.0,0.26,0.0,0.0,,0,0,16,8,10,6,0,0,0,6,0,,,,,,,,,,,,,,170129,6bfb4303
1061,Isak Hansen-Aarøen,no NOR,MF,Werder Bremen,de Bundesliga,21.0,2004.0,1,0,2,0.0,0,0,0,0,0,0,0,0,0.0,0,0,,0.0,0.0,,,0,0,0,2,0,0,0,0,0,0,0,,,,,,,,,,,,,,,1019011,4f96ed39
1062,Taichi Hara,jp JPN,FW,St Pauli,de Bundesliga,26.0,1999.0,2,0,23,0.3,0,0,0,0,0,0,0,0,0.0,1,0,0.0,3.91,0.0,0.0,,0,0,0,0,0,0,0,0,0,0,0,,,,,,,,,,,,,,,925790,1e524738
1063,Hákon Haraldsson,is ISL,MF,Lille,fr Ligue 1,22.0,2003.0,24,21,1783,19.8,6,1,7,6,0,0,4,0,0.35,34,8,23.5,1.72,0.4,0.18,0.75,0,0,58,10,11,28,4,0,0,21,0,,,,,,,,,,,,,,,1138804,e2ae54db
1064,Conrad Harder,dk DEN,FW,RB Leipzig,de Bundesliga,20.0,2005.0,23,7,771,8.6,2,3,5,2,0,0,3,0,0.58,36,11,30.6,4.2,1.28,0.06,0.18,0,0,12,4,6,16,3,0,0,16,0,,,,,,,,,,,,,,,1494826,
1065,Jack Harrison,eng ENG,MF,FW,Fiorentina,it Serie A,29.0,1996.0,7,4,441,4.9,0,1,1,0,0,0,0,0,0.2,2,0,0.0,0.41,0.0,0.0,,0,0,38,1,1,4,0,0,0,5,0,,,,,,,,,,,,,,829570,aa849a12
1066,Jack Harrison,eng ENG,FW,Leeds United,eng Premier League,29.0,1996.0,11,1,269,3.0,0,0,0,0,0,0,0,0,0.0,6,2,33.3,2.01,0.67,0.0,0.0,0,0,17,2,4,4,0,0,0,1,0,,,,,,,,,,,,,,,829570,aa849a12
1067,Abdou Harroui,nl NED,MF,Hellas Verona,it Serie A,28.0,1998.0,18,8,658,7.3,1,0,1,0,1,1,2,0,0.0,9,2,22.2,1.23,0.27,0.0,0.0,1,1,20,14,1,1,2,0,0,17,0,,,,,,,,,,,,,,,915812,65fd099c
1068,Quilindschy Hartman,nl NED,DF,Burnley,eng Premier League,24.0,2001.0,16,16,1410,15.7,0,4,4,0,0,0,1,0,0.26,6,2,33.3,0.38,0.13,0.0,0.0,0,0,65,21,21,3,1,0,0,9,0,,,,,,,,,,,,,,,1392044,39e1138f
1069,Haissem Hassan,fr FRA,MF,FW,Oviedo,es La Liga,24.0,2002.0,27,17,1566,17.4,0,3,3,0,0,0,1,0,0.17,30,7,23.3,1.72,0.4,0.0,0.0,0,0,92,16,6,11,1,0,0,9,0,,,,,,,,,,,,,,942836,
1070,Hans Hateboer,nl NED,DF,MF,Rennes,fr Ligue 1,32.0,1994.0,1,0,22,0.2,0,0,0,0,0,0,0,0,0.0,0,0,,0.0,0.0,,,0,0,0,0,0,0,0,0,0,2,0,,,,,,,,,,,,,,356352,3b333ac3
1071,Hans Hateboer,nl NED,DF,MF,Lyon,fr Ligue 1,32.0,1994.0,12,7,580,6.4,0,0,0,0,0,0,0,1,0.0,5,1,20.0,0.78,0.16,0.0,0.0,0,0,19,9,8,3,0,1,0,7,0,,,,,,,,,,,,,,356352,3b333ac3
1072,Jorrel Hato,nl NED,DF,Chelsea,eng Premier League,20.0,2006.0,15,5,557,6.2,0,0,0,0,0,0,4,0,0.0,4,0,0.0,0.65,0.0,0.0,,0,0,6,10,9,1,4,0,0,10,0,,,,,,,,,,,,,,,1153079,e47d11f8
1073,Kjetil Haug,no NOR,GK,Toulouse,fr Ligue 1,27.0,1998.0,1,0,31,0.3,0,0,0,0,0,0,0,0,0.0,0,0,,0.0,0.0,,,0,0,0,0,0,0,0,0,0,0,0,1.0,2.9,2.0,1.0,50.0,0.0,0.0,0.0,0.0,,0.0,0.0,0.0,0.0,792318,d3ae48eb
1074,Kai Havertz,de GER,MF,FW,Arsenal,eng Premier League,26.0,1999.0,6,3,264,2.9,0,1,1,0,0,0,0,0,0.34,5,1,20.0,1.7,0.34,0.0,0.0,0,0,1,2,0,7,0,0,0,1,0,,,,,,,,,,,,,,836705,fed7cb61
1075,Ayden Heaven,eng ENG,DF,Manchester Utd,eng Premier League,19.0,2006.0,13,8,645,7.2,0,1,1,0,0,0,2,0,0.14,3,0,0.0,0.42,0.0,0.0,,0,0,1,9,1,5,2,0,0,5,1,,,,,,,,,,,,,,,1445799,
1076,Jan Paul van Hecke,nl NED,DF,Brighton,eng Premier League,25.0,2000.0,28,28,2490,27.7,3,2,5,3,0,0,7,0,0.18,18,8,44.4,0.65,0.29,0.17,0.38,0,0,18,23,31,33,7,0,0,22,1,,,,,,,,,,,,,,,962012,4fd08daa
1077,Hwang Hee-chan,kr KOR,FW,MF,Wolves,eng Premier League,30.0,1996.0,20,15,1149,12.8,2,1,3,1,1,1,3,0,0.16,15,6,40.0,1.17,0.47,0.07,0.17,1,1,17,3,7,14,3,0,0,22,0,,,,,,,,,,,,,,786186,169fd162
1078,Torbjørn Heggem,no NOR,DF,Bologna,it Serie A,27.0,1999.0,21,20,1817,20.2,0,0,0,0,0,0,0,1,0.0,10,2,20.0,0.5,0.1,0.0,0.0,0,0,1,13,21,11,0,1,0,28,0,,,,,,,,,,,,,,,933264,834fea76
1079,Gauthier Hein,fr FRA,MF,FW,Metz,fr Ligue 1,29.0,1996.0,22,19,1721,19.1,6,4,10,2,4,4,3,1,0.31,27,9,33.3,1.41,0.47,0.07,0.22,4,4,93,5,6,13,3,1,1,11,0,,,,,,,,,,,,,,842391,563fcd6b
1080,Dominique Heintz,de GER,DF,Köln,de Bundesliga,32.0,1993.0,8,5,380,4.2,0,0,0,0,0,0,0,0,0.0,0,0,,0.0,0.0,,,0,0,1,1,5,4,0,0,0,2,0,,,,,,,,,,,,,,,136922,
1081,George Hemmings,eng ENG,MF,Aston Villa,eng Premier League,19.0,2007.0,2,0,27,0.3,0,0,0,0,0,0,0,0,0.0,1,0,0.0,3.33,0.0,0.0,,0,0,0,0,0,0,0,0,0,1,0,,,,,,,,,,,,,,,1398204,
1082,Dean Henderson,eng ENG,GK,Crystal Palace,eng Premier League,29.0,1997.0,29,29,2610,29.0,0,0,0,0,0,0,3,0,0.0,0,0,,0.0,0.0,,,0,0,0,0,1,5,3,0,0,1,0,35.0,1.21,115.0,84.0,73.0,10.0,8.0,11.0,10.0,34.5,5.0,4.0,1.0,0.0,788134,e5a76dfe
1083,Jordan Henderson,eng ENG,MF,Brentford,eng Premier League,35.0,1990.0,28,20,1730,19.2,1,3,4,1,0,0,4,0,0.21,6,1,16.7,0.31,0.05,0.17,1.0,0,0,44,13,16,7,4,0,0,13,0,,,,,,,,,,,,,,,42694,935e6b8f
1084,Ramon Hendriks,nl NED,DF,Stuttgart,de Bundesliga,24.0,2001.0,23,16,1419,15.8,0,2,2,0,0,0,2,0,0.13,3,0,0.0,0.19,0.0,0.0,,0,0,18,10,14,17,2,0,0,10,0,,,,,,,,,,,,,,,916943,5a28ad23
1085,Benjamin Henrichs,de GER,DF,RB Leipzig,de Bundesliga,29.0,1997.0,9,2,189,2.1,0,0,0,0,0,0,0,0,0.0,3,1,33.3,1.43,0.48,0.0,0.0,0,0,0,4,4,0,0,0,0,1,0,,,,,,,,,,,,,,,319857,0a89e877
1086,Luis Henrique,br BRA,MF,Inter,it Serie A,24.0,2001.0,24,17,1414,15.7,1,2,3,1,0,0,1,0,0.19,14,6,42.9,0.89,0.38,0.07,0.17,0,0,39,14,7,0,1,0,0,5,0,,,,,,,,,,,,,,,977679,f36d5624
1087,Rico Henry,jm JAM,DF,Brentford,eng Premier League,28.0,1997.0,25,14,1328,14.8,0,1,1,0,0,0,2,0,0.07,5,0,0.0,0.34,0.0,0.0,,0,0,26,11,7,17,2,0,0,15,0,,,,,,,,,,,,,,,599128,8a3c1dc7
1088,Pharell Hensel,de GER,MF,Wolfsburg,de Bundesliga,19.0,2007.0,5,1,69,0.8,0,0,0,0,0,0,0,0,0.0,1,0,0.0,1.3,0.0,0.0,,0,0,0,1,0,1,0,0,0,0,0,,,,,,,,,,,,,,,2114948,
1089,Mads Hermansen,dk DEN,GK,West Ham United,eng Premier League,25.0,2000.0,10,10,900,10.0,0,0,0,0,0,0,0,0,0.0,0,0,,0.0,0.0,,,0,0,0,0,0,1,0,0,0,0,0,18.0,1.8,50.0,32.0,64.0,3.0,3.0,4.0,4.0,40.0,0.0,0.0,0.0,0.0,856640,c924b17d
1090,Mario Hermoso,es ESP,DF,Roma,it Serie A,30.0,1995.0,18,16,1361,15.1,1,0,1,1,0,0,6,0,0.07,8,3,37.5,0.53,0.2,0.13,0.33,0,0,7,14,24,14,6,0,0,28,0,,,,,,,,,,,,,,,353130,555f3a0b
1091,Lucas Hernández,fr FRA,DF,Paris Saint-Germain,fr Ligue 1,30.0,1996.0,17,13,1161,12.9,0,2,2,0,0,0,2,0,0.16,7,2,28.6,0.54,0.16,0.0,0.0,0,0,9,7,14,15,2,0,0,14,0,,,,,,,,,,,,,,,352370,c3ee18ef
1092,Hernani,br BRA,MF,Parma,it Serie A,31.0,1994.0,4,0,73,0.8,0,0,0,0,0,0,0,0,0.0,1,0,0.0,1.23,0.0,0.0,,0,0,2,0,1,3,0,0,0,2,0,,,,,,,,,,,,,,,156019,458b76ee
1093,Jorge Herrando,es ESP,DF,Osasuna,es La Liga,25.0,2001.0,24,14,1399,15.5,0,1,1,0,0,0,2,0,0.06,3,0,0.0,0.19,0.0,0.0,,0,0,2,13,20,8,2,0,0,22,0,,,,,,,,,,,,,,,944225,e19c989c
1094,Sergio Herrera,es ESP,GK,Osasuna,es La Liga,32.0,1993.0,28,28,2520,28.0,0,0,0,0,0,0,3,0,0.0,0,0,,0.0,0.0,,,0,0,0,0,0,4,3,0,0,2,0,35.0,1.25,124.0,96.0,77.4,9.0,7.0,12.0,6.0,21.4,7.0,7.0,0.0,0.0,294377,41a76a8a
1095,Yangel Herrera,ve VEN,MF,Girona,es La Liga,28.0,1998.0,2,2,110,1.2,0,0,0,0,0,0,0,0,0.0,1,0,0.0,0.82,0.0,0.0,,0,0,2,1,1,3,0,0,0,1,0,,,,,,,,,,,,,,,839585,e778654a
1096,Yangel Herrera,ve VEN,MF,Real Sociedad,es La Liga,28.0,1998.0,8,4,304,3.4,0,0,0,0,0,0,1,0,0.0,5,1,20.0,1.48,0.3,0.0,0.0,0,0,0,3,1,11,1,0,0,10,0,,,,,,,,,,,,,,,839585,e778654a
1097,Charles Herrmann,de GER,FW,Gladbach,de Bundesliga,20.0,2006.0,1,0,5,0.1,0,1,1,0,0,0,0,0,18.0,0,0,,0.0,0.0,,,0,0,1,0,1,0,0,0,0,1,0,,,,,,,,,,,,,,,1470008,
1098,Daniel Heuer Fernandes,pt POR,GK,Hamburger SV,de Bundesliga,33.0,1992.0,26,26,2340,26.0,0,0,0,0,0,0,3,0,0.0,1,0,0.0,0.04,0.0,0.0,,0,0,0,0,0,4,3,0,0,0,0,37.0,1.42,106.0,75.0,68.9,7.0,9.0,10.0,6.0,23.1,6.0,4.0,2.0,0.0,113442,0c1f8f71
1099,Aaron Hickey,sct SCO,DF,Brentford,eng Premier League,23.0,2002.0,18,7,599,6.7,0,0,0,0,0,0,1,0,0.0,5,1,20.0,0.75,0.15,0.0,0.0,0,0,4,6,7,8,1,0,0,6,0,,,,,,,,,,,,,,,966869,1780bb4a
1100,Santiago Hidalgo,ar ARG,FW,MF,Toulouse,fr Ligue 1,21.0,2005.0,22,9,946,10.5,4,4,8,4,0,0,3,0,0.76,24,10,41.7,2.28,0.95,0.17,0.4,0,0,9,13,5,22,3,0,0,27,0,,,,,,,,,,,,,,1199247,0448c34f
1101,Isak Hien,se SWE,DF,Atalanta,it Serie A,27.0,1999.0,24,18,1741,19.3,1,0,1,1,0,0,3,0,0.05,8,3,37.5,0.41,0.16,0.13,0.33,0,0,0,31,22,15,3,0,0,32,1,,,,,,,,,,,,,,,1157713,
1102,Asier Hierro,es ESP,FW,Athletic Club,es La Liga,20.0,2005.0,1,0,34,0.4,0,0,0,0,0,0,0,0,0.0,1,0,0.0,2.65,0.0,0.0,,0,0,0,0,0,0,0,0,0,0,0,,,,,,,,,,,,,,,1550822,
1103,Omar El Hilali,ma MAR,DF,Espanyol,es La Liga,22.0,2003.0,26,23,2030,22.6,0,2,2,0,0,0,5,0,0.09,1,0,0.0,0.04,0.0,0.0,,0,0,40,40,27,18,5,0,0,30,0,,,,,,,,,,,,,,,1064026,
1104,James Hill,eng ENG,DF,Bournemouth,eng Premier League,24.0,2002.0,21,14,1386,15.4,0,3,3,0,0,0,2,0,0.19,8,1,12.5,0.52,0.06,0.0,0.0,0,0,9,12,27,10,2,0,0,11,0,,,,,,,,,,,,,,,1156586,69942fb3
1105,Rémi Himbert,fr FRA,FW,Lyon,fr Ligue 1,18.0,2008.0,6,1,131,1.5,1,0,1,1,0,0,0,0,0.69,10,1,10.0,6.87,0.69,0.1,1.0,0,0,2,3,0,4,0,0,0,2,0,,,,,,,,,,,,,,,1961628,05bfc9d0
1106,Piero Hincapié,ec ECU,DF,Arsenal,eng Premier League,24.0,2002.0,21,17,1503,16.7,1,2,3,1,0,0,2,0,0.18,2,1,50.0,0.12,0.06,0.5,1.0,0,0,28,21,20,12,2,0,0,16,1,,,,,,,,,,,,,,,1002837,0c7a48f8
1107,Piero Hincapié,ec ECU,DF,Leverkusen,de Bundesliga,24.0,2002.0,1,1,90,1.0,0,0,0,0,0,0,0,0,0.0,2,1,50.0,2.0,1.0,0.0,0.0,0,0,0,0,2,0,0,0,0,2,0,,,,,,,,,,,,,,,1002837,0c7a48f8
1108,Jack Hinshelwood,eng ENG,MF,Brighton,eng Premier League,20.0,2005.0,19,12,1094,12.2,1,2,3,1,0,0,0,0,0.25,22,7,31.8,1.81,0.58,0.05,0.14,0,0,4,10,5,6,0,0,0,25,1,,,,,,,,,,,,,,,1142315,e98211e7
1109,Adam Hložek,cz CZE,FW,MF,Hoffenheim,de Bundesliga,23.0,2002.0,3,0,24,0.3,0,0,0,0,0,0,0,0,0.0,1,1,100.0,3.75,3.75,0.0,0.0,0,0,0,0,0,0,0,0,0,0,0,,,,,,,,,,,,,,963801,5521f419
1110,Ki-Jana Hoever,nl NED,MF,DF,Wolves,eng Premier League,24.0,2002.0,8,6,425,4.7,0,0,0,0,0,0,0,0,0.0,1,1,100.0,0.21,0.21,0.0,0.0,0,0,22,11,5,3,0,0,0,3,0,,,,,,,,,,,,,,954044,9a71e978
1111,Nicolas Höfler,de GER,MF,Freiburg,de Bundesliga,36.0,1990.0,7,0,82,0.9,0,0,0,0,0,0,0,0,0.0,2,1,50.0,2.2,1.1,0.0,0.0,0,0,0,1,1,1,0,0,0,2,0,,,,,,,,,,,,,,,49639,
1112,Jonas Hofmann,de GER,MF,Leverkusen,de Bundesliga,33.0,1992.0,21,11,974,10.8,2,2,4,2,0,0,3,0,0.37,21,7,33.3,1.94,0.65,0.1,0.29,0,0,35,10,2,9,3,0,0,4,0,,,,,,,,,,,,,,,142390,e47d11f8
1113,Malthe Hojholt,dk DEN,MF,Pisa,it Serie A,24.0,2001.0,11,5,471,5.2,0,0,0,0,0,0,1,0,0.0,3,1,33.3,0.57,0.19,0.0,0.0,0,0,4,5,6,3,1,0,0,9,0,,,,,,,,,,,,,,,,
1114,Lucas Höler,de GER,FW,MF,Freiburg,de Bundesliga,31.0,1994.0,25,19,1508,16.8,1,1,2,1,0,0,1,0,0.12,20,10,50.0,1.19,0.6,0.05,0.1,0,0,8,7,7,23,1,0,0,20,0,,,,,,,,,,,,,,280009,
1115,Benedict Hollerbach,de GER,FW,MF,Mainz 05,de Bundesliga,24.0,2001.0,14,13,872,9.7,1,3,4,1,0,0,0,0,0.41,22,6,27.3,2.27,0.62,0.05,0.17,0,0,20,8,1,12,0,0,0,18,0,,,,,,,,,,,,,,975800,
1116,Emil Holm,se SWE,DF,Bologna,it Serie A,25.0,2000.0,11,8,655,7.3,1,4,5,1,0,0,3,1,0.69,8,1,12.5,1.1,0.14,0.13,1.0,0,0,23,13,7,14,3,1,1,11,0,,,,,,,,,,,,,,,965264,c2357b65
1117,Emil Holm,se SWE,DF,MF,Juventus,it Serie A,25.0,2000.0,1,0,45,0.5,0,0,0,0,0,0,0,0,0.0,1,0,0.0,2.0,0.0,0.0,,0,0,2,0,0,0,0,0,0,0,0,,,,,,,,,,,,,,965264,c2357b65
1118,Franck Honorat,fr FRA,MF,FW,Gladbach,de Bundesliga,29.0,1996.0,20,18,1456,16.2,1,5,6,1,0,0,0,0,0.37,15,4,26.7,0.93,0.25,0.07,0.25,0,0,104,8,4,5,0,0,0,9,0,,,,,,,,,,,,,,280453,db7849ca
1119,Mathias Honsak,at AUT,MF,FW,Heidenheim,de Bundesliga,29.0,1996.0,22,12,1011,11.2,0,0,0,0,0,0,1,0,0.0,25,4,16.0,2.23,0.36,0.0,0.0,0,0,23,10,16,13,1,0,0,10,0,,,,,,,,,,,,,,575952,3dbdbb6a
1120,Ali Houary,ma MAR,MF,Elche,es La Liga,20.0,2005.0,2,2,123,1.4,0,0,0,0,0,0,0,0,0.0,2,0,0.0,1.46,0.0,0.0,,0,0,0,2,1,2,0,0,0,7,0,,,,,,,,,,,,,,,1516812,
1121,Andreas Hountondji,bj BEN,FW,MF,St Pauli,de Bundesliga,23.0,2002.0,13,9,634,7.0,4,0,4,4,0,1,1,0,0.57,13,7,53.8,1.85,0.99,0.31,0.57,0,1,19,0,0,5,1,0,0,7,0,,,,,,,,,,,,,,1112796,9f31b1d3
1122,Harry Howell,eng ENG,MF,Brighton,eng Premier League,17.0,2008.0,3,1,94,1.0,0,0,0,0,0,0,0,0,0.0,0,0,,0.0,0.0,,,0,0,4,0,0,0,0,0,0,0,0,,,,,,,,,,,,,,,1627806,
1123,Lukáš Hrádecký,fi FIN,GK,Monaco,fr Ligue 1,36.0,1989.0,9,9,719,8.0,0,0,0,0,0,0,0,0,0.0,0,0,,0.0,0.0,,,0,0,0,1,0,0,0,0,0,0,0,10.0,1.25,30.0,22.0,73.3,4.0,0.0,5.0,2.0,22.2,3.0,2.0,0.0,1.0,15219,ad3389d5
1124,Robin Hranáč,cz CZE,DF,Hoffenheim,de Bundesliga,26.0,2000.0,24,23,2032,22.6,0,0,0,0,0,0,4,0,0.0,7,2,28.6,0.31,0.09,0.0,0.0,0,0,5,14,17,10,4,0,0,21,0,,,,,,,,,,,,,,,957615,95d5aea2
1125,Timo Hübers,de GER,DF,Köln,de Bundesliga,29.0,1996.0,8,8,675,7.5,0,0,0,0,0,0,0,0,0.0,0,0,,0.0,0.0,,,0,0,1,9,10,10,0,0,0,8,0,,,,,,,,,,,,,,,387220,
1126,Callum Hudson-Odoi,eng ENG,MF,Nottingham Forest,eng Premier League,25.0,2000.0,28,19,1682,18.7,3,2,5,3,0,0,0,0,0.27,28,10,35.7,1.5,0.54,0.11,0.3,0,0,86,6,8,11,0,0,0,11,0,,,,,,,,,,,,,,,867442,15f3ec41
1127,Will Hughes,eng ENG,MF,Crystal Palace,eng Premier League,30.0,1995.0,27,15,1301,14.5,0,0,0,0,0,0,7,0,0.0,17,0,0.0,1.18,0.0,0.0,,0,0,38,15,11,19,7,0,0,20,0,,,,,,,,,,,,,,,193554,a0666d3e
1128,Dean Huijsen,es ESP,DF,Real Madrid,es La Liga,20.0,2005.0,20,18,1496,16.6,2,2,4,2,0,0,5,1,0.24,17,4,23.5,1.02,0.24,0.12,0.5,0,0,1,11,16,9,5,1,0,17,0,,,,,,,,,,,,,,,1176744,87278bce
1129,Trai Hume,nir NIR,DF,MF,Sunderland,eng Premier League,23.0,2002.0,30,28,2491,27.7,0,1,1,0,0,0,7,0,0.04,26,5,19.2,0.94,0.18,0.0,0.0,0,0,78,39,21,31,7,0,0,21,0,,,,,,,,,,,,,,989034,294e29a9
1130,Bashir Humphreys,eng ENG,DF,MF,Burnley,eng Premier League,23.0,2003.0,14,12,1152,12.8,0,0,0,0,0,0,5,0,0.0,7,1,14.3,0.55,0.08,0.0,0.0,0,0,14,14,7,6,5,0,0,13,0,,,,,,,,,,,,,,996910,
1131,Denis Huseinbasic,ba BIH,MF,Köln,de Bundesliga,24.0,2001.0,14,8,660,7.3,0,0,0,0,0,0,1,0,0.0,6,0,0.0,0.82,0.0,0.0,,0,0,1,9,5,8,1,0,0,8,0,,,,,,,,,,,,,,,1064842,
1132,Omari Hutchinson,eng ENG,MF,Nottingham Forest,eng Premier League,22.0,2003.0,23,11,1208,13.4,1,3,4,1,0,0,0,0,0.3,21,9,42.9,1.56,0.67,0.05,0.11,0,0,113,8,7,16,0,0,0,17,0,,,,,,,,,,,,,,,1090963,bd9553e6
1133,Kwon Hyeokkyu,kr KOR,MF,Nantes,fr Ligue 1,25.0,2001.0,12,9,753,8.4,0,0,0,0,0,0,2,0,0.0,3,0,0.0,0.36,0.0,0.0,,0,0,1,6,6,10,2,0,0,11,0,,,,,,,,,,,,,,,,
1134,Elseid Hysaj,al ALB,DF,Lazio,it Serie A,32.0,1994.0,4,1,165,1.8,0,0,0,0,0,0,0,0,0.0,0,0,,0.0,0.0,,,0,0,2,0,2,1,0,0,0,0,0,,,,,,,,,,,,,,,136322,
1135,Hong Hyunseok,kr KOR,MF,Nantes,fr Ligue 1,26.0,1999.0,6,3,284,3.2,0,0,0,0,0,0,0,0,0.0,4,2,50.0,1.27,0.63,0.0,0.0,0,0,14,7,2,1,0,0,0,0,0,,,,,,,,,,,,,,,,
1136,Lucas Høgsberg,dk DEN,DF,Strasbourg,fr Ligue 1,19.0,2006.0,16,15,1248,13.9,0,0,0,0,0,0,3,1,0.0,4,1,25.0,0.29,0.07,0.0,0.0,0,0,0,7,8,8,3,1,1,13,0,,,,,,,,,,,,,,,1426597,
1137,Pierre Højbjerg,dk DEN,MF,Marseille,fr Ligue 1,30.0,1995.0,24,22,2018,22.4,2,4,6,2,0,0,3,0,0.27,33,11,33.3,1.47,0.49,0.06,0.18,0,0,6,16,19,34,3,0,0,24,0,,,,,,,,,,,,,,,149593,8b04d6c1
1138,Oscar Højlund,dk DEN,MF,Eintracht Frankfurt,de Bundesliga,21.0,2005.0,19,7,741,8.2,0,1,1,0,0,0,3,1,0.12,2,0,0.0,0.24,0.0,0.0,,0,0,1,15,5,3,3,1,1,19,0,,,,,,,,,,,,,,,1149113,57fe98dd
1139,Rasmus Højlund,dk DEN,FW,Napoli,it Serie A,23.0,2003.0,25,24,2085,23.2,10,2,12,9,1,1,1,0,0.47,45,22,48.9,1.94,0.95,0.2,0.41,1,1,3,1,0,43,1,0,0,30,0,,,,,,,,,,,,,,,1086417,491a433d
1140,Edoardo Iannoni,it ITA,MF,Sassuolo,it Serie A,24.0,2001.0,13,1,238,2.6,1,0,1,1,0,0,3,0,0.38,3,1,33.3,1.13,0.38,0.33,1.0,0,0,1,3,3,0,3,0,0,11,0,,,,,,,,,,,,,,,1013239,
1141,Pablo Ibáñez,es ESP,MF,Alavés,es La Liga,27.0,1998.0,27,21,1695,18.8,1,1,2,1,0,0,5,0,0.11,38,11,28.9,2.02,0.58,0.03,0.09,0,0,28,23,15,52,5,0,0,28,0,,,,,,,,,,,,,,,1084381,23ca89f2
1142,Arijon Ibrahimović,de GER,MF,Heidenheim,de Bundesliga,20.0,2005.0,25,21,1835,20.4,1,2,3,0,1,1,2,0,0.1,41,17,41.5,2.01,0.83,0.0,0.0,1,1,106,15,18,24,2,0,0,10,0,,,,,,,,,,,,,,,1142248,f5c4fd91
1143,Riyad Idrissi,it ITA,MF,DF,Cagliari,it Serie A,20.0,2005.0,23,4,783,8.7,2,0,2,2,0,0,3,0,0.23,6,6,100.0,0.69,0.69,0.33,0.33,0,0,23,15,9,6,3,0,0,9,0,,,,,,,,,,,,,,1123175,
1144,Stanis Idumbo,be BEL,MF,Sevilla,es La Liga,20.0,2005.0,1,1,45,0.5,0,0,0,0,0,0,0,0,0.0,1,0,0.0,2.0,0.0,0.0,,0,0,0,0,0,0,0,0,0,0,0,,,,,,,,,,,,,,,,
1145,Stanis Idumbo,be BEL,MF,Monaco,fr Ligue 1,20.0,2005.0,8,0,171,1.9,1,1,2,1,0,0,0,0,1.05,6,2,33.3,3.16,1.05,0.17,0.5,0,0,1,3,0,2,0,0,0,3,0,,,,,,,,,,,,,,,,
1146,Jay Idzes,id IDN,DF,Sassuolo,it Serie A,25.0,2000.0,28,28,2519,28.0,0,0,0,0,0,0,2,0,0.0,4,0,0.0,0.14,0.0,0.0,,0,0,1,13,33,11,2,0,0,29,0,,,,,,,,,,,,,,,933641,a54ef587
1147,Hamza Igamane,ma MAR,FW,Lille,fr Ligue 1,23.0,2002.0,13,4,432,4.8,5,1,6,5,0,0,2,0,1.25,24,9,37.5,5.0,1.87,0.21,0.56,0,0,5,4,2,3,2,0,0,6,0,,,,,,,,,,,,,,,1140859,
1148,Iglesias,es ESP,DF,MF,Getafe,es La Liga,27.0,1998.0,27,26,2290,25.4,1,2,3,1,0,0,3,0,0.12,19,3,15.8,0.75,0.12,0.05,0.33,0,0,67,55,19,51,3,0,0,48,1,,,,,,,,,,,,,,785989,75645f0e
1149,Borja Iglesias,es ESP,FW,Celta Vigo,es La Liga,33.0,1993.0,25,16,1437,16.0,11,2,13,8,3,3,6,0,0.63,40,22,55.0,2.51,1.38,0.2,0.36,3,3,2,3,0,19,6,0,0,30,0,,,,,,,,,,,,,,,785989,75645f0e
1150,Igor,br BRA,DF,West Ham United,eng Premier League,28.0,1998.0,4,1,105,1.2,0,0,0,0,0,0,0,0,0.0,0,0,,0.0,0.0,,,0,0,0,0,1,0,0,0,0,1,0,,,,,,,,,,,,,,,,8c0c1717
1151,Jonathan Ikone,fr FRA,MF,FW,Paris FC,fr Ligue 1,27.0,1998.0,16,7,649,7.2,1,0,1,1,0,0,1,0,0.14,11,3,27.3,1.53,0.42,0.09,0.33,0,0,3,8,2,7,1,0,0,9,0,,,,,,,,,,,,,,802142,42eaa028
1152,George Ilenikhena,ng NGA,FW,Monaco,fr Ligue 1,19.0,2006.0,15,3,385,4.3,2,0,2,2,0,0,0,0,0.47,15,7,46.7,3.51,1.64,0.13,0.29,0,0,0,0,0,6,0,0,0,2,0,,,,,,,,,,,,,,,1462434,78c3ad07
1153,Andrej Ilic,rs SRB,FW,Union Berlin,de Bundesliga,25.0,2000.0,24,18,1676,18.6,1,8,9,1,0,1,5,0,0.48,48,14,29.2,2.58,0.75,0.02,0.07,0,1,13,2,1,19,5,0,0,27,0,,,,,,,,,,,,,,,953767,cd2cb5bb
1154,Ivan Ilić,rs SRB,MF,Torino,it Serie A,25.0,2001.0,8,5,416,4.6,0,0,0,0,0,0,2,0,0.0,0,0,,0.0,0.0,,,0,0,2,5,5,4,2,0,0,9,0,,,,,,,,,,,,,,,877371,bb376bed
1155,Luka Ilić,rs SRB,MF,FW,Oviedo,es La Liga,26.0,1999.0,18,8,714,7.9,1,0,1,1,0,0,4,1,0.13,9,5,55.6,1.13,0.63,0.11,0.2,0,0,7,4,7,7,4,1,1,16,0,,,,,,,,,,,,,,885664,7bbcff4d
1156,Samuel Iling-Junior,eng ENG,MF,Pisa,it Serie A,22.0,2003.0,4,1,95,1.1,0,0,0,0,0,0,0,0,0.0,0,0,,0.0,0.0,,,0,0,5,1,0,0,0,0,0,1,0,,,,,,,,,,,,,,,996919,ba492306
1157,Emirhan İlkhan,tr TUR,MF,Torino,it Serie A,21.0,2004.0,13,9,657,7.3,1,1,2,1,0,0,1,1,0.27,6,3,50.0,0.82,0.41,0.17,0.33,0,0,3,14,10,13,1,1,0,9,0,,,,,,,,,,,,,,,1142612,
1158,Ciro Immobile,it ITA,FW,Paris FC,fr Ligue 1,36.0,1990.0,6,5,380,4.2,0,0,0,0,0,0,1,0,0.0,5,2,40.0,1.18,0.47,0.0,0.0,0,0,2,0,0,0,1,0,0,4,0,,,,,,,,,,,,,,,45923,4431aed2
1159,Ciro Immobile,it ITA,FW,Bologna,it Serie A,36.0,1990.0,6,2,193,2.1,0,0,0,0,0,0,1,0,0.0,2,0,0.0,0.93,0.0,0.0,,0,0,3,0,0,3,1,0,0,8,0,,,,,,,,,,,,,,,45923,4431aed2
1160,Samuele Inácio,it ITA,FW,Dortmund,de Bundesliga,17.0,2008.0,1,0,16,0.2,0,0,0,0,0,0,0,0,0.0,1,0,0.0,5.63,0.0,0.0,,0,0,1,0,0,1,0,0,0,0,0,,,,,,,,,,,,,,,1861666,
1161,Cyriaque Irié,bf BFA,MF,Freiburg,de Bundesliga,20.0,2005.0,6,2,210,2.3,0,0,0,0,0,0,3,0,0.0,5,0,0.0,2.14,0.0,0.0,,0,0,2,4,2,8,3,0,0,6,0,,,,,,,,,,,,,,,1508537,
1162,Tim Iroegbunam,eng ENG,MF,Everton,eng Premier League,22.0,2003.0,22,13,1108,12.3,0,2,2,0,0,0,8,0,0.16,8,0,0.0,0.65,0.0,0.0,,0,0,2,36,19,19,8,0,0,22,0,,,,,,,,,,,,,,,1085950,84c5ceea
1163,Jackson Irvine,au AUS,MF,St Pauli,de Bundesliga,33.0,1993.0,17,11,1003,11.1,0,0,0,0,0,0,0,0,0.0,15,3,20.0,1.35,0.27,0.0,0.0,0,0,8,6,18,9,0,0,0,13,0,,,,,,,,,,,,,,,181581,4637747c
1164,Andy Irving,sct SCO,MF,West Ham United,eng Premier League,25.0,2000.0,7,2,158,1.8,0,0,0,0,0,0,0,0,0.0,0,0,,0.0,0.0,,,0,0,12,4,1,0,0,0,0,1,0,,,,,,,,,,,,,,,845464,b1be9fc0
1165,Isaac,br BRA,FW,Hellas Verona,it Serie A,21.0,2004.0,1,0,20,0.2,0,0,0,0,0,0,0,0,0.0,0,0,,0.0,0.0,,,0,0,1,0,0,0,0,0,0,0,0,,,,,,,,,,,,,,,1471239,669b44eb
1166,Alexander Isak,se SWE,FW,Liverpool,eng Premier League,26.0,1999.0,10,6,504,5.6,2,1,3,2,0,0,0,0,0.54,15,4,26.7,2.68,0.71,0.13,0.5,0,0,2,5,0,0,0,0,0,5,0,,,,,,,,,,,,,,,823941,8e92be30
1167,Gustav Isaksen,dk DEN,FW,Lazio,it Serie A,24.0,2001.0,23,15,1291,14.3,4,1,5,4,0,0,0,0,0.35,38,14,36.8,2.65,0.98,0.11,0.29,0,0,23,7,7,44,0,0,0,16,0,,,,,,,,,,,,,,,976381,5715bb71
1168,Isco,es ESP,FW,MF,Real Betis,es La Liga,33.0,1992.0,1,0,31,0.3,0,1,1,0,0,0,0,0,2.9,2,0,0.0,5.81,0.0,0.0,,0,0,2,0,0,2,0,0,0,0,0,,,,,,,,,,,,,,103417,a0b4bb3e
1169,Wilson Isidor,fr FRA,FW,Sunderland,eng Premier League,25.0,2000.0,26,11,1068,11.9,4,0,4,4,0,0,1,0,0.34,38,14,36.8,3.2,1.18,0.11,0.29,0,0,0,6,0,4,1,0,0,13,0,,,,,,,,,,,,,,,877980,a671316d
1170,Ardian Ismajli,al ALB,DF,Torino,it Serie A,29.0,1996.0,20,16,1456,16.2,0,1,1,0,0,0,4,0,0.06,5,3,60.0,0.31,0.19,0.0,0.0,0,0,8,10,28,12,4,0,0,20,0,,,,,,,,,,,,,,,840414,6b635f5c
1171,Franco Israel,uy URU,GK,Torino,it Serie A,25.0,2000.0,9,9,810,9.0,0,0,0,0,0,0,1,0,0.0,0,0,,0.0,0.0,,,0,0,0,0,0,3,1,0,0,0,0,18.0,2.0,40.0,24.0,60.0,2.0,2.0,5.0,3.0,33.3,2.0,2.0,0.0,0.0,1084846,1f994616
1172,Hiroki Ito,jp JPN,DF,Bayern Munich,de Bundesliga,26.0,1999.0,10,5,481,5.3,1,2,3,1,0,0,0,0,0.56,9,3,33.3,1.68,0.56,0.11,0.33,0,0,4,0,8,1,0,0,0,6,0,,,,,,,,,,,,,,,873106,ff31bc93
1173,Alex Iwobi,ng NGA,MF,Fulham,eng Premier League,29.0,1996.0,24,24,2041,22.7,4,3,7,4,0,0,2,0,0.31,27,11,40.7,1.19,0.49,0.15,0.36,0,0,71,14,11,8,2,0,0,5,0,,,,,,,,,,,,,,,352770,6ca5ec4b
1174,Urko Izeta,es ESP,FW,Athletic Club,es La Liga,26.0,1999.0,11,1,171,1.9,0,0,0,0,0,0,2,0,0.0,8,4,50.0,4.21,2.11,0.0,0.0,0,0,2,0,0,1,2,0,0,4,0,,,,,,,,,,,,,,,1430667,
1175,Jairo Izquierdo,es ESP,DF,FW,Elche,es La Liga,32.0,1993.0,1,0,24,0.3,0,0,0,0,0,0,0,0,0.0,0,0,,0.0,0.0,,,0,0,3,0,0,0,0,0,0,0,0,,,,,,,,,,,,,,602164,2ceb58ab
1176,Nicolas Jackson,sn SEN,FW,Bayern Munich,de Bundesliga,24.0,2001.0,17,7,580,6.4,4,0,4,4,0,0,1,1,0.62,19,11,57.9,2.95,1.71,0.21,0.36,0,0,0,1,2,7,1,1,0,12,0,,,,,,,,,,,,,,,1085381,9c36ed83
1177,Jérémy Jacquet,fr FRA,DF,Rennes,fr Ligue 1,20.0,2005.0,19,19,1671,18.6,0,0,0,0,0,0,6,1,0.0,11,3,27.3,0.59,0.16,0.0,0.0,0,0,0,17,22,17,6,1,1,20,0,,,,,,,,,,,,,,,1445625,
1178,Ricky Jade-Jones,eng ENG,FW,St Pauli,de Bundesliga,24.0,2001.0,8,3,337,3.7,2,0,2,2,0,0,1,0,0.53,11,6,54.5,2.94,1.6,0.18,0.33,0,0,8,2,1,7,1,0,0,8,0,,,,,,,,,,,,,,,994529,e47d11f8
1179,Lee Jae-sung,kr KOR,MF,FW,Mainz 05,de Bundesliga,33.0,1992.0,24,24,1986,22.1,4,2,6,4,0,0,3,0,0.27,29,8,27.6,1.31,0.36,0.14,0.5,0,0,25,19,22,21,3,0,0,16,0,,,,,,,,,,,,,,,34b0387f
1180,Kristijan Jakić,hr CRO,MF,DF,Augsburg,de Bundesliga,28.0,1997.0,21,17,1466,16.3,1,1,2,1,0,0,4,0,0.12,14,4,28.6,0.86,0.25,0.07,0.25,0,0,4,23,14,16,4,0,0,16,0,,,,,,,,,,,,,,796206,a8ee54ad
1181,Karl Jakob Hein,ee EST,GK,Werder Bremen,de Bundesliga,23.0,2002.0,2,2,180,2.0,0,0,0,0,0,0,0,0,0.0,0,0,,0.0,0.0,,,0,0,0,0,0,0,0,0,0,0,0,4.0,2.0,14.0,11.0,78.6,1.0,0.0,1.0,1.0,50.0,1.0,1.0,0.0,0.0,991591,aa81d8f8
1182,Daniel James,wls WAL,FW,Leeds United,eng Premier League,28.0,1997.0,14,4,408,4.5,0,0,0,0,0,0,0,0,0.0,10,2,20.0,2.21,0.44,0.0,0.0,0,0,35,3,1,6,0,0,0,1,0,,,,,,,,,,,,,,,828639,c931d9f9
1183,Reece James,eng ENG,DF,MF,Chelsea,eng Premier League,26.0,1999.0,27,20,1896,21.1,2,4,6,2,0,0,4,0,0.28,21,6,28.6,1.0,0.28,0.1,0.33,0,0,123,32,31,20,4,0,0,26,0,,,,,,,,,,,,,,885908,1265a93a
1184,Vitaly Janelt,de GER,MF,Brentford,eng Premier League,27.0,1998.0,22,13,1261,14.0,1,4,5,1,0,0,7,0,0.36,12,3,25.0,0.86,0.21,0.08,0.33,0,0,53,16,26,12,7,0,0,17,0,,,,,,,,,,,,,,,814873,8449d35e
1185,Mathis Jangeal,fr FRA,FW,Paris Saint-Germain,fr Ligue 1,17.0,2008.0,1,0,11,0.1,0,0,0,0,0,0,0,0,0.0,0,0,,0.0,0.0,,,0,0,0,0,0,0,0,0,0,1,0,,,,,,,,,,,,,,,1937851,
1186,Isak Jansson,se SWE,MF,FW,Nice,fr Ligue 1,24.0,2002.0,16,6,541,6.0,1,0,1,1,0,0,2,0,0.17,14,9,64.3,2.33,1.5,0.07,0.11,0,0,10,6,4,5,2,0,0,6,0,,,,,,,,,,,,,,962064,a7664548
1187,Adnan Januzaj,be BEL,MF,FW,Sevilla,es La Liga,31.0,1995.0,12,2,321,3.6,0,0,0,0,0,0,1,0,0.0,7,0,0.0,1.96,0.0,0.0,,0,0,30,4,1,10,1,0,0,8,0,,,,,,,,,,,,,,328145,4737cebe
1188,Luca Jaquez,ch SUI,DF,Stuttgart,de Bundesliga,22.0,2003.0,9,8,642,7.1,0,1,1,0,0,0,1,0,0.14,2,0,0.0,0.28,0.0,0.0,,0,0,0,5,8,2,1,0,0,2,0,,,,,,,,,,,,,,,1127823,
1189,Ardon Jashari,ch SUI,MF,Milan,it Serie A,23.0,2002.0,9,4,461,5.1,0,1,1,0,0,0,0,0,0.2,6,2,33.3,1.17,0.39,0.0,0.0,0,0,8,8,5,5,0,0,0,7,0,,,,,,,,,,,,,,,1034082,
1190,Bakery Jatta,gm GAM,MF,Hamburger SV,de Bundesliga,27.0,1998.0,11,9,690,7.7,0,1,1,0,0,0,0,0,0.13,6,2,33.3,0.78,0.26,0.0,0.0,0,0,18,6,5,5,0,0,0,10,0,,,,,,,,,,,,,,,842526,34c313d5
1191,Mikel Jauregizar,es ESP,MF,Athletic Club,es La Liga,22.0,2003.0,27,27,2243,24.9,2,0,2,2,0,0,3,0,0.08,31,8,25.8,1.24,0.32,0.06,0.25,0,0,53,38,40,30,3,0,0,33,0,,,,,,,,,,,,,,,1495844,
1192,Gaby Jean,fr FRA,DF,Lecce,it Serie A,26.0,2000.0,2,0,19,0.2,0,0,0,0,0,0,0,0,0.0,0,0,,0.0,0.0,,,0,0,0,0,0,0,0,0,0,0,0,,,,,,,,,,,,,,,1392819,
1193,Finn Jeltsch,de GER,DF,Stuttgart,de Bundesliga,19.0,2006.0,19,14,1282,14.2,0,1,1,0,0,0,3,0,0.07,3,0,0.0,0.21,0.0,0.0,,0,0,3,11,14,13,3,0,0,9,0,,,,,,,,,,,,,,,1418649,
1194,Castrop Jens,kr KOR,MF,Gladbach,de Bundesliga,22.0,2003.0,21,15,1166,13.0,1,0,1,1,0,0,1,1,0.08,18,8,44.4,1.39,0.62,0.06,0.13,0,0,18,25,12,21,1,1,0,27,0,,,,,,,,,,,,,,,1019312,
1195,Mathias Jensen,dk DEN,MF,Brentford,eng Premier League,30.0,1996.0,28,18,1563,17.4,2,1,3,2,0,0,3,0,0.17,22,6,27.3,1.27,0.35,0.09,0.33,0,0,90,19,11,7,3,0,0,15,0,,,,,,,,,,,,,,,799251,0f134faf
1196,Oliver Jensen,dk DEN,MF,Parma,it Serie A,24.0,2002.0,27,18,1679,18.7,1,0,1,1,0,0,2,0,0.05,14,3,21.4,0.75,0.16,0.07,0.33,0,0,14,7,17,19,2,0,0,13,0,,,,,,,,,,,,,,,1003994,e289ab91
1197,Moritz Jenz,de GER,DF,Wolfsburg,de Bundesliga,26.0,1999.0,18,18,1606,17.8,1,0,1,1,0,0,6,0,0.06,5,1,20.0,0.28,0.06,0.2,1.0,0,0,1,21,12,7,6,0,0,27,1,,,,,,,,,,,,,,,920525,ee644761
1198,Gabriel Jesus,br BRA,FW,Arsenal,eng Premier League,28.0,1997.0,11,2,313,3.5,2,0,2,2,0,0,2,0,0.58,14,9,64.3,4.03,2.59,0.14,0.22,0,0,0,0,1,1,2,0,0,6,0,,,,,,,,,,,,,,,794839,b66315ae
1199,Igor Jesus,br BRA,FW,Nottingham Forest,eng Premier League,25.0,2001.0,29,21,1730,19.2,2,3,5,2,0,0,0,0,0.26,53,11,20.8,2.76,0.57,0.04,0.18,0,0,8,11,1,33,0,0,0,32,0,,,,,,,,,,,,,,,981619,dbe24cce
1200,Juan Jesus,br BRA,DF,Napoli,it Serie A,34.0,1991.0,20,17,1494,16.6,0,0,0,0,0,0,10,1,0.0,3,0,0.0,0.18,0.0,0.0,,0,0,0,20,25,2,10,1,1,38,0,,,,,,,,,,,,,,,108484,79083382
1201,Álex Jiménez,es ESP,DF,MF,Bournemouth,eng Premier League,20.0,2005.0,26,21,1886,21.0,1,0,1,1,0,0,8,0,0.05,19,4,21.1,0.91,0.19,0.05,0.25,0,0,41,37,22,15,8,0,0,25,0,,,,,,,,,,,,,,1184308,faa13947
1202,Álex Jiménez,es ESP,DF,Milan,it Serie A,20.0,2005.0,1,0,45,0.5,0,0,0,0,0,0,1,0,0.0,0,0,,0.0,0.0,,,0,0,1,0,0,1,1,0,0,0,0,,,,,,,,,,,,,,,1184308,faa13947
1203,David Jiménez,es ESP,DF,Real Madrid,es La Liga,22.0,2004.0,2,1,76,0.8,0,0,0,0,0,0,0,0,0.0,1,1,100.0,1.18,1.18,0.0,0.0,0,0,3,1,0,0,0,0,0,0,0,,,,,,,,,,,,,,,1142689,f30c40c5
1204,Raúl Jiménez,mx MEX,FW,Fulham,eng Premier League,34.0,1991.0,29,25,1965,21.8,8,3,11,5,3,3,5,0,0.37,61,16,26.2,2.79,0.73,0.08,0.31,3,3,5,17,7,28,5,0,0,41,0,,,,,,,,,,,,,,,192442,b561db50
1205,Jamaldeen Jimoh,eng ENG,MF,Aston Villa,eng Premier League,19.0,2006.0,1,0,9,0.1,0,0,0,0,0,0,0,0,0.0,0,0,,0.0,0.0,,,0,0,0,0,0,1,0,0,0,0,0,,,,,,,,,,,,,,,1410178,
1206,João Pedro,br BRA,FW,MF,Chelsea,eng Premier League,24.0,2001.0,30,26,2234,24.8,14,5,19,14,0,0,4,0,0.77,61,26,42.6,2.46,1.05,0.23,0.54,0,0,14,15,5,46,4,0,0,30,0,,,,,,,,,,,,,,975079,e8832875
1207,Joelinton,br BRA,MF,Newcastle United,eng Premier League,29.0,1996.0,23,19,1598,17.8,2,1,3,2,0,0,8,0,0.17,27,10,37.0,1.52,0.56,0.07,0.2,0,0,10,18,19,27,8,0,0,36,0,,,,,,,,,,,,,,,560128,c17bfb65
1208,Jofre,es ESP,MF,Espanyol,es La Liga,24.0,2001.0,20,8,771,8.6,1,0,1,1,0,0,1,0,0.12,19,5,26.3,2.22,0.58,0.05,0.2,0,0,30,5,5,20,1,0,0,12,0,,,,,,,,,,,,,,,11798,8250d3dc
1209,Þórir Jóhann Helgason,is ISL,MF,Lecce,it Serie A,25.0,2000.0,6,1,120,1.3,0,0,0,0,0,0,0,0,0.0,2,1,50.0,1.5,0.75,0.0,0.0,0,0,4,0,1,0,0,0,0,0,0,,,,,,,,,,,,,,,886628,dc765618
1210,Ísak Jóhannesson,is ISL,MF,Köln,de Bundesliga,22.0,2003.0,24,16,1365,15.2,1,1,2,1,0,0,3,0,0.13,8,2,25.0,0.53,0.13,0.13,0.5,0,0,57,11,3,4,3,0,0,8,0,,,,,,,,,,,,,,,1112327,e47d11f8
1211,John,br BRA,GK,Nottingham Forest,eng Premier League,30.0,1996.0,5,5,437,4.9,0,0,0,0,0,0,1,0,0.0,0,0,,0.0,0.0,,,0,0,0,0,0,0,1,0,0,0,0,8.0,1.65,13.0,6.0,46.2,1.0,0.0,4.0,1.0,20.0,1.0,1.0,0.0,0.0,1146362,1ba61951
1212,Dennis Johnsen,no NOR,MF,FW,Cremonese,it Serie A,28.0,1998.0,11,5,390,4.3,1,1,2,1,0,0,0,0,0.46,5,2,40.0,1.15,0.46,0.2,0.5,0,0,12,2,0,4,0,0,0,2,0,,,,,,,,,,,,,,869275,66784dee
1213,Brennan Johnson,wls WAL,MF,FW,Tottenham Hotspur,eng Premier League,24.0,2001.0,16,6,610,6.8,2,0,2,2,0,0,2,0,0.3,6,2,33.3,0.89,0.3,0.33,1.0,0,0,23,9,2,4,2,0,0,2,0,,,,,,,,,,,,,,1085180,0cd31129
1214,Brennan Johnson,wls WAL,MF,Crystal Palace,eng Premier League,24.0,2001.0,11,7,626,7.0,0,1,1,0,0,0,3,0,0.14,11,3,27.3,1.58,0.43,0.0,0.0,0,0,27,4,1,5,3,0,0,11,0,,,,,,,,,,,,,,,1085180,0cd31129
1215,Karl-Johan Johnsson,se SWE,GK,Strasbourg,fr Ligue 1,36.0,1990.0,1,1,90,1.0,0,0,0,0,0,0,0,0,0.0,0,0,,0.0,0.0,,,0,0,0,0,0,0,0,0,0,0,0,0.0,0.0,2.0,2.0,100.0,1.0,0.0,0.0,1.0,100.0,0.0,0.0,0.0,0.0,40973,a56bd2ee
1216,Sam Johnstone,eng ENG,GK,Wolves,eng Premier League,32.0,1993.0,12,12,1080,12.0,0,0,0,0,0,0,0,0,0.0,0,0,,0.0,0.0,,,0,0,0,1,0,0,0,0,0,0,1,24.0,2.0,62.0,39.0,62.9,0.0,2.0,10.0,0.0,0.0,1.0,1.0,0.0,0.0,98427,9e5708be
1217,Curtis Jones,eng ENG,MF,Liverpool,eng Premier League,25.0,2001.0,26,11,1273,14.1,0,1,1,0,0,0,1,0,0.07,18,5,27.8,1.27,0.35,0.0,0.0,0,0,8,15,7,19,1,0,0,10,0,,,,,,,,,,,,,,,927353,4fb9c88f
1218,Frenkie de Jong,nl NED,MF,Barcelona,es La Liga,28.0,1997.0,19,16,1495,16.6,1,4,5,1,0,0,4,1,0.3,7,2,28.6,0.42,0.12,0.14,0.5,0,0,4,16,17,24,4,1,1,10,0,,,,,,,,,,,,,,,795222,1bacc518
1219,Joan Jordán,es ESP,MF,Sevilla,es La Liga,31.0,1994.0,3,0,25,0.3,0,0,0,0,0,0,1,1,0.0,0,0,,0.0,0.0,,,0,0,0,0,0,0,1,1,0,4,0,,,,,,,,,,,,,,,591750,2a0c8ba4
1220,Josan,es ESP,MF,DF,Elche,es La Liga,36.0,1989.0,15,4,490,5.4,0,2,2,0,0,0,2,0,0.37,3,1,33.3,0.55,0.18,0.0,0.0,0,0,55,5,4,5,2,0,0,5,0,,,,,,,,,,,,,,808955,e47d11f8
1221,Mateo Joseph,es ESP,MF,FW,Mallorca,es La Liga,22.0,2003.0,27,18,1588,17.6,2,2,4,2,0,0,2,0,0.23,32,14,43.8,1.81,0.79,0.06,0.14,0,0,12,18,12,29,2,0,0,18,0,,,,,,,,,,,,,,1170693,6ad43f9a
1222,Lazar Jovanović,rs SRB,FW,Stuttgart,de Bundesliga,19.0,2006.0,3,0,40,0.4,0,0,0,0,0,0,0,0,0.0,1,0,0.0,2.25,0.0,0.0,,0,0,0,0,0,1,0,0,0,1,0,,,,,,,,,,,,,,,1427148,943f33d2
1223,Juanmi,es ESP,FW,MF,Getafe,es La Liga,32.0,1993.0,8,0,179,2.0,1,0,1,1,0,0,0,0,0.5,2,1,50.0,1.01,0.5,0.5,1.0,0,0,0,0,0,1,0,0,0,2,0,,,,,,,,,,,,,,96369,60bb7e62
1224,Abdulai Juma Bah,sl SLE,DF,Nice,fr Ligue 1,19.0,2006.0,20,16,1463,16.3,0,0,0,0,0,0,6,0,0.0,6,1,16.7,0.37,0.06,0.0,0.0,0,0,0,15,17,7,6,0,0,25,0,,,,,,,,,,,,,,,1606792,
1225,Anthony Jung,de GER,DF,Freiburg,de Bundesliga,34.0,1991.0,10,4,490,5.4,0,0,0,0,0,0,2,0,0.0,1,0,0.0,0.18,0.0,0.0,,0,0,0,0,8,3,2,0,0,4,0,,,,,,,,,,,,,,,103442,
1226,Eli Junior Kroupi,fr FRA,MF,FW,Bournemouth,eng Premier League,19.0,2006.0,25,14,1140,12.7,8,0,8,8,0,0,3,0,0.63,32,15,46.9,2.53,1.18,0.25,0.53,0,0,8,6,8,7,3,0,0,13,0,,,,,,,,,,,,,,1426228,56d229af
1227,Luiz Lúcio Reis Júnior,br BRA,GK,Villarreal,es La Liga,25.0,2001.0,25,25,2250,25.0,0,0,0,0,0,0,3,0,0.0,0,0,,0.0,0.0,,,0,0,0,0,1,4,3,0,0,2,0,27.0,1.08,83.0,62.0,73.5,16.0,3.0,6.0,8.0,32.0,6.0,5.0,1.0,0.0,1066603,d0530e29
1228,Hamed Junior Traorè,ci CIV,MF,Bournemouth,eng Premier League,26.0,2000.0,1,0,17,0.2,0,1,1,0,0,0,0,0,5.29,0,0,,0.0,0.0,,,0,0,1,0,0,0,0,0,0,0,0,,,,,,,,,,,,,,,892924,570bb4b9
1229,Hamed Junior Traorè,ci CIV,MF,Marseille,fr Ligue 1,26.0,2000.0,8,4,343,3.8,1,1,2,1,0,0,1,0,0.52,5,3,60.0,1.31,0.79,0.2,0.33,0,0,18,4,4,6,1,0,0,6,0,,,,,,,,,,,,,,,892924,570bb4b9
1230,Vinicius Júnior,br BRA,FW,MF,Real Madrid,es La Liga,25.0,2000.0,27,24,2088,23.2,9,5,14,6,3,4,7,0,0.47,75,31,41.3,3.23,1.34,0.08,0.19,3,4,52,13,2,58,7,0,0,25,0,,,,,,,,,,,,,,868812,7111d552
1231,Josip Juranović,hr CRO,MF,Union Berlin,de Bundesliga,30.0,1995.0,6,2,191,2.1,0,0,0,0,0,0,1,0,0.0,3,0,0.0,1.41,0.0,0.0,,0,0,29,3,0,3,1,0,0,0,0,,,,,,,,,,,,,,,791642,0a084b35
1232,James Justin,eng ENG,DF,MF,Leeds United,eng Premier League,28.0,1998.0,21,13,1181,13.1,1,1,2,1,0,0,2,0,0.15,14,4,28.6,1.07,0.3,0.07,0.25,0,0,22,21,19,21,2,0,0,8,0,,,,,,,,,,,,,,827681,fb614c44
1233,Ferran Jutglà,es ESP,FW,MF,Celta Vigo,es La Liga,27.0,1999.0,20,15,1085,12.1,5,1,6,5,0,0,4,0,0.5,32,18,56.3,2.65,1.49,0.16,0.28,0,0,11,2,6,18,4,0,0,13,0,,,,,,,,,,,,,,949962,2a9f6b4d
1234,Filip Jørgensen,dk DEN,GK,Chelsea,eng Premier League,23.0,2002.0,3,2,264,2.9,0,0,0,0,0,0,0,0,0.0,0,0,,0.0,0.0,,,0,0,0,0,1,0,0,0,0,0,0,4.0,1.36,10.0,6.0,60.0,1.0,1.0,0.0,0.0,0.0,0.0,0.0,0.0,0.0,962053,2e6e223a
1235,Martijn Kaars,nl NED,FW,St Pauli,de Bundesliga,27.0,1999.0,21,11,1018,11.3,3,0,3,2,1,1,1,0,0.18,20,9,45.0,1.77,0.8,0.1,0.22,1,1,10,2,0,6,1,0,0,6,0,,,,,,,,,,,,,,,861850,8aee2731
1236,Mohamed Kaba,fr FRA,MF,Nantes,fr Ligue 1,24.0,2001.0,6,5,443,4.9,0,1,1,0,0,0,2,0,0.2,3,0,0.0,0.61,0.0,0.0,,0,0,0,9,6,11,2,0,0,7,0,,,,,,,,,,,,,,,1127590,
1237,Mohamed Kaba,fr FRA,MF,Lecce,it Serie A,24.0,2001.0,15,5,633,7.0,0,0,0,0,0,0,1,0,0.0,9,4,44.4,1.28,0.57,0.0,0.0,0,0,8,7,4,21,1,0,0,12,0,,,,,,,,,,,,,,,1127590,
1238,Ozan Kabak,tr TUR,DF,Hoffenheim,de Bundesliga,25.0,2000.0,17,10,1031,11.5,4,0,4,4,0,0,2,0,0.35,25,9,36.0,2.18,0.79,0.16,0.44,0,0,1,11,17,7,2,0,0,14,0,,,,,,,,,,,,,,,857740,2d61d13a
1239,Christian Kabasele,be BEL,DF,Udinese,it Serie A,35.0,1991.0,22,20,1627,18.1,3,0,3,3,0,0,4,0,0.17,7,5,71.4,0.39,0.28,0.43,0.6,0,0,0,6,26,18,4,0,0,24,0,,,,,,,,,,,,,,,58351,914ab9a1
1240,Anton Kade,de GER,MF,FW,Augsburg,de Bundesliga,22.0,2004.0,20,11,1090,12.1,2,0,2,2,0,0,3,0,0.17,26,12,46.2,2.15,0.99,0.08,0.17,0,0,20,9,7,8,3,0,0,13,0,,,,,,,,,,,,,,1129365,
1241,Ferdi Kadioglu,tr TUR,DF,MF,Brighton,eng Premier League,26.0,1999.0,29,26,2413,26.8,0,0,0,0,0,0,6,0,0.0,20,8,40.0,0.75,0.3,0.0,0.0,0,0,93,34,17,31,6,0,0,15,0,,,,,,,,,,,,,,,
1242,Florian Kainz,at AUT,MF,Köln,de Bundesliga,33.0,1992.0,12,2,244,2.7,1,0,1,1,0,0,0,0,0.37,7,4,57.1,2.58,1.48,0.14,0.25,0,0,15,2,3,4,0,0,0,3,0,,,,,,,,,,,,,,,78781,94c18565
1243,Sasa Kalajdzic,at AUT,FW,MF,Wolves,eng Premier League,28.0,1997.0,1,0,15,0.2,0,0,0,0,0,0,0,0,0.0,0,0,,0.0,0.0,,,0,0,0,0,1,0,0,0,0,0,0,,,,,,,,,,,,,,870038,15f24fe7
1244,Arnaud Kalimuendo,fr FRA,FW,Nottingham Forest,eng Premier League,24.0,2002.0,9,0,96,1.1,0,0,0,0,0,0,0,0,0.0,4,1,25.0,3.75,0.94,0.0,0.0,0,0,2,1,0,0,0,0,0,2,0,,,,,,,,,,,,,,,954061,bf4c41f9
1245,Arnaud Kalimuendo,fr FRA,FW,MF,Eintracht Frankfurt,de Bundesliga,24.0,2002.0,11,9,757,8.4,4,1,5,4,0,0,3,0,0.59,19,10,52.6,2.26,1.19,0.21,0.4,0,0,6,2,1,12,3,0,0,7,0,,,,,,,,,,,,,,954061,bf4c41f9
1246,Pierre Kalulu,fr FRA,DF,MF,Juventus,it Serie A,25.0,2000.0,28,28,2471,27.5,2,3,5,2,0,0,3,1,0.18,10,3,30.0,0.36,0.11,0.2,0.67,0,0,70,25,18,11,3,1,1,30,0,,,,,,,,,,,,,,965330,85f7d1be
1247,Justin-Noël Kalumba,fr FRA,FW,Mallorca,es La Liga,21.0,2004.0,1,0,34,0.4,0,0,0,0,0,0,0,0,0.0,0,0,,0.0,0.0,,,0,0,1,0,0,1,0,0,0,0,0,,,,,,,,,,,,,,,1484974,
1248,Justin-Noël Kalumba,fr FRA,FW,MF,Angers,fr Ligue 1,21.0,2004.0,4,3,224,2.5,0,0,0,0,0,0,0,0,0.0,1,0,0.0,0.4,0.0,0.0,,0,0,15,3,1,3,0,0,0,3,0,,,,,,,,,,,,,,1484974,
1249,Daichi Kamada,jp JPN,MF,Crystal Palace,eng Premier League,29.0,1996.0,20,17,1479,16.4,0,0,0,0,0,0,2,0,0.0,16,4,25.0,0.97,0.24,0.0,0.0,0,0,31,28,10,20,2,0,0,26,0,,,,,,,,,,,,,,,794338,15b287da
1250,Warren Kamanzi,no NOR,MF,Toulouse,fr Ligue 1,25.0,2000.0,17,6,653,7.3,0,1,1,0,0,0,1,0,0.14,9,1,11.1,1.24,0.14,0.0,0.0,0,0,10,9,5,6,1,0,0,7,0,,,,,,,,,,,,,,,1048366,a426a912
1251,Abu Kamara,eng ENG,MF,Getafe,es La Liga,22.0,2003.0,9,1,196,2.2,0,0,0,0,0,0,1,0,0.0,3,1,33.3,1.38,0.46,0.0,0.0,0,0,9,2,3,2,1,0,0,2,0,,,,,,,,,,,,,,,1087476,
1252,Bingourou Kamara,sn SEN,GK,Lorient,fr Ligue 1,29.0,1996.0,3,3,270,3.0,0,0,0,0,0,0,0,0,0.0,0,0,,0.0,0.0,,,0,0,0,0,0,1,0,0,0,0,0,8.0,2.67,16.0,8.0,50.0,1.0,0.0,2.0,1.0,33.3,1.0,0.0,0.0,1.0,583312,3814120d
1253,Boubacar Kamara,fr FRA,MF,Aston Villa,eng Premier League,26.0,1999.0,18,17,1411,15.7,1,3,4,1,0,0,5,0,0.26,7,4,57.1,0.45,0.26,0.14,0.25,0,0,2,16,15,30,5,0,0,16,0,,,,,,,,,,,,,,,826204,cc77354e
1254,Glen Kamara,fi FIN,MF,Rennes,fr Ligue 1,30.0,1995.0,3,0,52,0.6,0,0,0,0,0,0,0,0,0.0,0,0,,0.0,0.0,,,0,0,0,0,0,2,0,0,0,0,0,,,,,,,,,,,,,,,292665,4da9191b
1255,Hassane Kamara,ci CIV,MF,DF,Udinese,it Serie A,32.0,1994.0,18,14,1218,13.5,0,1,1,0,0,0,3,0,0.07,13,4,30.8,0.96,0.3,0.0,0.0,0,0,52,15,18,9,3,0,0,11,0,,,,,,,,,,,,,,351434,19a12bed
1256,Noham Kamara,fr FRA,DF,Lyon,fr Ligue 1,19.0,2007.0,1,0,1,0.0,0,0,0,0,0,0,0,0,0.0,0,0,,0.0,0.0,,,0,0,0,0,0,0,0,0,0,0,0,,,,,,,,,,,,,,,1937750,1a7cfdea
1257,Jakub Kamiński,pl POL,MF,FW,Köln,de Bundesliga,23.0,2002.0,26,26,2317,25.7,6,2,8,6,0,0,2,0,0.31,43,16,37.2,1.67,0.62,0.14,0.38,0,0,89,24,18,20,2,0,0,11,0,,,,,,,,,,,,,,801263,202b3b68
1258,Kevin Kampl,si SVN,MF,RB Leipzig,de Bundesliga,35.0,1990.0,3,0,3,0.0,0,0,0,0,0,0,0,0,0.0,0,0,,0.0,0.0,,,0,0,0,0,0,0,0,0,0,0,0,,,,,,,,,,,,,,,84251,b825a650
1259,Harry Kane,eng ENG,FW,MF,Bayern Munich,de Bundesliga,32.0,1993.0,25,22,1972,21.9,30,5,35,20,10,10,1,0,1.14,97,59,60.8,4.43,2.69,0.21,0.34,10,10,10,11,7,32,1,0,0,23,0,,,,,,,,,,,,,,108579,21a66f6a
1260,Lee Kang-in,kr KOR,MF,FW,Paris Saint-Germain,fr Ligue 1,25.0,2001.0,20,13,1101,12.2,2,3,5,2,0,0,2,0,0.41,32,12,37.5,2.62,0.98,0.06,0.17,0,0,65,6,1,15,2,0,0,14,0,,,,,,,,,,,,,,,8455ad90
1261,Steeve Kango,fr FRA,DF,Lyon,fr Ligue 1,19.0,2006.0,1,0,11,0.1,0,0,0,0,0,0,0,0,0.0,0,0,,0.0,0.0,,,0,0,2,0,0,0,0,0,0,1,0,,,,,,,,,,,,,,,1627804,
1262,Mohamadou Kanté,fr FRA,MF,West Ham United,eng Premier League,20.0,2005.0,7,0,29,0.3,0,0,0,0,0,0,1,0,0.0,1,0,0.0,3.1,0.0,0.0,,0,0,0,3,0,0,1,0,0,1,0,,,,,,,,,,,,,,,1523623,
1263,Adam Karabec,cz CZE,MF,FW,Lyon,fr Ligue 1,22.0,2003.0,19,11,892,9.9,1,0,1,1,0,0,3,0,0.1,9,5,55.6,0.91,0.5,0.11,0.2,0,0,77,3,1,19,3,0,0,13,0,,,,,,,,,,,,,,1000175,f80d03ca
1264,Atakan Karazor,tr TUR,MF,Stuttgart,de Bundesliga,29.0,1996.0,24,19,1615,17.9,0,0,0,0,0,0,4,0,0.0,7,2,28.6,0.39,0.11,0.0,0.0,0,0,7,21,11,29,4,0,0,16,0,,,,,,,,,,,,,,,801030,
1265,Dermane Karim,tg TOG,MF,Lorient,fr Ligue 1,22.0,2003.0,24,13,1161,12.9,1,2,3,1,0,0,3,0,0.23,15,2,13.3,1.16,0.16,0.07,0.5,0,0,15,12,9,36,3,0,0,17,0,,,,,,,,,,,,,,,1130307,
1266,Lennart Karl,de GER,MF,Bayern Munich,de Bundesliga,18.0,2008.0,22,13,1056,11.7,4,3,7,4,0,0,0,0,0.6,34,16,47.1,2.9,1.36,0.12,0.25,0,0,25,13,9,11,0,0,0,4,0,,,,,,,,,,,,,,,1861975,
1267,Jesper Karlström,se SWE,MF,Udinese,it Serie A,30.0,1995.0,29,29,2548,28.3,1,0,1,1,0,0,4,0,0.04,15,2,13.3,0.53,0.07,0.07,0.5,0,0,9,28,31,24,4,0,0,30,0,,,,,,,,,,,,,,,227894,e0a1f4eb
1268,Jon Karrikaburu,es ESP,FW,Real Sociedad,es La Liga,23.0,2002.0,6,0,132,1.5,0,0,0,0,0,0,0,0,0.0,6,2,33.3,4.09,1.36,0.0,0.0,0,0,1,1,0,4,0,0,0,3,0,,,,,,,,,,,,,,,1099175,e47d11f8
1269,Grigoris Kastanos,cy CYP,MF,Hellas Verona,it Serie A,28.0,1998.0,6,0,44,0.5,0,0,0,0,0,0,0,0,0.0,1,0,0.0,2.05,0.0,0.0,,0,0,2,3,3,1,0,0,0,3,0,,,,,,,,,,,,,,,791566,2a82aa85
1270,Silas Katompa,cd COD,FW,Mainz 05,de Bundesliga,27.0,1998.0,8,4,334,3.7,1,0,1,1,0,0,1,0,0.27,8,7,87.5,2.16,1.89,0.13,0.14,0,0,11,0,0,5,1,0,0,4,0,,,,,,,,,,,,,,,,be632ef8
1271,Panos Katseris,gr GRE,MF,DF,Lorient,fr Ligue 1,24.0,2001.0,8,3,234,2.6,0,0,0,0,0,0,2,0,0.0,5,2,40.0,1.92,0.77,0.0,0.0,0,0,14,3,6,8,2,0,0,5,0,,,,,,,,,,,,,,1402217,c1597cf7
1272,Mikkel Kaufmann,dk DEN,FW,Heidenheim,de Bundesliga,25.0,2001.0,14,6,522,5.8,1,1,2,1,0,0,2,0,0.34,11,3,27.3,1.9,0.52,0.09,0.33,0,0,1,2,1,13,2,0,0,13,0,,,,,,,,,,,,,,,918437,6e269dd3
1273,Sota Kawasaki,jp JPN,MF,DF,Mainz 05,de Bundesliga,24.0,2001.0,7,2,223,2.5,0,0,0,0,0,0,1,0,0.0,1,0,0.0,0.4,0.0,0.0,,0,0,3,4,3,2,1,0,0,5,0,,,,,,,,,,,,,,1028306,447f8a29
1274,Michael Kayode,it ITA,DF,Brentford,eng Premier League,21.0,2004.0,29,29,2538,28.2,1,0,1,1,0,0,6,0,0.04,7,2,28.6,0.25,0.07,0.14,0.5,0,0,49,42,32,42,6,0,0,22,1,,,,,,,,,,,,,,,1137431,
1275,Moise Kean,it ITA,FW,Fiorentina,it Serie A,26.0,2000.0,24,21,1876,20.8,8,1,9,6,2,2,3,0,0.34,95,26,27.4,4.56,1.25,0.06,0.23,2,2,6,3,6,43,3,0,0,27,0,,,,,,,,,,,,,,,835601,3d50bcdb
1276,Michael Keane,eng ENG,DF,Everton,eng Premier League,33.0,1993.0,26,23,2047,22.7,3,0,3,3,0,0,0,1,0.13,21,6,28.6,0.92,0.26,0.14,0.5,0,0,1,20,34,6,0,1,0,14,0,,,,,,,,,,,,,,,110846,c5b7c315
1277,Ilan Kebbal,dz ALG,MF,FW,Paris FC,fr Ligue 1,27.0,1998.0,23,23,1957,21.7,8,4,12,5,3,3,5,0,0.41,44,18,40.9,2.02,0.83,0.11,0.28,3,3,93,15,6,55,5,0,0,12,0,,,,,,,,,,,,,,1049442,37d04e90
1278,Yassine Kechta,ma MAR,MF,Le Havre,fr Ligue 1,24.0,2002.0,24,12,1083,12.0,1,1,2,1,0,0,3,0,0.17,17,7,41.2,1.41,0.58,0.06,0.14,0,0,23,16,16,15,3,0,0,31,0,,,,,,,,,,,,,,,1000442,
1279,Thilo Kehrer,de GER,DF,Monaco,fr Ligue 1,29.0,1996.0,20,20,1736,19.3,0,0,0,0,0,0,7,2,0.0,15,1,6.7,0.78,0.05,0.0,0.0,0,0,3,25,26,23,7,2,1,22,0,,,,,,,,,,,,,,,281277,51dbeea9
1280,Mandela Keita,be BEL,MF,Parma,it Serie A,23.0,2002.0,28,27,2256,25.1,0,1,1,0,0,0,1,0,0.04,12,1,8.3,0.48,0.04,0.0,0.0,0,0,2,39,33,46,1,0,0,23,1,,,,,,,,,,,,,,,1110136,f5692b25
1281,Yannik Keitel,de GER,DF,Augsburg,de Bundesliga,26.0,2000.0,4,1,165,1.8,0,0,0,0,0,0,2,0,0.0,0,0,,0.0,0.0,,,0,0,0,3,1,1,2,0,0,1,0,,,,,,,,,,,,,,,877842,
1282,Caoimhín Kelleher,ie IRL,GK,Brentford,eng Premier League,27.0,1998.0,29,29,2610,29.0,0,0,0,0,0,0,1,0,0.0,0,0,,0.0,0.0,,,0,0,0,0,1,6,1,0,0,2,0,39.0,1.34,105.0,73.0,66.7,12.0,6.0,11.0,7.0,24.1,7.0,4.0,3.0,0.0,827362,62d7ef38
1283,Thomas Keller,de GER,DF,Heidenheim,de Bundesliga,26.0,1999.0,4,3,188,2.1,0,0,0,0,0,0,1,0,0.0,2,0,0.0,0.96,0.0,0.0,,0,0,1,1,0,2,1,0,0,3,0,,,,,,,,,,,,,,,940236,
1284,Lloyd Kelly,eng ENG,DF,Juventus,it Serie A,27.0,1998.0,26,24,2219,24.7,1,0,1,1,0,0,4,0,0.04,11,2,18.2,0.45,0.08,0.09,0.5,0,0,8,25,11,14,4,0,0,37,0,,,,,,,,,,,,,,,865167,f31def1e
1285,Aljoscha Kemlein,de GER,MF,Union Berlin,de Bundesliga,21.0,2004.0,24,18,1524,16.9,0,1,1,0,0,0,3,0,0.06,12,2,16.7,0.71,0.12,0.0,0.0,0,0,8,21,16,10,3,0,0,17,0,,,,,,,,,,,,,,,1198074,e47d11f8
1286,Marc-Oliver Kempf,de GER,DF,Como,it Serie A,31.0,1995.0,26,20,1671,18.6,4,0,4,4,0,0,2,0,0.22,15,6,40.0,0.81,0.32,0.27,0.67,0,0,0,7,4,15,2,0,0,21,0,,,,,,,,,,,,,,,226974,8cc4b934
1287,Luca Kerber,de GER,MF,Heidenheim,de Bundesliga,24.0,2002.0,13,7,563,6.3,2,0,2,2,0,0,2,0,0.32,7,3,42.9,1.12,0.48,0.29,0.67,0,0,4,9,3,5,2,0,0,9,0,,,,,,,,,,,,,,,1097453,c107935c
1288,Milos Kerkez,hu HUN,DF,Liverpool,eng Premier League,22.0,2003.0,27,24,1953,21.7,1,1,2,1,0,0,4,0,0.09,7,1,14.3,0.32,0.05,0.14,1.0,0,0,74,26,11,23,4,0,0,18,0,,,,,,,,,,,,,,,1097425,0ad53bdc
1289,Kevin,br BRA,MF,Fulham,eng Premier League,23.0,2003.0,23,8,908,10.1,1,1,2,1,0,0,1,0,0.2,22,9,40.9,2.18,0.89,0.05,0.11,0,0,40,8,9,15,1,0,0,12,0,,,,,,,,,,,,,,,1112879,93508980
1290,Reda Khadra,de GER,FW,Le Havre,fr Ligue 1,24.0,2001.0,7,1,213,2.4,0,0,0,0,0,0,0,0,0.0,6,3,50.0,2.54,1.27,0.0,0.0,0,0,13,4,0,1,0,0,0,4,0,,,,,,,,,,,,,,,995671,88acf83f
1291,Bilal El Khannouss,ma MAR,MF,FW,Stuttgart,de Bundesliga,21.0,2004.0,19,16,1322,14.7,3,3,6,3,0,0,5,0,0.41,31,10,32.3,2.11,0.68,0.1,0.3,0,0,53,19,8,9,5,0,0,14,0,,,,,,,,,,,,,,1126569,f7042636
1292,Rani Khedira,de GER,MF,Union Berlin,de Bundesliga,32.0,1994.0,25,25,2207,24.5,5,0,5,5,0,0,6,0,0.2,19,10,52.6,0.77,0.41,0.26,0.5,0,0,18,34,33,17,6,0,0,39,0,,,,,,,,,,,,,,,149479,
1293,Abdukodir Khusanov,uz UZB,DF,Manchester City,eng Premier League,22.0,2004.0,15,9,892,9.9,0,0,0,0,0,0,2,0,0.0,2,0,0.0,0.2,0.0,0.0,,0,0,0,15,19,5,2,0,0,8,0,,,,,,,,,,,,,,,1194333,d17ce930
1294,Cassiano Kiala,de GER,DF,Bayern Munich,de Bundesliga,17.0,2009.0,1,0,1,0.0,0,0,0,0,0,0,0,0,0.0,0,0,,0.0,0.0,,,0,0,0,0,0,0,0,0,0,0,0,,,,,,,,,,,,,,,1994978,e37932bb
1295,Kialonda,ao ANG,DF,Lecce,it Serie A,28.0,1997.0,22,21,1828,20.3,0,0,0,0,0,0,6,1,0.0,9,1,11.1,0.44,0.05,0.0,0.0,0,0,1,9,19,22,6,1,0,12,0,,,,,,,,,,,,,,,1090374,
1296,Kiké,es ESP,FW,Espanyol,es La Liga,36.0,1989.0,27,12,1247,13.9,6,1,7,5,1,1,3,0,0.43,42,19,45.2,3.03,1.37,0.12,0.26,1,1,13,7,2,32,3,0,0,27,0,,,,,,,,,,,,,,,84972,aad53e64
1297,Semih Kılıçsoy,tr TUR,FW,Cagliari,it Serie A,20.0,2005.0,20,11,941,10.5,4,0,4,4,0,0,1,0,0.38,17,8,47.1,1.63,0.77,0.24,0.5,0,0,1,3,0,15,1,0,0,13,0,,,,,,,,,,,,,,,1142606,
1298,Max Kilman,eng ENG,DF,West Ham United,eng Premier League,28.0,1997.0,21,17,1561,17.3,0,0,0,0,0,0,4,0,0.0,7,1,14.3,0.4,0.06,0.0,0.0,0,0,2,8,6,2,4,0,0,16,0,,,,,,,,,,,,,,,894474,d0f72bf1
1299,Joshua Kimmich,de GER,MF,Bayern Munich,de Bundesliga,31.0,1995.0,22,18,1727,19.2,2,6,8,2,0,0,4,0,0.42,20,8,40.0,1.04,0.42,0.1,0.25,0,0,95,18,16,17,4,0,0,6,0,,,,,,,,,,,,,,,259117,49296448
1300,Joshua King,eng ENG,MF,Fulham,eng Premier League,19.0,2007.0,24,13,1058,11.8,0,1,1,0,0,0,3,0,0.09,21,8,38.1,1.79,0.68,0.0,0.0,0,0,10,9,2,23,3,0,0,11,0,,,,,,,,,,,,,,,1546231,43458538
1301,Tim Kleindienst,de GER,FW,Gladbach,de Bundesliga,30.0,1995.0,2,0,2,0.0,0,0,0,0,0,0,0,0,0.0,0,0,,0.0,0.0,,,0,0,0,0,1,0,0,0,0,0,0,,,,,,,,,,,,,,,228981,
1302,Lukas Klostermann,de GER,DF,MF,RB Leipzig,de Bundesliga,29.0,1996.0,4,0,6,0.1,0,0,0,0,0,0,0,0,0.0,1,0,0.0,15.0,0.0,0.0,,0,0,0,0,0,0,0,0,0,0,0,,,,,,,,,,,,,,319853,
1303,Justin Kluivert,nl NED,MF,Bournemouth,eng Premier League,26.0,1999.0,18,10,919,10.2,2,0,2,2,0,0,4,0,0.2,16,4,25.0,1.57,0.39,0.13,0.5,0,0,40,7,4,9,4,0,0,15,0,,,,,,,,,,,,,,,851596,4c3a6744
1304,Ruben Kluivert,nl NED,DF,Lyon,fr Ligue 1,24.0,2001.0,11,7,642,7.1,1,2,3,1,0,0,2,0,0.42,1,1,100.0,0.14,0.14,1.0,1.0,0,0,1,7,7,3,2,0,0,7,0,,,,,,,,,,,,,,,1014540,a8dccedc
1305,Ansgar Knauff,de GER,MF,FW,Eintracht Frankfurt,de Bundesliga,24.0,2002.0,20,10,1005,11.2,4,1,5,4,0,0,2,0,0.45,26,13,50.0,2.33,1.16,0.15,0.31,0,0,29,8,8,10,2,0,0,20,0,,,,,,,,,,,,,,997012,19a967ab
1306,Joe Knight,eng ENG,MF,Brighton,eng Premier League,20.0,2005.0,1,0,1,0.0,0,0,0,0,0,0,0,0,0.0,0,0,,0.0,0.0,,,0,0,0,0,0,0,0,0,0,0,0,,,,,,,,,,,,,,,1565348,e47d11f8
1307,Gregor Kobel,ch SUI,GK,Dortmund,de Bundesliga,28.0,1997.0,26,26,2340,26.0,0,0,0,0,0,0,2,0,0.0,0,0,,0.0,0.0,,,0,0,0,0,0,5,2,0,0,0,0,26.0,1.0,89.0,66.0,74.2,17.0,7.0,2.0,12.0,46.2,3.0,3.0,0.0,0.0,556866,cd59b9df
1308,Robin Koch,de GER,DF,Eintracht Frankfurt,de Bundesliga,29.0,1996.0,25,25,2203,24.5,3,1,4,3,0,0,3,1,0.16,13,5,38.5,0.53,0.2,0.23,0.6,0,0,2,18,33,8,3,1,1,22,0,,,,,,,,,,,,,,,581302,ea6bc03a
1309,Christian Kofane,cm CMR,FW,MF,Leverkusen,de Bundesliga,19.0,2006.0,23,9,998,11.1,5,3,8,5,0,0,3,0,0.72,36,17,47.2,3.25,1.53,0.14,0.29,0,0,0,6,2,13,3,0,0,26,0,,,,,,,,,,,,,,2029648,dc160de3
1310,Hervé Koffi,bf BFA,GK,Angers,fr Ligue 1,29.0,1996.0,23,23,2070,23.0,0,0,0,0,0,0,1,0,0.0,0,0,,0.0,0.0,,,0,0,0,1,0,9,1,0,0,1,0,26.0,1.13,108.0,85.0,77.8,9.0,5.0,9.0,9.0,39.1,5.0,2.0,2.0,1.0,867299,faf873a7
1311,Enzo Koffi Vinette,fr FRA,DF,Le Havre,fr Ligue 1,20.0,2006.0,10,2,272,3.0,0,0,0,0,0,0,1,0,0.0,3,1,33.3,0.99,0.33,0.0,0.0,0,0,18,9,7,8,1,0,0,7,0,,,,,,,,,,,,,,,,
1312,Derrick Köhn,gh GHA,MF,DF,Union Berlin,de Bundesliga,27.0,1999.0,24,18,1615,17.9,1,1,2,0,1,1,4,1,0.06,21,4,19.0,1.17,0.22,0.0,0.0,1,1,88,19,8,14,4,1,0,27,0,,,,,,,,,,,,,,886737,ba6d9ff6
1313,Philipp Köhn,ch SUI,GK,Monaco,fr Ligue 1,27.0,1998.0,19,17,1621,18.0,0,0,0,0,0,0,1,0,0.0,0,0,,0.0,0.0,,,0,0,0,0,1,3,1,0,0,0,0,27.0,1.5,73.0,48.0,65.8,9.0,4.0,4.0,5.0,29.4,2.0,2.0,0.0,0.0,868964,ff74841d
1314,Dominik Kohr,de GER,DF,Mainz 05,de Bundesliga,32.0,1994.0,21,21,1753,19.5,1,0,1,1,0,0,8,2,0.05,9,2,22.2,0.46,0.1,0.11,0.5,0,0,10,25,34,34,8,2,1,30,0,,,,,,,,,,,,,,,152206,
1315,Koke,es ESP,MF,Atlético Madrid,es La Liga,34.0,1992.0,26,17,1635,18.2,2,2,4,2,0,0,4,0,0.22,10,4,40.0,0.55,0.22,0.2,0.5,0,0,26,22,17,14,4,0,0,16,0,,,,,,,,,,,,,,,84539,55126f3b
1316,Sead Kolašinac,ba BIH,DF,Atalanta,it Serie A,32.0,1993.0,12,9,766,8.5,0,0,0,0,0,0,3,0,0.0,3,0,0.0,0.35,0.0,0.0,,0,0,2,10,5,6,3,0,0,10,0,,,,,,,,,,,,,,,142148,3935e52e
1317,Luca Koleosho,it ITA,MF,Paris FC,fr Ligue 1,21.0,2004.0,8,1,241,2.7,1,0,1,1,0,0,0,0,0.37,7,4,57.1,2.61,1.49,0.14,0.25,0,0,5,7,0,2,0,0,0,6,0,,,,,,,,,,,,,,,1216282,fc076f78
1318,Luca Koleosho,it ITA,MF,Espanyol,es La Liga,21.0,2004.0,3,0,63,0.7,0,0,0,0,0,0,0,0,0.0,1,0,0.0,1.43,0.0,0.0,,0,0,5,1,1,0,0,0,0,3,0,,,,,,,,,,,,,,,1216282,fc076f78
1319,Adam Kölle,de GER,DF,Heidenheim,de Bundesliga,19.0,2006.0,6,0,93,1.0,1,0,1,1,0,0,1,0,0.97,2,1,50.0,1.94,0.97,0.5,1.0,0,0,1,1,1,1,1,0,0,5,0,,,,,,,,,,,,,,,2192753,
1320,Randal Kolo Muani,fr FRA,FW,MF,Tottenham Hotspur,eng Premier League,27.0,1998.0,22,15,1207,13.4,1,1,2,1,0,0,2,0,0.15,14,3,21.4,1.04,0.22,0.07,0.33,0,0,7,14,2,12,2,0,0,32,0,,,,,,,,,,,,,,871706,c0b3669f
1321,Timothée Kolodziejczak,fr FRA,DF,Paris FC,fr Ligue 1,34.0,1991.0,11,7,662,7.4,0,0,0,0,0,0,2,0,0.0,1,1,100.0,0.14,0.14,0.0,0.0,0,0,0,6,7,1,2,0,0,8,0,,,,,,,,,,,,,,,41605,ab096c6f
1322,Mert Kömür,de GER,MF,FW,Augsburg,de Bundesliga,20.0,2005.0,23,15,1316,14.6,2,3,5,2,0,0,1,0,0.34,36,12,33.3,2.46,0.82,0.06,0.17,0,0,55,11,7,17,1,0,0,24,0,,,,,,,,,,,,,,1390682,
1323,Ibrahima Konaté,fr FRA,DF,Liverpool,eng Premier League,26.0,1999.0,28,28,2404,26.7,1,0,1,1,0,0,5,0,0.04,10,3,30.0,0.37,0.11,0.1,0.33,0,0,3,26,21,32,5,0,0,29,0,,,,,,,,,,,,,,,826215,5ed9b537
1324,Samba Konaté,fr FRA,FW,RB Leipzig,de Bundesliga,17.0,2009.0,1,0,4,0.0,0,0,0,0,0,0,0,0,0.0,1,0,0.0,22.5,0.0,0.0,,0,0,0,0,0,0,0,0,0,0,0,,,,,,,,,,,,,,,2269705,
1325,Geoffrey Kondogbia,cf CTA,MF,DF,Marseille,fr Ligue 1,33.0,1993.0,9,8,523,5.8,0,0,0,0,0,0,3,0,0.0,4,1,25.0,0.69,0.17,0.0,0.0,0,0,0,9,10,8,3,0,0,11,0,,,,,,,,,,,,,,96544,cce181df
1326,Ismaël Koné,ca CAN,MF,Sassuolo,it Serie A,23.0,2002.0,26,25,2077,23.1,5,0,5,5,0,0,4,1,0.22,17,9,52.9,0.74,0.39,0.29,0.56,0,0,4,10,7,40,4,1,1,18,0,,,,,,,,,,,,,,,1134351,e0220b70
1327,Manu Koné,fr FRA,MF,Roma,it Serie A,24.0,2001.0,26,26,2300,25.6,2,2,4,2,0,0,2,0,0.16,21,5,23.8,0.82,0.2,0.1,0.4,0,0,1,26,19,48,2,0,0,44,0,,,,,,,,,,,,,,,974087,86574238
1328,Ransford Königsdörffer,gh GHA,FW,MF,Hamburger SV,de Bundesliga,24.0,2001.0,26,22,1751,19.5,4,1,5,4,0,1,1,0,0.26,52,17,32.7,2.67,0.87,0.08,0.24,0,1,17,1,3,24,1,0,0,19,0,,,,,,,,,,,,,,1012235,
1329,Ezri Konsa,eng ENG,DF,Aston Villa,eng Premier League,28.0,1997.0,29,29,2585,28.7,0,0,0,0,0,0,0,1,0.0,9,2,22.2,0.31,0.07,0.0,0.0,0,0,5,7,22,33,0,1,0,11,0,,,,,,,,,,,,,,,827679,0313a347
1330,Teun Koopmeiners,nl NED,DF,MF,Juventus,it Serie A,28.0,1998.0,26,16,1591,17.7,0,0,0,0,0,0,5,0,0.0,26,6,23.1,1.47,0.34,0.0,0.0,0,0,40,11,18,9,5,0,0,26,0,,,,,,,,,,,,,,803033,a26fb8aa
1331,Ville Koski,fi FIN,DF,Alavés,es La Liga,24.0,2002.0,1,0,11,0.1,0,0,0,0,0,0,0,0,0.0,0,0,,0.0,0.0,,,0,0,0,1,0,0,0,0,0,0,0,,,,,,,,,,,,,,,999178,57c151e4
1332,Odilon Kossounou,ci CIV,DF,Atalanta,it Serie A,25.0,2001.0,15,10,888,9.9,1,0,1,1,0,0,1,0,0.1,5,1,20.0,0.51,0.1,0.2,1.0,0,0,2,12,9,3,1,0,0,14,0,,,,,,,,,,,,,,,973437,1f3afdcb
1333,Filip Kostić,rs SRB,MF,Juventus,it Serie A,33.0,1992.0,17,4,467,5.2,3,1,4,3,0,0,0,0,0.77,9,4,44.4,1.73,0.77,0.33,0.75,0,0,49,10,4,5,0,0,0,7,0,,,,,,,,,,,,,,,126588,b1cd37e6
1334,Charalampos Kostoulas,gr GRE,FW,Brighton,eng Premier League,18.0,2007.0,16,2,305,3.4,2,1,3,2,0,0,2,0,0.89,15,6,40.0,4.43,1.77,0.13,0.33,0,0,5,6,1,7,2,0,0,6,0,,,,,,,,,,,,,,,1416535,816010c4
1335,Eddy Kouadio,ci CIV,DF,Fiorentina,it Serie A,19.0,2006.0,3,0,72,0.8,0,0,0,0,0,0,0,0,0.0,0,0,,0.0,0.0,,,0,0,1,3,0,1,0,0,0,1,0,,,,,,,,,,,,,,,1526933,
1336,Christian Kouamé,ci CIV,FW,MF,Fiorentina,it Serie A,28.0,1997.0,2,0,27,0.3,0,0,0,0,0,0,0,0,0.0,0,0,,0.0,0.0,,,0,0,2,1,1,0,0,0,0,0,0,,,,,,,,,,,,,,812946,58e933d2
1337,Koffi Kouao,ci CIV,DF,MF,Metz,fr Ligue 1,27.0,1998.0,22,22,1841,20.5,2,1,3,2,0,0,8,0,0.15,20,8,40.0,0.98,0.39,0.1,0.25,0,0,52,37,19,27,8,0,0,26,1,,,,,,,,,,,,,,867575,32100829
1338,Arsène Kouassi,bf BFA,MF,Lorient,fr Ligue 1,21.0,2004.0,24,23,1993,22.1,2,5,7,2,0,0,3,0,0.32,5,2,40.0,0.23,0.09,0.4,1.0,0,0,96,15,19,42,3,0,0,12,0,,,,,,,,,,,,,,,1855502,9009c32f
1339,Christ-Owen Kouassi,fr FRA,DF,Lecce,it Serie A,22.0,2003.0,4,3,228,2.5,0,0,0,0,0,0,0,0,0.0,0,0,,0.0,0.0,,,0,0,2,6,1,3,0,0,0,1,0,,,,,,,,,,,,,,,1910643,
1340,Konstantinos Koulierakis,gr GRE,DF,Wolfsburg,de Bundesliga,22.0,2003.0,22,20,1853,20.6,2,0,2,2,0,0,4,0,0.1,21,9,42.9,1.02,0.44,0.1,0.22,0,0,11,14,29,8,4,0,0,19,1,,,,,,,,,,,,,,,1184855,cba21b0d
1341,Seny Koumbassa,fr FRA,DF,Toulouse,fr Ligue 1,18.0,2007.0,4,0,83,0.9,0,0,0,0,0,0,0,0,0.0,1,0,0.0,1.08,0.0,0.0,,0,0,0,3,1,0,0,0,0,1,0,,,,,,,,,,,,,,,2077075,
1342,Jules Koundé,fr FRA,DF,Barcelona,es La Liga,27.0,1998.0,25,20,1903,21.1,1,3,4,1,0,0,4,0,0.19,12,3,25.0,0.57,0.14,0.08,0.33,0,0,31,20,27,22,4,0,0,19,0,,,,,,,,,,,,,,,827212,4d1666ff
1343,Lancinet Kourouma,gn GUI,FW,Girona,es La Liga,21.0,2004.0,5,0,43,0.5,0,0,0,0,0,0,0,1,0.0,0,0,,0.0,0.0,,,0,0,0,0,1,1,0,1,0,2,0,,,,,,,,,,,,,,,1860172,
1344,Hamza Koutoune,ma MAR,DF,Nice,fr Ligue 1,19.0,2006.0,1,0,1,0.0,0,0,0,0,0,0,0,0,0.0,0,0,,0.0,0.0,,,0,0,1,0,0,0,0,0,0,0,0,,,,,,,,,,,,,,,1597141,
1345,Mateo Kovačić,hr CRO,MF,Manchester City,eng Premier League,31.0,1994.0,1,0,5,0.1,0,0,0,0,0,0,0,0,0.0,0,0,,0.0,0.0,,,0,0,0,0,0,0,0,0,0,0,0,,,,,,,,,,,,,,,136710,79c0821a
1346,Goduine Koyalipou,cf CTA,FW,Angers,fr Ligue 1,26.0,2000.0,7,6,482,5.4,0,0,0,0,0,0,0,0,0.0,15,5,33.3,2.8,0.93,0.0,0.0,0,0,1,2,1,3,0,0,0,4,0,,,,,,,,,,,,,,,891505,
1347,Goduine Koyalipou,cf CTA,FW,Levante,es La Liga,26.0,2000.0,11,2,247,2.7,1,0,1,1,0,0,1,0,0.36,10,4,40.0,3.64,1.46,0.1,0.25,0,0,1,3,1,1,1,0,0,2,0,,,,,,,,,,,,,,,891505,
1348,Emil Krafth,se SWE,DF,Newcastle United,eng Premier League,31.0,1994.0,1,1,45,0.5,0,0,0,0,0,0,0,0,0.0,0,0,,0.0,0.0,,,0,0,1,0,0,0,0,0,0,1,0,,,,,,,,,,,,,,,150396,77cf6852
1349,Alex Král,cz CZE,MF,Union Berlin,de Bundesliga,27.0,1998.0,16,1,325,3.6,0,0,0,0,0,0,1,0,0.0,5,3,60.0,1.38,0.83,0.0,0.0,0,0,9,4,1,8,1,0,0,4,0,,,,,,,,,,,,,,,825740,e717705a
1350,Andrej Kramarić,hr CRO,MF,FW,Hoffenheim,de Bundesliga,34.0,1991.0,26,20,1665,18.5,10,5,15,7,3,3,1,0,0.65,51,25,49.0,2.76,1.35,0.14,0.28,3,3,68,4,5,10,1,0,0,3,0,,,,,,,,,,,,,,67647,603cb947
1351,Vladyslav Krapyvtsov,ua UKR,GK,Girona,es La Liga,20.0,2005.0,2,1,136,1.5,0,0,0,0,0,0,0,0,0.0,0,0,,0.0,0.0,,,0,0,0,0,0,1,0,0,0,0,0,6.0,3.97,9.0,4.0,44.4,0.0,0.0,1.0,0.0,0.0,1.0,1.0,0.0,0.0,1521733,66daeaf7
1352,Jean-Philippe Krasso,ci CIV,FW,Paris FC,fr Ligue 1,28.0,1997.0,25,12,1092,12.1,2,2,4,1,1,1,0,0,0.25,27,10,37.0,2.23,0.82,0.04,0.1,1,1,4,8,1,19,0,0,0,20,0,,,,,,,,,,,,,,,940328,037f2523
1353,Tom Krauß,de GER,MF,DF,Köln,de Bundesliga,24.0,2001.0,22,16,1547,17.2,0,1,1,0,0,0,4,0,0.06,8,1,12.5,0.47,0.06,0.0,0.0,0,0,13,37,23,20,4,0,0,20,0,,,,,,,,,,,,,,930272,
1354,Ladislav Krejčí,cz CZE,DF,MF,Wolves,eng Premier League,26.0,1999.0,24,23,2037,22.6,2,1,3,2,0,0,5,1,0.13,16,8,50.0,0.71,0.35,0.13,0.25,0,0,11,15,27,7,5,1,1,30,1,,,,,,,,,,,,,,856250,5b5c2228
1355,Ladislav Krejčí,cz CZE,DF,Girona,es La Liga,26.0,1999.0,2,2,180,2.0,0,0,0,0,0,0,1,0,0.0,1,0,0.0,0.5,0.0,0.0,,0,0,0,0,1,0,1,0,0,2,0,,,,,,,,,,,,,,,856250,5b5c2228
1356,Rasmus Kristensen,dk DEN,DF,MF,Eintracht Frankfurt,de Bundesliga,28.0,1997.0,19,18,1421,15.8,2,0,2,2,0,0,4,0,0.13,14,5,35.7,0.89,0.32,0.14,0.4,0,0,31,32,18,10,4,0,0,21,0,,,,,,,,,,,,,,921789,39769cff
1357,Thomas Kristensen,dk DEN,DF,Udinese,it Serie A,24.0,2002.0,19,19,1704,18.9,2,0,2,2,0,0,2,0,0.11,7,4,57.1,0.37,0.21,0.29,0.5,0,0,3,10,18,6,2,0,0,19,0,,,,,,,,,,,,,,,1063373,8b9954dc
1358,Nikola Krstović,me MNE,FW,Atalanta,it Serie A,25.0,2000.0,25,11,1156,12.8,8,4,12,8,0,0,2,0,0.93,71,24,33.8,5.53,1.87,0.11,0.33,0,0,4,6,2,23,2,0,0,24,0,,,,,,,,,,,,,,,839156,473803c9
1359,Lukas Kübler,de GER,DF,Freiburg,de Bundesliga,33.0,1992.0,16,15,1207,13.4,2,1,3,2,0,0,2,0,0.22,18,4,22.2,1.34,0.3,0.11,0.5,0,0,21,21,20,8,2,0,0,15,0,,,,,,,,,,,,,,,142525,
1360,Takefusa Kubo,jp JPN,MF,Real Sociedad,es La Liga,24.0,2001.0,18,13,1179,13.1,2,3,5,2,0,0,0,0,0.38,25,12,48.0,1.91,0.92,0.08,0.17,0,0,31,15,7,38,0,0,0,6,0,,,,,,,,,,,,,,,880218,16aa3654
1361,Mohammed Kudus,gh GHA,MF,FW,Tottenham Hotspur,eng Premier League,25.0,2000.0,19,19,1535,17.1,2,5,7,2,0,0,3,0,0.41,26,9,34.6,1.52,0.53,0.08,0.22,0,0,122,17,3,15,3,0,0,23,0,,,,,,,,,,,,,,905163,b62878a5
1362,Nicolas-Gerrit Kühn,de GER,MF,Como,it Serie A,26.0,2000.0,20,6,631,7.0,1,0,1,1,0,0,0,0,0.14,8,3,37.5,1.14,0.43,0.13,0.33,0,0,13,6,3,2,0,0,0,6,0,,,,,,,,,,,,,,,877835,
1363,Sandro Kulenović,hr CRO,FW,Torino,it Serie A,26.0,1999.0,6,2,175,1.9,0,1,1,0,0,0,2,0,0.51,4,1,25.0,2.06,0.51,0.0,0.0,0,0,0,0,1,2,2,0,0,7,0,,,,,,,,,,,,,,,826026,981e1bee
1364,Sael Kumbedi,fr FRA,DF,Wolfsburg,de Bundesliga,20.0,2005.0,18,15,1343,14.9,0,5,5,0,0,0,2,0,0.34,3,0,0.0,0.2,0.0,0.0,,0,0,28,23,10,15,2,0,0,18,0,,,,,,,,,,,,,,,1155226,c385bf49
1365,Sael Kumbedi,fr FRA,DF,Lyon,fr Ligue 1,20.0,2005.0,1,1,65,0.7,0,0,0,0,0,0,1,0,0.0,1,0,0.0,1.38,0.0,0.0,,0,0,1,0,1,2,1,0,0,4,0,,,,,,,,,,,,,,,1155226,c385bf49
1366,Marash Kumbulla,al ALB,DF,Mallorca,es La Liga,26.0,2000.0,7,5,420,4.7,0,0,0,0,0,0,1,0,0.0,3,0,0.0,0.64,0.0,0.0,,0,0,2,2,2,5,1,0,0,1,0,,,,,,,,,,,,,,,893642,a40819d9
1367,Jonah Kusi-Asare,se SWE,FW,Bayern Munich,de Bundesliga,18.0,2007.0,1,0,5,0.1,0,0,0,0,0,0,0,0,0.0,0,0,,0.0,0.0,,,0,0,0,0,0,0,0,0,0,1,0,,,,,,,,,,,,,,,1503757,e47d11f8
1368,Jonah Kusi-Asare,se SWE,FW,Fulham,eng Premier League,18.0,2007.0,5,0,34,0.4,0,0,0,0,0,0,1,0,0.0,0,0,,0.0,0.0,,,0,0,0,0,0,1,1,0,0,3,0,,,,,,,,,,,,,,,1503757,e47d11f8
1369,Khvicha Kvaratskhelia,ge GEO,FW,Paris Saint-Germain,fr Ligue 1,25.0,2001.0,21,13,1083,12.0,4,3,7,4,0,0,1,0,0.58,47,18,38.3,3.91,1.5,0.09,0.22,0,0,37,8,8,21,1,0,0,16,0,,,,,,,,,,,,,,,889259,dea88efd
1370,Giorgi Kvilitaia,ge GEO,FW,Metz,fr Ligue 1,32.0,1993.0,5,1,120,1.3,0,0,0,0,0,0,0,0,0.0,3,1,33.3,2.25,0.75,0.0,0.0,0,0,0,2,0,2,0,0,0,3,0,,,,,,,,,,,,,,,300412,c758cdaf
1371,Godson Kyeremeh,fr FRA,FW,Le Havre,fr Ligue 1,25.0,2000.0,10,3,344,3.8,0,1,1,0,0,0,0,0,0.26,4,1,25.0,1.05,0.26,0.0,0.0,0,0,15,5,0,17,0,0,0,7,0,,,,,,,,,,,,,,,975300,d7b19b21
1372,Adrián de la Fuente,es ESP,DF,Levante,es La Liga,27.0,1999.0,24,21,1916,21.3,2,1,3,1,1,1,5,0,0.09,25,4,16.0,1.17,0.19,0.04,0.25,1,1,21,14,34,14,5,0,0,20,1,,,,,,,,,,,,,,,997244,5932c94a
1373,Rémy Labeau Lascary,gp GLP,MF,FW,Brest,fr Ligue 1,23.0,2003.0,20,8,793,8.8,4,1,5,4,0,0,2,0,0.57,22,11,50.0,2.5,1.25,0.18,0.36,0,0,10,9,3,10,2,0,0,20,0,,,,,,,,,,,,,,1401005,c90f380c
1374,Shea Lacey,eng ENG,FW,Manchester Utd,eng Premier League,18.0,2007.0,2,0,14,0.2,0,0,0,0,0,0,0,0,0.0,3,1,33.3,19.29,6.43,0.0,0.0,0,0,0,0,0,0,0,0,0,0,0,,,,,,,,,,,,,,,1465865,
1375,Maxence Lacroix,fr FRA,DF,Crystal Palace,eng Premier League,25.0,2000.0,28,28,2485,27.6,1,2,3,1,0,0,3,1,0.11,21,4,19.0,0.76,0.14,0.05,0.25,0,0,5,32,35,16,3,1,0,26,0,,,,,,,,,,,,,,,879674,277c49ed
1376,Yoel Lago,es ESP,DF,Celta Vigo,es La Liga,21.0,2004.0,4,4,333,3.7,0,0,0,0,0,0,2,0,0.0,0,0,,0.0,0.0,,,0,0,0,3,3,3,2,0,0,6,0,,,,,,,,,,,,,,,1145100,
1377,Mayckel Lahdo,se SWE,FW,MF,Nantes,fr Ligue 1,23.0,2002.0,8,5,415,4.6,1,1,2,1,0,0,0,0,0.43,3,1,33.3,0.65,0.22,0.33,1.0,0,0,1,2,0,6,0,0,0,5,0,,,,,,,,,,,,,,1046028,
1378,Konrad Laimer,at AUT,DF,Bayern Munich,de Bundesliga,28.0,1997.0,21,17,1513,16.8,3,4,7,3,0,0,5,0,0.42,15,8,53.3,0.89,0.48,0.2,0.38,0,0,24,17,16,6,5,0,0,21,0,,,,,,,,,,,,,,,355492,c1b7847c
1379,Kenny Lala,mg MAD,DF,Brest,fr Ligue 1,34.0,1991.0,25,25,2227,24.7,0,2,2,0,0,0,3,0,0.08,8,1,12.5,0.32,0.04,0.0,0.0,0,0,80,21,19,20,3,0,0,11,0,,,,,,,,,,,,,,,141080,770d7eb8
1380,Senne Lammens,be BEL,GK,Manchester Utd,eng Premier League,23.0,2002.0,24,24,2160,24.0,0,0,0,0,0,0,0,0,0.0,0,0,,0.0,0.0,,,0,0,0,1,0,2,0,0,0,0,0,30.0,1.25,81.0,54.0,66.7,13.0,8.0,3.0,5.0,20.8,3.0,3.0,0.0,0.0,964753,8e6d2fcd
1381,Tariq Lamptey,gh GHA,MF,Fiorentina,it Serie A,25.0,2000.0,2,1,25,0.3,0,0,0,0,0,0,0,0,0.0,0,0,,0.0,0.0,,,0,0,1,2,0,0,0,0,0,0,0,,,,,,,,,,,,,,,914691,f4e433d4
1382,Noa Lang,nl NED,FW,MF,Napoli,it Serie A,26.0,1999.0,18,7,666,7.4,1,2,3,1,0,0,2,0,0.41,9,4,44.4,1.22,0.54,0.11,0.25,0,0,44,8,2,11,2,0,0,5,0,,,,,,,,,,,,,,875136,8e034340
1383,Aymeric Laporte,es ESP,DF,Athletic Club,es La Liga,31.0,1994.0,17,16,1399,15.5,0,1,1,0,0,0,2,0,0.06,12,4,33.3,0.77,0.26,0.0,0.0,0,0,1,11,19,9,2,0,0,6,0,,,,,,,,,,,,,,,149734,119b9a8e
1384,Hugo Larsson,se SWE,MF,Eintracht Frankfurt,de Bundesliga,21.0,2004.0,19,15,1310,14.6,1,2,3,1,0,0,0,0,0.21,8,4,50.0,0.55,0.27,0.13,0.25,0,0,7,8,18,1,0,0,0,6,0,,,,,,,,,,,,,,,1142211,00c9a283
1385,Jamaal Lascelles,eng ENG,DF,Newcastle United,eng Premier League,32.0,1993.0,2,0,21,0.2,0,0,0,0,0,0,0,0,0.0,1,0,0.0,4.29,0.0,0.0,,0,0,0,0,0,0,0,0,0,0,0,,,,,,,,,,,,,,,153444,450ab6fc
1386,Toni Lato,es ESP,DF,MF,Mallorca,es La Liga,28.0,1997.0,8,5,375,4.2,0,1,1,0,0,0,2,0,0.24,0,0,,0.0,0.0,,,0,0,7,6,4,1,2,0,0,4,0,,,,,,,,,,,,,,828239,8e088e04
1387,Josh Laurent,eng ENG,DF,MF,Burnley,eng Premier League,30.0,1995.0,27,15,1496,16.6,1,0,1,1,0,0,6,0,0.06,13,4,30.8,0.78,0.24,0.08,0.25,0,0,14,20,24,9,6,0,0,23,0,,,,,,,,,,,,,,552036,f0068e0f
1388,Armand Lauriente,fr FRA,FW,Sassuolo,it Serie A,27.0,1998.0,29,25,1910,21.2,5,7,12,5,0,0,3,0,0.57,52,20,38.5,2.45,0.94,0.1,0.25,0,0,90,8,5,30,3,0,0,28,0,,,,,,,,,,,,,,,932643,2d22cea7
1389,Matteo Lavelli,it ITA,FW,Inter,it Serie A,19.0,2006.0,1,0,8,0.1,0,0,0,0,0,0,0,0,0.0,0,0,,0.0,0.0,,,0,0,1,0,0,0,0,0,0,0,0,,,,,,,,,,,,,,,1822931,
1390,Roméo Lavia,be BEL,MF,Chelsea,eng Premier League,22.0,2004.0,7,1,170,1.9,0,0,0,0,0,0,0,0,0.0,0,0,,0.0,0.0,,,0,0,1,2,4,4,0,0,0,5,0,,,,,,,,,,,,,,,1069488,ecad9aa5
1391,Valentino Lazaro,at AUT,MF,Torino,it Serie A,29.0,1996.0,27,23,2043,22.7,0,2,2,0,0,0,4,0,0.09,7,2,28.6,0.31,0.09,0.0,0.0,0,0,117,25,22,9,4,0,0,36,0,,,,,,,,,,,,,,,233826,016ff750
1392,Manuel Lazzari,it ITA,DF,Lazio,it Serie A,32.0,1993.0,16,6,608,6.8,0,0,0,0,0,0,2,0,0.0,1,0,0.0,0.15,0.0,0.0,,0,0,11,4,4,15,2,0,0,6,0,,,,,,,,,,,,,,,273405,02caf6e0
1393,Andréa Le Borgne,fr FRA,MF,Como,it Serie A,19.0,2006.0,1,0,1,0.0,0,0,0,0,0,0,0,0,0.0,0,0,,0.0,0.0,,,0,0,0,0,0,0,0,0,0,0,0,,,,,,,,,,,,,,,2199322,2e42dd6b
1394,Théo Le Bris,fr FRA,MF,Lorient,fr Ligue 1,23.0,2002.0,25,19,1713,19.0,2,2,4,2,0,0,0,0,0.21,16,6,37.5,0.84,0.32,0.13,0.33,0,0,69,28,13,6,0,0,0,7,0,,,,,,,,,,,,,,,1131540,afe39ca8
1395,Julien Le Cardinal,fr FRA,DF,Brest,fr Ligue 1,28.0,1997.0,5,3,328,3.6,1,0,1,1,0,0,1,0,0.27,5,2,40.0,1.37,0.55,0.2,0.5,0,0,0,5,3,4,1,0,0,2,0,,,,,,,,,,,,,,,1129751,f3541f8a
1396,Enzo Le Fée,fr FRA,MF,FW,Sunderland,eng Premier League,26.0,2000.0,28,26,2295,25.5,4,4,8,1,3,4,5,0,0.2,24,6,25.0,0.94,0.24,0.04,0.17,3,4,73,42,23,26,5,0,0,25,0,,,,,,,,,,,,,,984014,6f806d99
1397,Raphael Le Guen,fr FRA,DF,Brest,fr Ligue 1,19.0,2006.0,1,0,5,0.1,0,0,0,0,0,0,0,0,0.0,0,0,,0.0,0.0,,,0,0,0,0,0,0,0,0,0,0,0,,,,,,,,,,,,,,,1894085,
1398,Robin Le Normand,es ESP,DF,Atlético Madrid,es La Liga,29.0,1996.0,20,12,1288,14.3,1,0,1,1,0,0,3,0,0.07,3,1,33.3,0.21,0.07,0.33,1.0,0,0,3,11,10,14,3,0,0,15,0,,,,,,,,,,,,,,,787751,9a64e67e
1399,Nicola Leali,it ITA,GK,Genoa,it Serie A,33.0,1993.0,20,20,1712,19.0,0,0,0,0,0,0,2,1,0.0,0,0,,0.0,0.0,,,0,0,0,0,1,2,2,1,0,2,0,26.0,1.37,79.0,55.0,69.6,4.0,8.0,8.0,4.0,20.0,2.0,2.0,0.0,0.0,98059,5f9970a0
1400,Rafael Leão,pt POR,FW,Milan,it Serie A,26.0,1999.0,22,18,1487,16.5,9,2,11,7,2,2,3,0,0.54,49,23,46.9,2.97,1.39,0.14,0.3,2,2,10,1,4,30,3,0,0,17,0,,,,,,,,,,,,,,,851284,20730eae
1401,Pierre Lees-Melou,fr FRA,MF,Paris FC,fr Ligue 1,32.0,1993.0,16,14,1256,14.0,1,1,2,1,0,0,4,0,0.14,23,6,26.1,1.65,0.43,0.04,0.17,0,0,8,27,10,16,4,0,0,22,0,,,,,,,,,,,,,,,801306,f5044e54
1402,Pierre Lees-Melou,fr FRA,MF,Brest,fr Ligue 1,32.0,1993.0,2,2,180,2.0,0,0,0,0,0,0,0,0,0.0,4,0,0.0,2.0,0.0,0.0,,0,0,5,4,0,5,0,0,0,2,0,,,,,,,,,,,,,,,801306,f5044e54
1403,Jordan Lefort,fr FRA,DF,Angers,fr Ligue 1,32.0,1993.0,26,26,2340,26.0,0,2,2,0,0,0,2,0,0.08,8,2,25.0,0.31,0.08,0.0,0.0,0,0,14,22,36,14,2,0,0,16,0,,,,,,,,,,,,,,,363042,c3e4ecbb
1404,Alexander Legendre,ec ECU,MF,Rennes,fr Ligue 1,17.0,2008.0,6,0,45,0.5,0,0,0,0,0,0,0,0,0.0,1,0,0.0,2.0,0.0,0.0,,0,0,3,0,0,1,0,0,0,1,0,,,,,,,,,,,,,,,,
1405,Diogo Leite,pt POR,DF,Union Berlin,de Bundesliga,27.0,1999.0,16,16,1355,15.1,0,0,0,0,0,0,2,0,0.0,9,1,11.1,0.6,0.07,0.0,0.0,0,0,3,10,24,17,2,0,0,21,1,,,,,,,,,,,,,,,855663,c4987edc
1406,Maxim Leitsch,de GER,DF,Mainz 05,de Bundesliga,27.0,1998.0,3,2,162,1.8,0,0,0,0,0,0,0,0,0.0,1,0,0.0,0.56,0.0,0.0,,0,0,2,1,5,1,0,0,0,2,0,,,,,,,,,,,,,,,842869,
1407,Florian Lejeune,fr FRA,DF,Rayo Vallecano,es La Liga,34.0,1991.0,28,28,2510,27.9,0,1,1,0,0,0,4,0,0.04,39,12,30.8,1.4,0.43,0.0,0.0,0,0,5,34,32,10,4,0,0,42,0,,,,,,,,,,,,,,,88528,6eaed4eb
1408,Youssef Lekhedim,es ESP,DF,MF,Alavés,es La Liga,20.0,2005.0,21,11,1156,12.8,0,1,1,0,0,0,5,0,0.08,10,2,20.0,0.78,0.16,0.0,0.0,0,0,52,8,12,12,5,0,0,21,0,,,,,,,,,,,,,,,
1409,Iñigo Lekue,es ESP,DF,Athletic Club,es La Liga,32.0,1993.0,8,6,434,4.8,0,0,0,0,0,0,2,2,0.0,3,1,33.3,0.62,0.21,0.0,0.0,0,0,12,8,3,0,2,2,0,9,0,,,,,,,,,,,,,,,801837,59b7d823
1410,Thomas Lemar,fr FRA,MF,Girona,es La Liga,30.0,1995.0,18,11,975,10.8,2,1,3,2,0,0,2,0,0.28,15,7,46.7,1.38,0.65,0.13,0.29,0,0,40,9,3,17,2,0,0,16,0,,,,,,,,,,,,,,,191182,
1411,Félix Lemaréchal,fr FRA,MF,FW,Strasbourg,fr Ligue 1,22.0,2003.0,11,7,555,6.2,0,2,2,0,0,0,1,0,0.32,10,2,20.0,1.62,0.32,0.0,0.0,0,0,15,6,3,6,1,0,0,9,0,,,,,,,,,,,,,,1130942,8ca9415f
1412,Tim Lemperle,de GER,FW,Hoffenheim,de Bundesliga,24.0,2002.0,21,16,1341,14.9,7,2,9,6,1,1,1,0,0.54,37,16,43.2,2.48,1.07,0.16,0.38,1,1,18,12,5,12,1,0,0,41,0,,,,,,,,,,,,,,,1014290,
1413,Ruben Lendinez,es ESP,DF,Valencia,es La Liga,23.0,2003.0,1,0,4,0.0,0,0,0,0,0,0,0,0,0.0,0,0,,0.0,0.0,,,0,0,0,1,0,0,0,0,0,1,0,,,,,,,,,,,,,,,,75b08b25
1414,Clément Lenglet,fr FRA,DF,Atlético Madrid,es La Liga,30.0,1995.0,12,12,927,10.3,0,0,0,0,0,0,4,1,0.0,3,0,0.0,0.29,0.0,0.0,,0,0,2,5,12,4,4,1,1,16,0,,,,,,,,,,,,,,,580550,4f28a6ff
1415,Bernd Leno,de GER,GK,Fulham,eng Premier League,34.0,1992.0,30,30,2700,30.0,0,0,0,0,0,0,3,0,0.0,0,0,,0.0,0.0,,,0,0,0,1,1,4,3,0,0,0,1,43.0,1.43,113.0,73.0,64.6,12.0,5.0,13.0,6.0,20.0,4.0,3.0,0.0,1.0,103335,2628fd2b
1416,Donovan Léon,gf GUF,GK,Auxerre,fr Ligue 1,33.0,1992.0,24,24,2114,23.5,0,0,0,0,0,0,0,1,0.0,0,0,,0.0,0.0,,,0,0,0,2,0,6,0,1,0,1,0,32.0,1.36,112.0,82.0,72.3,4.0,7.0,13.0,6.0,25.0,2.0,1.0,1.0,0.0,159837,51c83a90
1417,Esteban Lepaul,fr FRA,FW,Angers,fr Ligue 1,25.0,2000.0,2,2,174,1.9,1,0,1,1,0,0,0,0,0.52,3,1,33.3,1.55,0.52,0.33,1.0,0,0,0,0,0,1,0,0,0,2,0,,,,,,,,,,,,,,,966621,85ce1949
1418,Esteban Lepaul,fr FRA,FW,Rennes,fr Ligue 1,25.0,2000.0,24,23,1799,20.0,13,3,16,13,0,1,2,0,0.8,57,25,43.9,2.85,1.25,0.23,0.52,0,1,9,5,2,10,2,0,0,20,0,,,,,,,,,,,,,,,966621,85ce1949
1419,Johann Lepenant,fr FRA,MF,Nantes,fr Ligue 1,23.0,2002.0,19,15,1471,16.3,0,1,1,0,0,0,2,0,0.06,14,2,14.3,0.86,0.12,0.0,0.0,0,0,48,39,14,34,2,0,0,21,0,,,,,,,,,,,,,,,963299,1e52971c
1420,Mehdi Léris,dz ALG,MF,Pisa,it Serie A,27.0,1998.0,26,13,1306,14.5,1,3,4,1,0,0,2,0,0.28,21,6,28.6,1.45,0.41,0.05,0.17,0,0,74,20,13,18,2,0,0,19,0,,,,,,,,,,,,,,,851222,7d3cbc67
1421,Jefferson Lerma,co COL,MF,DF,Crystal Palace,eng Premier League,31.0,1994.0,24,13,1255,13.9,0,2,2,0,0,0,6,0,0.14,14,6,42.9,1.0,0.43,0.0,0.0,0,0,9,14,16,14,6,0,0,19,1,,,,,,,,,,,,,,355796,9b5ce51a
1422,Louis Leroux,fr FRA,MF,DF,Nantes,fr Ligue 1,20.0,2006.0,17,14,1224,13.6,1,1,2,1,0,0,1,0,0.15,10,3,30.0,0.74,0.22,0.1,0.33,0,0,23,17,4,12,1,0,0,11,0,,,,,,,,,,,,,,1405998,
1423,Robert Lewandowski,pl POL,FW,Barcelona,es La Liga,37.0,1988.0,23,11,1149,12.8,11,1,12,10,1,3,2,0,0.86,54,25,46.3,4.23,1.96,0.19,0.4,1,3,0,3,2,15,2,0,0,10,0,,,,,,,,,,,,,,,41789,8d78e732
1424,Jamie Leweling,de GER,MF,Stuttgart,de Bundesliga,25.0,2001.0,25,20,1842,20.5,7,6,13,7,0,0,4,0,0.64,40,17,42.5,1.95,0.83,0.18,0.41,0,0,96,9,12,33,4,0,0,14,0,,,,,,,,,,,,,,,990201,13fe7b69
1425,Rico Lewis,eng ENG,DF,Manchester City,eng Premier League,21.0,2004.0,10,3,317,3.5,0,1,1,0,0,0,1,0,0.28,2,0,0.0,0.57,0.0,0.0,,0,0,2,4,7,7,1,0,0,4,0,,,,,,,,,,,,,,,1136731,b57e066e
1426,Keane Lewis-Potter,eng ENG,MF,DF,Brentford,eng Premier League,25.0,2001.0,28,14,1255,13.9,3,2,5,3,0,0,1,0,0.36,20,7,35.0,1.43,0.5,0.15,0.43,0,0,38,9,6,24,1,0,0,11,0,,,,,,,,,,,,,,972421,41f08ac8
1427,Myles Lewis-Skelly,eng ENG,DF,Arsenal,eng Premier League,19.0,2006.0,14,1,321,3.6,0,0,0,0,0,0,3,0,0.0,1,0,0.0,0.28,0.0,0.0,,0,0,0,3,2,6,3,0,0,6,0,,,,,,,,,,,,,,,1423711,
1428,Philipp Lienhart,at AUT,DF,Freiburg,de Bundesliga,29.0,1996.0,12,11,896,10.0,0,0,0,0,0,0,4,1,0.0,5,1,20.0,0.5,0.1,0.0,0.0,0,0,12,8,9,5,4,1,1,6,0,,,,,,,,,,,,,,,576266,302527b2
1429,Matthijs de Ligt,nl NED,DF,Manchester Utd,eng Premier League,26.0,1999.0,13,13,1170,13.0,1,0,1,1,0,0,0,0,0.08,11,3,27.3,0.85,0.23,0.09,0.33,0,0,4,13,11,5,0,0,0,6,0,,,,,,,,,,,,,,,803031,d6e53a3a
1430,Pedro Lima,br BRA,DF,Wolves,eng Premier League,19.0,2006.0,3,0,4,0.0,0,0,0,0,0,0,0,0,0.0,0,0,,0.0,0.0,,,0,0,1,0,0,0,0,0,0,0,0,,,,,,,,,,,,,,,1597270,c4daf4d4
1431,Victor Lindelöf,se SWE,DF,Aston Villa,eng Premier League,31.0,1994.0,12,6,578,6.4,0,1,1,0,0,0,0,0,0.16,1,0,0.0,0.16,0.0,0.0,,0,0,0,1,4,0,0,0,0,1,0,,,,,,,,,,,,,,,143334,f5deef4c
1432,Jesper Lindstrøm,dk DEN,MF,Wolfsburg,de Bundesliga,26.0,2000.0,9,2,245,2.7,0,0,0,0,0,0,2,0,0.0,6,4,66.7,2.2,1.47,0.0,0.0,0,0,4,4,0,2,2,0,0,5,0,,,,,,,,,,,,,,,947929,37dc1a48
1433,Luca Lipani,it ITA,MF,Sassuolo,it Serie A,20.0,2005.0,15,8,722,8.0,0,0,0,0,0,0,1,0,0.0,10,2,20.0,1.25,0.25,0.0,0.0,0,0,4,14,8,4,1,0,0,23,0,,,,,,,,,,,,,,,1154898,
1434,Pol Lirola,es ESP,MF,Hellas Verona,it Serie A,28.0,1997.0,4,3,231,2.6,0,0,0,0,0,0,1,0,0.0,0,0,,0.0,0.0,,,0,0,9,3,1,0,1,0,0,3,0,,,,,,,,,,,,,,,844480,ff800ed8
1435,Pol Lirola,es ESP,DF,MF,Marseille,fr Ligue 1,28.0,1997.0,3,0,34,0.4,0,0,0,0,0,0,0,0,0.0,0,0,,0.0,0.0,,,0,0,2,0,1,2,0,0,0,1,0,,,,,,,,,,,,,,844480,ff800ed8
1436,Adrián Liso,es ESP,FW,MF,Getafe,es La Liga,20.0,2005.0,23,17,1423,15.8,3,0,3,3,0,0,5,1,0.19,23,9,39.1,1.45,0.57,0.13,0.33,0,0,39,15,3,35,5,1,1,34,0,,,,,,,,,,,,,,1515554,6b372623
1437,Joseph Liteta,zm ZAM,MF,Cagliari,it Serie A,20.0,2006.0,4,4,264,2.9,0,0,0,0,0,0,0,0,0.0,0,0,,0.0,0.0,,,0,0,0,2,8,0,0,0,0,4,0,,,,,,,,,,,,,,,1910527,e47d11f8
1438,Valentino Livramento,eng ENG,DF,Newcastle United,eng Premier League,23.0,2002.0,14,12,1139,12.7,0,1,1,0,0,0,1,0,0.08,2,0,0.0,0.16,0.0,0.0,,0,0,27,13,2,11,1,0,0,7,0,,,,,,,,,,,,,,,980634,afed6722
1439,Marin Ljubicic,hr CRO,FW,Union Berlin,de Bundesliga,24.0,2002.0,2,0,22,0.2,2,0,2,2,0,0,0,0,8.18,2,2,100.0,8.18,8.18,1.0,1.0,0,0,0,0,0,0,0,0,0,2,0,,,,,,,,,,,,,,,1090010,0b380363
1440,Javier Llabrés,es ESP,MF,Mallorca,es La Liga,23.0,2002.0,14,1,168,1.9,0,0,0,0,0,0,0,0,0.0,4,1,25.0,2.14,0.54,0.0,0.0,0,0,9,2,0,3,0,0,0,3,0,,,,,,,,,,,,,,,1162309,
1441,Diego Llorente,es ESP,DF,Real Betis,es La Liga,32.0,1993.0,10,7,540,6.0,1,0,1,1,0,0,3,0,0.17,2,1,50.0,0.33,0.17,0.5,1.0,0,0,0,6,11,9,3,0,0,7,0,,,,,,,,,,,,,,,305278,bba30585
1442,Marcos Llorente,es ESP,DF,MF,Atlético Madrid,es La Liga,31.0,1995.0,24,20,1771,19.7,0,4,4,0,0,0,4,0,0.2,15,5,33.3,0.76,0.25,0.0,0.0,0,0,35,28,10,10,4,0,0,22,0,,,,,,,,,,,,,,353138,02c15616
1443,Gautier Lloris,fr FRA,DF,Le Havre,fr Ligue 1,30.0,1995.0,22,21,1768,19.6,1,1,2,1,0,0,1,1,0.1,9,3,33.3,0.46,0.15,0.11,0.33,0,0,0,20,36,12,1,1,0,22,1,,,,,,,,,,,,,,,287887,ac89503b
1444,Giovani Lo Celso,ar ARG,MF,Real Betis,es La Liga,29.0,1996.0,17,11,1094,12.2,2,2,4,2,0,0,3,0,0.33,27,10,37.0,2.22,0.82,0.07,0.2,0,0,48,10,5,38,3,0,0,7,0,,,,,,,,,,,,,,,798835,d7553721
1445,Danny Loader,cm CMR,FW,MF,Auxerre,fr Ligue 1,25.0,2000.0,22,21,1893,21.0,2,2,4,2,0,0,6,0,0.19,54,15,27.8,2.57,0.71,0.04,0.13,0,0,22,14,7,44,6,0,0,43,0,,,,,,,,,,,,,,,e9fda01d
1446,Stanislav Lobotka,sk SVK,MF,Napoli,it Serie A,31.0,1994.0,23,20,1791,19.9,1,1,2,1,0,0,1,0,0.1,7,4,57.1,0.35,0.2,0.14,0.25,0,0,3,12,9,35,1,0,0,9,0,,,,,,,,,,,,,,,150383,e1cbb531
1447,Manuel Locatelli,it ITA,MF,Juventus,it Serie A,28.0,1998.0,27,27,2184,24.3,1,2,3,1,0,0,5,0,0.12,31,9,29.0,1.28,0.37,0.03,0.11,0,0,10,48,30,35,5,0,0,39,0,,,,,,,,,,,,,,,363860,a8a874f1
1448,Bradley Locko,fr FRA,DF,Brest,fr Ligue 1,23.0,2002.0,18,13,1172,13.0,0,1,1,0,0,0,0,0,0.08,2,1,50.0,0.15,0.08,0.0,0.0,0,0,30,26,9,17,0,0,0,11,0,,,,,,,,,,,,,,,1129382,6bf7cabe
1449,Ruben Loftus-Cheek,eng ENG,MF,FW,Milan,it Serie A,30.0,1996.0,23,11,1027,11.4,3,1,4,3,0,0,1,0,0.35,29,6,20.7,2.54,0.53,0.1,0.5,0,0,9,6,4,17,1,0,0,21,0,,,,,,,,,,,,,,284441,e97fd090
1450,Sean Longstaff,eng ENG,MF,Leeds United,eng Premier League,28.0,1997.0,17,10,947,10.5,1,2,3,1,0,0,2,0,0.29,13,2,15.4,1.24,0.19,0.08,0.5,0,0,50,23,10,17,2,0,0,10,0,,,,,,,,,,,,,,,866191,a2b105e0
1451,Ademola Lookman,ng NGA,FW,MF,Atalanta,it Serie A,28.0,1997.0,12,9,795,8.8,2,0,2,2,0,0,0,0,0.23,27,8,29.6,3.06,0.91,0.07,0.25,0,0,21,3,3,8,0,0,0,10,0,,,,,,,,,,,,,,824200,7c104bb7
1452,Ademola Lookman,ng NGA,FW,Atlético Madrid,es La Liga,28.0,1997.0,6,4,279,3.1,1,0,1,1,0,0,1,0,0.32,11,2,18.2,3.55,0.65,0.09,0.5,0,0,6,1,1,3,1,0,0,3,0,,,,,,,,,,,,,,,824200,7c104bb7
1453,Anthony Lopes,pt POR,GK,Nantes,fr Ligue 1,35.0,1990.0,24,24,2158,24.0,0,0,0,0,0,0,3,0,0.0,1,0,0.0,0.04,0.0,0.0,,0,0,0,1,1,13,3,0,0,0,0,40.0,1.67,112.0,75.0,67.0,4.0,4.0,16.0,4.0,16.7,3.0,3.0,0.0,0.0,48535,
1454,David López,es ESP,DF,Mallorca,es La Liga,23.0,2003.0,6,5,459,5.1,0,0,0,0,0,0,1,0,0.0,3,0,0.0,0.59,0.0,0.0,,0,0,0,2,6,3,1,0,0,5,1,,,,,,,,,,,,,,,1513896,a698164e
1455,David López,es ESP,DF,Girona,es La Liga,36.0,1989.0,4,2,203,2.3,0,0,0,0,0,0,0,0,0.0,1,1,100.0,0.44,0.44,0.0,0.0,0,0,0,1,0,0,0,0,0,1,0,,,,,,,,,,,,,,,1513896,a698164e
1456,Diego López,es ESP,MF,FW,Valencia,es La Liga,23.0,2002.0,25,15,1320,14.7,3,0,3,3,0,0,2,0,0.2,21,5,23.8,1.43,0.34,0.14,0.6,0,0,27,10,11,30,2,0,0,14,0,,,,,,,,,,,,,,998950,73683fa9
1457,Fer López,es ESP,MF,Wolves,eng Premier League,21.0,2004.0,9,2,235,2.6,0,1,1,0,0,0,1,0,0.38,5,1,20.0,1.91,0.38,0.0,0.0,0,0,4,1,0,4,1,0,0,6,0,,,,,,,,,,,,,,,1526628,c0537fd4
1458,Fer López,es ESP,MF,FW,Celta Vigo,es La Liga,21.0,2004.0,7,6,471,5.2,0,0,0,0,0,0,0,0,0.0,2,0,0.0,0.38,0.0,0.0,,0,0,8,0,2,10,0,0,0,11,0,,,,,,,,,,,,,,1526628,c0537fd4
1459,Fermin López,es ESP,MF,Barcelona,es La Liga,22.0,2003.0,22,12,1261,14.0,5,8,13,5,0,0,2,0,0.93,48,17,35.4,3.43,1.21,0.1,0.29,0,0,27,13,6,15,2,0,0,17,0,,,,,,,,,,,,,,,1153270,c1fe5f0b
1460,Hugo López,es ESP,MF,Villarreal,es La Liga,19.0,2007.0,2,1,56,0.6,0,0,0,0,0,0,0,0,0.0,0,0,,0.0,0.0,,,0,0,2,1,1,0,0,0,0,2,0,,,,,,,,,,,,,,,1966890,8448871e
1461,Javi López,es ESP,DF,Oviedo,es La Liga,23.0,2002.0,16,13,1112,12.4,0,0,0,0,0,0,2,0,0.0,4,0,0.0,0.32,0.0,0.0,,0,0,36,17,12,23,2,0,0,28,0,,,,,,,,,,,,,,,945404,ffad706e
1462,Julien López,dz ALG,FW,MF,Paris FC,fr Ligue 1,34.0,1992.0,5,0,45,0.5,0,0,0,0,0,0,0,0,0.0,0,0,,0.0,0.0,,,0,0,1,0,1,0,0,0,0,0,0,,,,,,,,,,,,,,826492,bb288dae
1463,Maxime Lopez,fr FRA,MF,Paris FC,fr Ligue 1,28.0,1997.0,20,19,1686,18.7,0,3,3,0,0,0,9,0,0.16,8,5,62.5,0.43,0.27,0.0,0.0,0,0,71,14,8,8,9,0,0,27,0,,,,,,,,,,,,,,,352802,20094685
1464,Pau López,es ESP,GK,Real Betis,es La Liga,31.0,1994.0,8,8,720,8.0,0,0,0,0,0,0,1,0,0.0,0,0,,0.0,0.0,,,0,0,0,0,0,2,1,0,0,0,0,9.0,1.13,33.0,25.0,72.7,4.0,2.0,2.0,2.0,25.0,1.0,0.0,1.0,0.0,548848,20b9f052
1465,Unai López,es ESP,MF,Rayo Vallecano,es La Liga,30.0,1995.0,20,15,1179,13.1,0,3,3,0,0,0,7,1,0.23,16,3,18.8,1.22,0.23,0.0,0.0,0,0,40,12,14,10,7,1,1,26,0,,,,,,,,,,,,,,,588566,88050721
1466,Dachi Lordkipanidze,ge GEO,MF,Cremonese,it Serie A,21.0,2005.0,1,0,29,0.3,0,0,0,0,0,0,0,0,0.0,0,0,,0.0,0.0,,,0,0,0,0,0,0,0,0,0,0,0,,,,,,,,,,,,,,,1153193,
1467,Lorran,br BRA,FW,Pisa,it Serie A,19.0,2006.0,8,0,111,1.2,1,0,1,1,0,0,0,0,0.81,3,1,33.3,2.43,0.81,0.33,1.0,0,0,5,3,3,2,0,0,0,0,0,,,,,,,,,,,,,,,1459764,
1468,Iker Losada,es ESP,MF,Levante,es La Liga,24.0,2001.0,16,7,583,6.5,2,1,3,2,0,0,1,0,0.46,11,3,27.3,1.7,0.46,0.18,0.67,0,0,15,7,7,4,1,0,0,5,0,,,,,,,,,,,,,,,992331,41521385
1469,Tom Louchet,fr FRA,MF,Nice,fr Ligue 1,22.0,2003.0,21,12,1133,12.6,3,2,5,3,0,0,1,1,0.4,20,6,30.0,1.59,0.48,0.15,0.5,0,0,39,12,9,11,1,1,0,14,0,,,,,,,,,,,,,,,1127313,
1470,Marius Louer,fr FRA,MF,Angers,fr Ligue 1,19.0,2007.0,3,0,23,0.3,0,0,0,0,0,0,0,0,0.0,0,0,,0.0,0.0,,,0,0,2,0,0,1,0,0,0,0,0,,,,,,,,,,,,,,,1862843,
1471,Sandi Lovrić,si SVN,MF,Udinese,it Serie A,27.0,1998.0,6,1,161,1.8,0,1,1,0,0,0,1,0,0.56,3,1,33.3,1.68,0.56,0.0,0.0,0,0,16,4,4,1,1,0,0,4,0,,,,,,,,,,,,,,,575852,966eea58
1472,Sandi Lovrić,si SVN,MF,Hellas Verona,it Serie A,27.0,1998.0,1,1,84,0.9,0,0,0,0,0,0,0,0,0.0,1,0,0.0,1.07,0.0,0.0,,0,0,8,2,0,1,0,0,0,1,0,,,,,,,,,,,,,,,575852,966eea58
1473,Felipe Loyola,cl CHI,MF,Pisa,it Serie A,25.0,2000.0,5,3,284,3.2,1,0,1,1,0,0,0,0,0.32,3,1,33.3,0.95,0.32,0.33,1.0,0,0,3,3,6,2,0,0,0,5,0,,,,,,,,,,,,,,,1125917,
1474,Pol Lozano,es ESP,MF,Espanyol,es La Liga,26.0,1999.0,26,23,1788,19.9,1,1,2,1,0,0,7,0,0.1,15,4,26.7,0.76,0.2,0.07,0.25,0,0,25,16,20,23,7,0,0,51,0,,,,,,,,,,,,,,,826010,ea610f00
1475,Sergio Lozano,es ESP,MF,Levante,es La Liga,26.0,1999.0,1,0,12,0.1,0,0,0,0,0,0,0,0,0.0,0,0,,0.0,0.0,,,0,0,0,1,0,0,0,0,0,0,0,,,,,,,,,,,,,,,914749,
1476,Lucas,br BRA,MF,DF,Burnley,eng Premier League,24.0,2001.0,15,12,1104,12.3,0,0,0,0,0,0,0,1,0.0,11,1,9.1,0.9,0.08,0.0,0.0,0,0,47,19,13,3,0,1,0,11,0,,,,,,,,,,,,,,818473,379bd138
1477,Lorenzo Lucca,it ITA,FW,Napoli,it Serie A,25.0,2000.0,16,4,408,4.5,1,0,1,1,0,0,1,0,0.22,15,5,33.3,3.31,1.1,0.07,0.2,0,0,0,0,0,12,1,0,0,17,0,,,,,,,,,,,,,,,962364,
1478,Lorenzo Lucca,it ITA,FW,Nottingham Forest,eng Premier League,25.0,2000.0,3,1,121,1.3,1,0,1,1,0,0,0,0,0.74,3,1,33.3,2.23,0.74,0.33,1.0,0,0,0,0,1,2,0,0,0,1,0,,,,,,,,,,,,,,,962364,
1479,Jhon Lucumí,co COL,DF,Bologna,it Serie A,27.0,1998.0,21,19,1641,18.2,1,0,1,1,0,0,4,0,0.05,7,2,28.6,0.38,0.11,0.14,0.5,0,0,1,16,27,15,4,0,0,13,0,,,,,,,,,,,,,,,818481,80490d7f
1480,Oier Luengo,es ESP,DF,Oviedo,es La Liga,28.0,1997.0,3,3,225,2.5,0,1,1,0,0,0,1,0,0.4,1,0,0.0,0.4,0.0,0.0,,0,0,0,5,2,1,1,0,0,2,0,,,,,,,,,,,,,,,857229,
1481,Florentino Luís,pt POR,MF,Burnley,eng Premier League,26.0,1999.0,24,20,1654,18.4,0,2,2,0,0,0,4,0,0.11,9,1,11.1,0.49,0.05,0.0,0.0,0,0,9,40,29,7,4,0,0,31,0,,,,,,,,,,,,,,,855845,881cd6be
1482,José Luis Gayà,es ESP,DF,Valencia,es La Liga,30.0,1995.0,24,23,1868,20.8,1,1,2,1,0,0,6,1,0.1,9,2,22.2,0.43,0.1,0.11,0.5,0,0,70,30,15,13,6,1,0,20,0,,,,,,,,,,,,,,,227922,b05e2dbd
1483,José Luis Morales,es ESP,MF,Levante,es La Liga,38.0,1987.0,19,1,338,3.8,1,1,2,0,1,1,1,0,0.27,9,4,44.4,2.4,1.07,0.0,0.0,1,1,9,4,3,4,1,0,0,3,0,,,,,,,,,,,,,,,344129,cd6ed361
1484,Douglas Luiz,br BRA,MF,Aston Villa,eng Premier League,27.0,1998.0,7,6,465,5.2,1,0,1,1,0,0,0,0,0.19,5,3,60.0,0.97,0.58,0.2,0.33,0,0,27,9,4,7,0,0,0,8,0,,,,,,,,,,,,,,,867887,6f7d826d
1485,Douglas Luiz,br BRA,MF,Nottingham Forest,eng Premier League,27.0,1998.0,8,5,315,3.5,0,0,0,0,0,0,2,0,0.0,5,1,20.0,1.43,0.29,0.0,0.0,0,0,15,3,7,5,2,0,0,4,0,,,,,,,,,,,,,,,867887,6f7d826d
1486,Romelu Lukaku,be BEL,FW,Napoli,it Serie A,32.0,1993.0,5,0,44,0.5,1,0,1,1,0,0,1,0,2.05,2,1,50.0,4.09,2.05,0.5,1.0,0,0,0,0,0,0,1,0,0,2,0,,,,,,,,,,,,,,,78893,5eae500a
1487,Castello Lukeba,fr FRA,DF,RB Leipzig,de Bundesliga,23.0,2002.0,21,20,1806,20.1,1,0,1,1,0,0,2,0,0.05,8,2,25.0,0.4,0.1,0.13,0.5,0,0,3,10,29,8,2,0,0,10,0,,,,,,,,,,,,,,,976421,5b9512c5
1488,Dodi Lukebakio,be BEL,MF,Sevilla,es La Liga,28.0,1997.0,2,2,180,2.0,1,0,1,1,0,0,0,0,0.5,2,1,50.0,1.0,0.5,0.5,1.0,0,0,10,0,1,3,0,0,0,3,0,,,,,,,,,,,,,,,823631,0c61c77c
1489,Saša Lukić,rs SRB,MF,Fulham,eng Premier League,29.0,1996.0,20,15,1239,13.8,1,2,3,1,0,0,6,0,0.22,13,3,23.1,0.94,0.22,0.08,0.33,0,0,47,21,9,20,6,0,0,38,0,,,,,,,,,,,,,,,371222,c6e8cf1f
1490,Kristoffer Lund,us USA,DF,MF,Köln,de Bundesliga,23.0,2002.0,25,19,1702,18.9,0,1,1,0,0,0,2,0,0.05,18,3,16.7,0.95,0.16,0.0,0.0,0,0,71,21,25,31,2,0,0,10,0,,,,,,,,,,,,,,963043,9e3e5d05
1491,Sebastiano Luperto,it ITA,DF,Cremonese,it Serie A,29.0,1996.0,6,6,540,6.0,0,1,1,0,0,0,1,0,0.17,2,1,50.0,0.33,0.17,0.0,0.0,0,0,8,3,3,8,1,0,0,5,0,,,,,,,,,,,,,,,352736,997fff07
1492,Sebastiano Luperto,it ITA,DF,Cagliari,it Serie A,29.0,1996.0,19,19,1706,19.0,1,0,1,1,0,0,3,0,0.05,7,3,42.9,0.37,0.16,0.14,0.33,0,0,1,12,19,17,3,0,0,23,0,,,,,,,,,,,,,,,352736,997fff07
1493,Mateus Lusuardi,br BRA,DF,Pisa,it Serie A,22.0,2004.0,3,3,198,2.2,0,0,0,0,0,0,1,0,0.0,4,0,0.0,1.82,0.0,0.0,,0,0,1,2,0,0,1,0,0,4,0,,,,,,,,,,,,,,,1525361,
1494,Zito Luvumbo,ao ANG,FW,MF,Mallorca,es La Liga,24.0,2002.0,3,0,75,0.8,0,0,0,0,0,0,1,0,0.0,2,2,100.0,2.4,2.4,0.0,0.0,0,0,3,0,0,5,1,0,0,0,0,,,,,,,,,,,,,,1000150,dc620005
1495,Zito Luvumbo,ao ANG,MF,FW,Cagliari,it Serie A,24.0,2002.0,12,2,329,3.7,0,0,0,0,0,0,0,0,0.0,12,6,50.0,3.28,1.64,0.0,0.0,0,0,7,1,1,18,0,0,0,4,0,,,,,,,,,,,,,,1000150,dc620005
1496,Babis Lykogiannis,gr GRE,DF,Bologna,it Serie A,32.0,1993.0,10,7,627,7.0,0,1,1,0,0,0,3,0,0.14,7,2,28.6,1.0,0.29,0.0,0.0,0,0,45,10,6,1,3,0,0,8,0,,,,,,,,,,,,,,,98212,
1497,Senne Lynen,be BEL,MF,Werder Bremen,de Bundesliga,27.0,1999.0,24,24,2122,23.6,0,0,0,0,0,0,4,0,0.0,17,2,11.8,0.72,0.08,0.0,0.0,0,0,12,19,50,9,4,0,0,31,0,,,,,,,,,,,,,,,826171,0ed60738
1498,Mathias Løvik,no NOR,MF,Parma,it Serie A,22.0,2003.0,9,5,471,5.2,0,0,0,0,0,0,0,0,0.0,3,0,0.0,0.57,0.0,0.0,,0,0,15,8,7,2,0,0,0,3,0,,,,,,,,,,,,,,,1133715,
1499,Ian Maatsen,nl NED,DF,Aston Villa,eng Premier League,24.0,2002.0,24,13,1264,14.0,0,0,0,0,0,0,2,0,0.0,17,4,23.5,1.21,0.28,0.0,0.0,0,0,46,27,13,15,2,0,0,11,0,,,,,,,,,,,,,,,976263,cab9634e
1500,Alexis Mac Allister,ar ARG,MF,Liverpool,eng Premier League,27.0,1998.0,29,25,2089,23.2,2,2,4,2,0,0,4,0,0.17,41,10,24.4,1.77,0.43,0.05,0.2,0,0,19,22,14,26,4,0,0,22,0,,,,,,,,,,,,,,,895324,83d074ff
1501,Deiver Machado,co COL,MF,DF,Nantes,fr Ligue 1,32.0,1993.0,8,7,477,5.3,0,1,1,0,0,0,1,0,0.19,2,0,0.0,0.38,0.0,0.0,,0,0,10,6,5,11,1,0,0,14,0,,,,,,,,,,,,,,822110,b3f8bdef
1502,Deiver Machado,co COL,MF,Lens,fr Ligue 1,32.0,1993.0,5,4,273,3.0,0,0,0,0,0,0,1,0,0.0,6,1,16.7,1.98,0.33,0.0,0.0,0,0,4,1,3,8,1,0,0,4,0,,,,,,,,,,,,,,,822110,b3f8bdef
1503,Koki Machida,jp JPN,DF,Hoffenheim,de Bundesliga,28.0,1997.0,1,1,44,0.5,0,0,0,0,0,0,1,0,0.0,0,0,,0.0,0.0,,,0,0,0,0,1,0,1,0,0,2,0,,,,,,,,,,,,,,,790977,958ede06
1504,Lanroy Machine,fr FRA,MF,Angers,fr Ligue 1,20.0,2005.0,14,0,231,2.6,0,0,0,0,0,0,0,0,0.0,9,2,22.2,3.51,0.78,0.0,0.0,0,0,3,3,0,2,0,0,0,5,0,,,,,,,,,,,,,,,2142283,
1505,Shuto Machino,jp JPN,FW,MF,Gladbach,de Bundesliga,26.0,1999.0,25,7,877,9.7,3,0,3,3,0,0,1,0,0.31,22,11,50.0,2.26,1.13,0.14,0.27,0,0,9,4,2,7,1,0,0,7,0,,,,,,,,,,,,,,925910,964dde35
1506,Carlos Macià,es ESP,MF,Villarreal,es La Liga,17.0,2008.0,4,0,81,0.9,0,0,0,0,0,0,1,0,0.0,1,0,0.0,1.11,0.0,0.0,,0,0,0,0,2,0,1,0,0,1,0,,,,,,,,,,,,,,,2238900,ab8fda0c
1507,Brian Madjo,lu LUX,FW,Metz,fr Ligue 1,17.0,2009.0,5,2,157,1.7,0,0,0,0,0,0,0,0,0.0,3,1,33.3,1.72,0.57,0.0,0.0,0,0,0,0,0,3,0,0,0,3,0,,,,,,,,,,,,,,,2070311,e47d11f8
1508,Noni Madueke,eng ENG,FW,MF,Arsenal,eng Premier League,24.0,2002.0,20,12,895,9.9,2,1,3,2,0,0,0,0,0.3,19,6,31.6,1.91,0.6,0.11,0.33,0,0,63,9,4,10,0,0,0,12,0,,,,,,,,,,,,,,966547,bf34eebd
1509,Pablo Maffeo,es ESP,DF,Mallorca,es La Liga,28.0,1997.0,23,22,1958,21.8,1,0,1,1,0,0,7,0,0.05,5,1,20.0,0.23,0.05,0.2,1.0,0,0,62,24,25,16,7,0,0,17,1,,,,,,,,,,,,,,,788216,5db04597
1510,Gabriel Magalhães,br BRA,DF,Arsenal,eng Premier League,28.0,1997.0,25,24,2166,24.1,3,4,7,3,0,0,3,0,0.29,18,5,27.8,0.75,0.21,0.17,0.6,0,0,6,16,18,27,3,0,0,14,0,,,,,,,,,,,,,,,869792,67ac5bb8
1511,Soungoutou Magassa,fr FRA,MF,West Ham United,eng Premier League,22.0,2003.0,19,11,964,10.7,1,0,1,1,0,0,4,0,0.09,7,2,28.6,0.65,0.19,0.14,0.5,0,0,8,23,17,17,4,0,0,17,0,,,,,,,,,,,,,,,1170560,
1512,Hugo Magnetti,fr FRA,MF,Brest,fr Ligue 1,27.0,1998.0,25,24,2081,23.1,1,1,2,1,0,0,4,1,0.09,18,3,16.7,0.78,0.13,0.06,0.33,0,0,14,36,38,28,4,1,0,27,0,,,,,,,,,,,,,,,861324,d4d35152
1513,Frank Magri,cm CMR,FW,MF,Toulouse,fr Ligue 1,26.0,1999.0,17,16,1253,13.9,5,1,6,5,0,1,3,0,0.43,33,12,36.4,2.37,0.86,0.15,0.42,0,1,15,3,3,22,3,0,0,28,0,,,,,,,,,,,,,,1169436,42fdb11d
1514,Harry Maguire,eng ENG,DF,Manchester Utd,eng Premier League,33.0,1993.0,17,13,1126,12.5,1,1,2,1,0,0,3,0,0.16,9,2,22.2,0.72,0.16,0.11,0.5,0,0,2,9,6,13,3,0,0,11,0,,,,,,,,,,,,,,,149380,d8931174
1515,Arne Maier,de GER,MF,Augsburg,de Bundesliga,27.0,1999.0,1,0,4,0.0,0,0,0,0,0,0,0,0,0.0,0,0,,0.0,0.0,,,0,0,1,1,1,0,0,0,0,0,0,,,,,,,,,,,,,,,836706,
1516,Mike Maignan,fr FRA,GK,Milan,it Serie A,30.0,1995.0,28,28,2485,27.6,0,0,0,0,0,0,3,0,0.0,0,0,,0.0,0.0,,,0,0,0,0,1,6,3,0,0,0,0,21.0,0.76,89.0,74.0,80.9,16.0,9.0,3.0,12.0,42.9,7.0,4.0,2.0,1.0,191210,fcb38f57
1517,Linton Maina,de GER,MF,FW,Köln,de Bundesliga,26.0,1999.0,16,6,669,7.4,2,0,2,2,0,0,0,0,0.27,17,7,41.2,2.29,0.94,0.12,0.29,0,0,21,4,1,4,0,0,0,6,0,,,,,,,,,,,,,,921033,
1518,Patrick Mainka,de GER,DF,Heidenheim,de Bundesliga,31.0,1994.0,26,26,2340,26.0,1,1,2,1,0,0,1,0,0.08,26,5,19.2,1.0,0.19,0.04,0.2,0,0,0,26,27,14,1,0,0,5,0,,,,,,,,,,,,,,,254429,867b60b4
1519,Kobbie Mainoo,eng ENG,MF,Manchester Utd,eng Premier League,20.0,2005.0,21,9,1032,11.5,0,2,2,0,0,0,0,0,0.17,8,2,25.0,0.7,0.17,0.0,0.0,0,0,12,11,7,14,0,0,0,7,0,,,,,,,,,,,,,,,1142175,c6220452
1520,Ainsley Maitland-Niles,eng ENG,DF,MF,Lyon,fr Ligue 1,28.0,1997.0,23,21,1918,21.3,1,3,4,1,0,1,6,1,0.19,12,5,41.7,0.56,0.23,0.08,0.2,0,1,37,30,24,10,6,1,1,32,0,,,,,,,,,,,,,,352768,e3a5814e
1521,Radosław Majecki,pl POL,GK,Brest,fr Ligue 1,26.0,1999.0,10,10,864,9.6,0,0,0,0,0,0,0,1,0.0,0,0,,0.0,0.0,,,0,0,0,0,0,1,0,1,0,1,0,18.0,1.87,43.0,26.0,60.5,1.0,4.0,5.0,3.0,30.0,1.0,1.0,0.0,0.0,849114,20de219a
1522,Lovro Majer,hr CRO,MF,Wolfsburg,de Bundesliga,28.0,1998.0,23,16,1264,14.0,2,3,5,2,0,0,4,0,0.36,22,5,22.7,1.57,0.36,0.09,0.4,0,0,18,16,8,19,4,0,0,28,0,,,,,,,,,,,,,,,841947,fc46aab1
1523,Hamidou Makalou,ml MLI,MF,Brest,fr Ligue 1,19.0,2006.0,11,1,164,1.8,0,0,0,0,0,0,0,0,0.0,2,0,0.0,1.1,0.0,0.0,,0,0,8,1,3,2,0,0,0,1,0,,,,,,,,,,,,,,,1597197,4f14a67e
1524,Jean-Victor Makengo,fr FRA,MF,Lorient,fr Ligue 1,27.0,1998.0,23,16,1261,14.0,3,2,5,3,0,0,0,0,0.36,31,11,35.5,2.21,0.79,0.1,0.27,0,0,14,12,9,28,0,0,0,7,1,,,,,,,,,,,,,,,802138,00979380
1525,Jordy Makengo,fr FRA,DF,Freiburg,de Bundesliga,24.0,2001.0,15,10,945,10.5,0,0,0,0,0,0,1,0,0.0,0,0,,0.0,0.0,,,0,0,27,9,8,8,1,0,0,9,0,,,,,,,,,,,,,,,1131339,e47d11f8
1526,Andrija Maksimović,rs SRB,FW,RB Leipzig,de Bundesliga,18.0,2007.0,8,0,93,1.0,0,0,0,0,0,0,0,0,0.0,2,0,0.0,1.94,0.0,0.0,,0,0,2,0,0,2,0,0,0,1,0,,,,,,,,,,,,,,,1406171,fa5116fa
1527,Said El Mala,de GER,FW,MF,Köln,de Bundesliga,19.0,2006.0,26,12,1314,14.6,9,3,12,9,0,0,2,0,0.82,50,21,42.0,3.42,1.44,0.18,0.43,0,0,35,9,3,17,2,0,0,10,0,,,,,,,,,,,,,,1800475,9db21d7f
1528,Tyrell Malacia,nl NED,DF,Manchester Utd,eng Premier League,26.0,1999.0,2,0,9,0.1,0,0,0,0,0,0,0,0,0.0,0,0,,0.0,0.0,,,0,0,0,0,0,0,0,0,0,0,0,,,,,,,,,,,,,,,825839,6b6c793c
1529,Julián Malatini,ar ARG,DF,Werder Bremen,de Bundesliga,24.0,2001.0,11,5,516,5.7,0,0,0,0,0,0,3,0,0.0,2,0,0.0,0.35,0.0,0.0,,0,0,5,6,6,1,3,0,0,7,0,,,,,,,,,,,,,,,1087043,f3541f8a
1530,Daniel Maldini,it ITA,FW,Lazio,it Serie A,24.0,2001.0,6,6,453,5.0,1,1,2,1,0,0,0,0,0.4,10,3,30.0,1.99,0.6,0.1,0.33,0,0,1,8,3,16,0,0,0,8,0,,,,,,,,,,,,,,,970928,801831fe
1531,Daniel Maldini,it ITA,MF,Atalanta,it Serie A,24.0,2001.0,9,3,264,2.9,0,0,0,0,0,0,1,0,0.0,8,2,25.0,2.73,0.68,0.0,0.0,0,0,10,2,0,7,1,0,0,4,0,,,,,,,,,,,,,,,970928,801831fe
1532,Youssef Maleh,ma MAR,MF,Cremonese,it Serie A,27.0,1998.0,7,7,600,6.7,0,0,0,0,0,0,1,0,0.0,8,1,12.5,1.2,0.15,0.0,0.0,0,0,22,4,6,6,1,0,0,18,0,,,,,,,,,,,,,,,849274,4c8845f7
1533,Youssef Maleh,ma MAR,MF,Lecce,it Serie A,27.0,1998.0,9,5,460,5.1,0,0,0,0,0,0,2,0,0.0,7,1,14.3,1.37,0.2,0.0,0.0,0,0,12,4,7,8,2,0,0,9,0,,,,,,,,,,,,,,,849274,4c8845f7
1534,Donyell Malen,nl NED,FW,MF,Aston Villa,eng Premier League,27.0,1999.0,21,5,656,7.3,4,1,5,4,0,0,0,0,0.69,27,9,33.3,3.7,1.23,0.15,0.44,0,0,7,2,0,6,0,0,0,2,0,,,,,,,,,,,,,,803039,864163f3
1535,Donyell Malen,nl NED,FW,Roma,it Serie A,27.0,1999.0,9,9,723,8.0,7,0,7,5,2,2,1,0,0.62,40,14,35.0,4.98,1.74,0.13,0.36,2,2,2,1,0,8,1,0,0,7,0,,,,,,,,,,,,,,,803039,864163f3
1536,Ruslan Malinovskyi,ua UKR,MF,Genoa,it Serie A,32.0,1993.0,27,24,1874,20.8,5,3,8,2,3,3,9,0,0.24,40,13,32.5,1.92,0.62,0.05,0.15,3,3,47,17,14,25,9,0,0,32,0,,,,,,,,,,,,,,,195850,48d5bd33
1537,Lennard Maloney,us USA,DF,MF,Mainz 05,de Bundesliga,26.0,1999.0,16,4,447,5.0,0,0,0,0,0,0,1,0,0.0,3,1,33.3,0.6,0.2,0.0,0.0,0,0,2,8,7,3,1,0,0,13,0,,,,,,,,,,,,,,893962,75402e99
1538,Pape Mamadou Sy,sn SEN,GK,Metz,fr Ligue 1,28.0,1997.0,1,1,76,0.8,0,0,0,0,0,0,0,0,0.0,0,0,,0.0,0.0,,,0,0,0,0,0,1,0,0,0,0,0,4.0,4.74,8.0,4.0,50.0,0.0,0.0,1.0,0.0,0.0,0.0,0.0,0.0,0.0,,9a5619c5
1539,Giorgi Mamardashvili,ge GEO,GK,Liverpool,eng Premier League,25.0,2000.0,5,5,450,5.0,0,0,0,0,0,0,0,0,0.0,0,0,,0.0,0.0,,,0,0,0,0,0,1,0,0,0,1,0,10.0,2.0,24.0,16.0,62.5,1.0,0.0,4.0,1.0,20.0,2.0,1.0,1.0,0.0,930997,d4b73232
1540,Felix Mambimbi,ch SUI,FW,MF,Le Havre,fr Ligue 1,25.0,2001.0,15,6,483,5.4,1,0,1,1,0,0,1,0,0.19,6,2,33.3,1.12,0.37,0.17,0.5,0,0,5,10,4,4,1,0,0,15,0,,,,,,,,,,,,,,910076,1b81794d
1541,Aitor Mañas,es ESP,FW,Alavés,es La Liga,23.0,2003.0,6,0,71,0.8,0,0,0,0,0,0,0,0,0.0,1,1,100.0,1.27,1.27,0.0,0.0,0,0,0,2,0,0,0,0,0,1,0,,,,,,,,,,,,,,,1639543,dc620005
1542,Gianluca Mancini,it ITA,DF,Roma,it Serie A,29.0,1996.0,28,28,2487,27.6,0,2,2,0,0,0,9,0,0.07,15,4,26.7,0.54,0.14,0.0,0.0,0,0,22,23,41,34,9,0,0,59,0,,,,,,,,,,,,,,,611210,5aa53281
1543,Reinildo Mandava,mz MOZ,DF,Sunderland,eng Premier League,32.0,1994.0,17,17,1427,15.9,0,1,1,0,0,0,6,1,0.06,4,0,0.0,0.25,0.0,0.0,,0,0,18,15,22,28,6,1,0,25,0,,,,,,,,,,,,,,,831424,c20bdcd7
1544,Aïssa Mandi,dz ALG,DF,Lille,fr Ligue 1,34.0,1991.0,21,20,1704,18.9,1,0,1,1,0,0,7,0,0.05,9,2,22.2,0.48,0.11,0.11,0.5,0,0,8,17,28,13,7,0,0,13,0,,,,,,,,,,,,,,,122810,fbd6378b
1545,Rolando Mandragora,it ITA,MF,Fiorentina,it Serie A,28.0,1997.0,28,25,1987,22.1,6,2,8,5,1,1,6,0,0.32,55,13,23.6,2.49,0.59,0.09,0.38,1,1,64,20,14,47,6,0,0,29,0,,,,,,,,,,,,,,,548178,c7259b83
1546,Filippo Mane,it ITA,DF,Dortmund,de Bundesliga,21.0,2005.0,4,2,131,1.5,0,0,0,0,0,0,0,1,0.0,0,0,,0.0,0.0,,,0,0,1,0,2,2,0,1,0,1,0,,,,,,,,,,,,,,,1137131,
1547,Mateus Mane,pt POR,MF,Wolves,eng Premier League,18.0,2007.0,20,14,1286,14.3,2,1,3,2,0,0,0,0,0.21,29,12,41.4,2.03,0.84,0.07,0.17,0,0,52,8,3,36,0,0,0,21,0,,,,,,,,,,,,,,,1899647,
1548,Orel Mangala,be BEL,MF,Lyon,fr Ligue 1,27.0,1998.0,4,1,104,1.2,0,0,0,0,0,0,0,0,0.0,1,0,0.0,0.87,0.0,0.0,,0,0,3,3,0,2,0,0,0,5,0,,,,,,,,,,,,,,,793988,a572e291
1549,Bendito Mantato,eng ENG,MF,Manchester Utd,eng Premier League,18.0,2008.0,1,0,16,0.2,0,0,0,0,0,0,0,0,0.0,0,0,,0.0,0.0,,,0,0,1,0,0,0,0,0,0,0,0,,,,,,,,,,,,,,,1545190,dc620005
1550,Brad Mantsounga,cg CGO,DF,Nice,fr Ligue 1,18.0,2007.0,1,1,90,1.0,0,0,0,0,0,0,0,0,0.0,0,0,,0.0,0.0,,,0,0,0,3,0,2,0,0,0,0,0,,,,,,,,,,,,,,,2168291,
1551,Johan Manzambi,ch SUI,MF,Freiburg,de Bundesliga,20.0,2005.0,20,19,1537,17.1,3,2,5,3,0,0,4,2,0.29,35,8,22.9,2.05,0.47,0.09,0.38,0,0,25,8,21,58,4,2,0,17,0,,,,,,,,,,,,,,,1518931,e47d11f8
1552,Sekou Mara,fr FRA,FW,Auxerre,fr Ligue 1,23.0,2002.0,21,11,941,10.5,0,1,1,0,0,0,0,0,0.1,24,8,33.3,2.3,0.77,0.0,0.0,0,0,0,6,2,21,0,0,0,25,0,,,,,,,,,,,,,,,1047484,3544641e
1553,Alessandro Marcandalli,it ITA,DF,Genoa,it Serie A,23.0,2002.0,23,20,1804,20.0,0,2,2,0,0,0,4,0,0.1,3,2,66.7,0.15,0.1,0.0,0.0,0,0,7,12,12,9,4,0,0,18,0,,,,,,,,,,,,,,,1068885,cf7e6ff9
1554,Marcão,br BRA,DF,Sevilla,es La Liga,29.0,1996.0,13,11,938,10.4,1,0,1,1,0,0,5,1,0.1,10,2,20.0,0.96,0.19,0.1,0.5,0,0,1,4,4,21,5,1,1,22,0,,,,,,,,,,,,,,,840951,
1555,Solly March,eng ENG,MF,Brighton,eng Premier League,31.0,1994.0,1,0,5,0.1,0,0,0,0,0,0,0,0,0.0,0,0,,0.0,0.0,,,0,0,0,0,0,1,0,0,0,0,0,,,,,,,,,,,,,,,301288,bb5fbd2b
1556,Vincent Marchetti,fr FRA,MF,Paris FC,fr Ligue 1,28.0,1997.0,19,9,764,8.5,2,0,2,2,0,0,1,0,0.24,23,7,30.4,2.71,0.82,0.09,0.29,0,0,1,12,4,4,1,0,0,12,0,,,,,,,,,,,,,,,795508,
1557,Pablo Marí,es ESP,DF,Fiorentina,it Serie A,32.0,1993.0,11,9,808,9.0,0,0,0,0,0,0,3,0,0.0,2,0,0.0,0.22,0.0,0.0,,0,0,0,8,19,8,3,0,0,17,0,,,,,,,,,,,,,,,208988,aa54ec6f
1558,José María Giménez,uy URU,DF,Atlético Madrid,es La Liga,31.0,1995.0,13,12,1084,12.0,0,1,1,0,0,0,3,0,0.08,13,3,23.1,1.08,0.25,0.0,0.0,0,0,0,11,13,10,3,0,0,16,0,,,,,,,,,,,,,,,325355,b56835b1
1559,Mariano,do DOM,FW,Alavés,es La Liga,32.0,1993.0,10,3,288,3.2,0,0,0,0,0,0,1,0,0.0,6,3,50.0,1.87,0.94,0.0,0.0,0,0,3,1,0,0,1,0,0,13,0,,,,,,,,,,,,,,,40076,d56335c3
1560,Luca Marianucci,it ITA,DF,Torino,it Serie A,21.0,2004.0,4,3,265,2.9,0,0,0,0,0,0,1,0,0.0,0,0,,0.0,0.0,,,0,0,1,4,6,0,1,0,0,6,0,,,,,,,,,,,,,,,1165371,
1561,Luca Marianucci,it ITA,DF,Napoli,it Serie A,21.0,2004.0,2,1,119,1.3,0,1,1,0,0,0,0,0,0.76,1,0,0.0,0.76,0.0,0.0,,0,0,2,2,1,0,0,0,0,2,0,,,,,,,,,,,,,,,1165371,
1562,Arkaitz Mariezkurrena,es ESP,FW,Real Sociedad,es La Liga,20.0,2005.0,1,0,1,0.0,0,0,0,0,0,0,0,0,0.0,0,0,,0.0,0.0,,,0,0,0,0,0,0,0,0,0,2,0,,,,,,,,,,,,,,,1526575,
1563,Rafa Marín,es ESP,DF,Villarreal,es La Liga,23.0,2002.0,18,17,1574,17.5,1,0,1,1,0,0,1,0,0.06,4,1,25.0,0.23,0.06,0.25,1.0,0,0,0,16,19,7,1,0,0,11,1,,,,,,,,,,,,,,,984623,
1564,Marius Marin,ro ROU,MF,Pisa,it Serie A,27.0,1998.0,23,18,1281,14.2,0,0,0,0,0,0,7,0,0.0,3,0,0.0,0.21,0.0,0.0,,0,0,18,26,14,20,7,0,0,36,0,,,,,,,,,,,,,,,797596,a5106847
1565,Pablo Marín,es ESP,MF,Real Sociedad,es La Liga,22.0,2003.0,25,12,1101,12.2,0,0,0,0,0,0,1,0,0.0,12,4,33.3,0.98,0.33,0.0,0.0,0,0,10,13,6,14,1,0,0,17,0,,,,,,,,,,,,,,,1139409,aa54ec6f
1566,João Mário Lopes,pt POR,DF,Bologna,it Serie A,26.0,2000.0,5,5,371,4.1,0,0,0,0,0,0,0,0,0.0,1,0,0.0,0.24,0.0,0.0,,0,0,8,2,6,10,0,0,0,1,0,,,,,,,,,,,,,,,2152569,f0021247
1567,João Mário Lopes,pt POR,MF,Juventus,it Serie A,26.0,2000.0,10,2,258,2.9,0,0,0,0,0,0,1,0,0.0,3,0,0.0,1.05,0.0,0.0,,0,0,5,3,3,10,1,0,0,5,0,,,,,,,,,,,,,,,2152569,f0021247
1568,Guillermo Maripán,cl CHI,DF,Torino,it Serie A,31.0,1994.0,24,23,2026,22.5,2,0,2,2,0,0,3,0,0.09,18,8,44.4,0.8,0.36,0.11,0.25,0,0,3,28,26,6,3,0,0,27,0,,,,,,,,,,,,,,,339909,d9764034
1569,Omar Marmoush,eg EGY,FW,MF,Manchester City,eng Premier League,27.0,1999.0,17,7,572,6.4,1,3,4,1,0,0,2,0,0.63,24,7,29.2,3.78,1.1,0.04,0.14,0,0,12,7,2,18,2,0,0,10,0,,,,,,,,,,,,,,873554,0e0102eb
1570,Tomas Marques,es ESP,MF,Barcelona,es La Liga,19.0,2006.0,1,0,7,0.1,0,0,0,0,0,0,0,0,0.0,0,0,,0.0,0.0,,,0,0,0,0,0,0,0,0,0,0,0,,,,,,,,,,,,,,,1939137,
1571,Marquinhos,br BRA,DF,Paris Saint-Germain,fr Ligue 1,31.0,1994.0,11,8,782,8.7,0,0,0,0,0,0,0,0,0.0,1,0,0.0,0.12,0.0,0.0,,0,0,1,9,6,1,0,0,0,7,1,,,,,,,,,,,,,,,155995,d5f2f82b
1572,Callum Marshall,nir NIR,FW,West Ham United,eng Premier League,21.0,2004.0,2,0,60,0.7,0,0,0,0,0,0,0,0,0.0,1,0,0.0,1.5,0.0,0.0,,0,0,0,0,2,0,0,0,0,0,0,,,,,,,,,,,,,,,1394099,
1573,Eric Martel,de GER,MF,DF,Köln,de Bundesliga,23.0,2002.0,25,24,2030,22.6,1,2,3,1,0,0,8,0,0.13,14,1,7.1,0.62,0.04,0.07,1.0,0,0,10,24,25,43,8,0,0,34,0,,,,,,,,,,,,,,988639,92a16062
1574,Aarón Martín,es ESP,MF,DF,Genoa,it Serie A,28.0,1997.0,25,22,1798,20.0,1,5,6,1,0,0,2,0,0.3,6,3,50.0,0.3,0.15,0.17,0.33,0,0,159,22,10,22,2,0,0,25,0,,,,,,,,,,,,,,797286,2f3e911a
1575,Carlos Martín,es ESP,MF,FW,Rayo Vallecano,es La Liga,23.0,2002.0,5,4,264,2.9,0,0,0,0,0,0,1,0,0.0,3,0,0.0,1.02,0.0,0.0,,0,0,6,3,0,3,1,0,0,8,0,,,,,,,,,,,,,,1131581,ab8fda0c
1576,Gerard Martín,es ESP,DF,Barcelona,es La Liga,24.0,2002.0,23,17,1354,15.0,0,0,0,0,0,0,5,0,0.0,3,1,33.3,0.2,0.07,0.0,0.0,0,0,10,22,21,7,5,0,0,10,0,,,,,,,,,,,,,,,1094827,b792c59d
1577,Iván Martín,es ESP,MF,Girona,es La Liga,27.0,1999.0,26,22,1921,21.3,0,1,1,0,0,0,5,1,0.05,9,4,44.4,0.42,0.19,0.0,0.0,0,0,7,34,13,26,5,1,1,25,0,,,,,,,,,,,,,,,973699,f8949995
1578,Jon Martin,es ESP,DF,Real Sociedad,es La Liga,19.0,2006.0,17,17,1530,17.0,0,0,0,0,0,0,4,0,0.0,11,3,27.3,0.65,0.18,0.0,0.0,0,0,0,10,27,9,4,0,0,13,0,,,,,,,,,,,,,,,1466116,468fdbad
1579,Mario Martín,es ESP,MF,FW,Getafe,es La Liga,22.0,2004.0,26,20,1544,17.2,2,0,2,2,0,0,8,0,0.12,20,4,20.0,1.17,0.23,0.1,0.5,0,0,10,28,10,21,8,0,0,48,0,,,,,,,,,,,,,,1154549,a9aff11a
1580,Gabriel Martinelli,br BRA,FW,MF,Arsenal,eng Premier League,24.0,2001.0,25,9,854,9.5,1,3,4,1,0,0,2,0,0.42,25,10,40.0,2.63,1.05,0.04,0.1,0,0,30,7,0,13,2,0,0,7,0,,,,,,,,,,,,,,922573,48a5a5d6
1581,Arnau Martinez,es ESP,DF,MF,Girona,es La Liga,22.0,2003.0,25,23,1862,20.7,1,1,2,1,0,0,6,0,0.1,11,1,9.1,0.53,0.05,0.09,1.0,0,0,28,30,29,21,6,0,0,18,0,,,,,,,,,,,,,,1084081,c3e66ffe
1582,Emiliano Martínez,ar ARG,GK,Aston Villa,eng Premier League,33.0,1992.0,26,26,2295,25.5,0,0,0,0,0,0,2,0,0.0,0,0,,0.0,0.0,,,0,0,0,0,0,15,2,0,0,0,0,29.0,1.14,103.0,75.0,71.8,13.0,5.0,8.0,7.0,26.9,1.0,0.0,1.0,0.0,158263,7956236f
1583,Joaquín Martínez Gauna,es ESP,MF,DF,Sevilla,es La Liga,22.0,2003.0,11,7,779,8.7,1,3,4,1,0,0,1,0,0.46,9,4,44.4,1.04,0.46,0.11,0.25,0,0,52,12,3,9,1,0,0,6,0,,,,,,,,,,,,,,,e47d11f8
1584,Josep Martinez,es ESP,GK,Inter,it Serie A,27.0,1998.0,2,2,180,2.0,0,0,0,0,0,0,0,0,0.0,0,0,,0.0,0.0,,,0,0,0,0,0,0,0,0,0,0,0,1.0,0.5,5.0,4.0,80.0,2.0,0.0,0.0,1.0,50.0,0.0,0.0,0.0,0.0,845291,11d8aff0
1585,Lautaro Martínez,ar ARG,FW,Inter,it Serie A,28.0,1997.0,25,23,1888,21.0,14,4,18,14,0,0,3,0,0.86,83,32,38.6,3.96,1.53,0.17,0.44,0,0,16,10,4,39,3,0,0,41,0,,,,,,,,,,,,,,,823984,f7036e1c
1586,Lisandro Martínez,ar ARG,DF,Manchester Utd,eng Premier League,28.0,1998.0,14,9,908,10.1,0,0,0,0,0,0,0,0,0.0,4,0,0.0,0.4,0.0,0.0,,0,0,2,7,10,2,0,0,0,8,1,,,,,,,,,,,,,,,859999,bac46a10
1587,Pablo Martínez,es ESP,MF,Levante,es La Liga,28.0,1998.0,17,13,1172,13.0,1,2,3,1,0,0,2,0,0.23,23,4,17.4,1.77,0.31,0.04,0.25,0,0,41,7,16,8,2,0,0,19,0,,,,,,,,,,,,,,,927066,da98fdb0
1588,Ramón Martínez,es ESP,DF,Sevilla,es La Liga,23.0,2002.0,2,0,102,1.1,0,0,0,0,0,0,0,0,0.0,0,0,,0.0,0.0,,,0,0,0,0,1,1,0,0,0,1,0,,,,,,,,,,,,,,,1090681,6a26e9bc
1589,Toni Martínez,es ESP,FW,Alavés,es La Liga,28.0,1997.0,27,22,1858,20.6,5,2,7,5,0,0,1,0,0.34,59,19,32.2,2.86,0.92,0.08,0.26,0,0,11,12,4,27,1,0,0,31,0,,,,,,,,,,,,,,,831253,f3945e07
1590,Adam Marušić,me MNE,DF,Lazio,it Serie A,33.0,1992.0,27,26,2298,25.5,1,2,3,1,0,0,1,1,0.12,13,6,46.2,0.51,0.23,0.08,0.17,0,0,27,16,25,14,1,1,0,19,0,,,,,,,,,,,,,,,267619,d4535821
1591,Omar Mascarell,gq EQG,MF,Mallorca,es La Liga,33.0,1993.0,21,17,1482,16.5,1,2,3,1,0,0,4,0,0.18,2,2,100.0,0.12,0.12,0.5,0.5,0,0,5,20,26,8,4,0,0,23,0,,,,,,,,,,,,,,,255999,11fd2b75
1592,Adam Masina,ma MAR,DF,Torino,it Serie A,32.0,1994.0,5,2,235,2.6,0,1,1,0,0,0,0,0,0.38,0,0,,0.0,0.0,,,0,0,0,4,5,2,0,0,0,6,0,,,,,,,,,,,,,,,259995,de0f152c
1593,Patrizio Masini,it ITA,MF,Genoa,it Serie A,25.0,2001.0,22,11,1166,13.0,0,1,1,0,0,0,5,0,0.08,13,3,23.1,1.0,0.23,0.0,0.0,0,0,12,34,23,36,5,0,0,32,0,,,,,,,,,,,,,,,970998,151354b8
1594,Han-Noah Massengo,fr FRA,MF,Augsburg,de Bundesliga,24.0,2001.0,26,25,2090,23.2,2,1,3,2,0,0,2,0,0.13,16,5,31.3,0.69,0.22,0.13,0.4,0,0,15,16,33,22,2,0,0,20,0,,,,,,,,,,,,,,,927340,eba1e557
1595,Franco Mastantuono,ar ARG,MF,FW,Real Madrid,es La Liga,18.0,2007.0,16,9,769,8.5,1,0,1,1,0,0,4,1,0.12,23,5,21.7,2.69,0.59,0.04,0.2,0,0,27,12,2,21,4,1,0,16,0,,,,,,,,,,,,,,1403559,633b2b1f
1596,Arthur Masuaku,cd COD,DF,Sunderland,eng Premier League,32.0,1993.0,3,2,126,1.4,0,0,0,0,0,0,1,0,0.0,1,0,0.0,0.71,0.0,0.0,,0,0,8,2,2,0,1,0,0,3,0,,,,,,,,,,,,,,,174975,57df7a11
1597,Arthur Masuaku,cd COD,DF,MF,Lens,fr Ligue 1,32.0,1993.0,1,0,1,0.0,0,0,0,0,0,0,0,0,0.0,0,0,,0.0,0.0,,,0,0,0,1,0,1,0,0,0,0,0,,,,,,,,,,,,,,174975,57df7a11
1598,Clinton Mata,ao ANG,DF,Lyon,fr Ligue 1,33.0,1992.0,24,24,2113,23.5,0,0,0,0,0,0,5,0,0.0,3,0,0.0,0.13,0.0,0.0,,0,0,7,18,15,31,5,0,0,27,1,,,,,,,,,,,,,,,152813,55abe554
1599,Igor Matanovic,hr CRO,FW,Freiburg,de Bundesliga,22.0,2003.0,23,8,1042,11.6,6,1,7,5,1,2,0,0,0.52,37,13,35.1,3.2,1.12,0.14,0.38,1,2,0,8,8,20,0,0,0,33,0,,,,,,,,,,,,,,,1019321,948e1292
1600,Pape Matar Sarr,sn SEN,MF,Tottenham Hotspur,eng Premier League,23.0,2002.0,21,12,1237,13.7,2,3,5,2,0,0,2,0,0.36,13,6,46.2,0.95,0.44,0.15,0.33,0,0,7,19,13,13,2,0,0,24,0,,,,,,,,,,,,,,,1002711,feb5d972
1601,Jean-Philippe Mateta,fr FRA,FW,Crystal Palace,eng Premier League,28.0,1997.0,24,23,1935,21.5,8,0,8,5,3,3,2,0,0.23,55,26,47.3,2.56,1.21,0.09,0.19,3,3,8,3,5,15,2,0,0,17,0,,,,,,,,,,,,,,,848276,50e6dc35
1602,Nemanja Matić,rs SRB,MF,Sassuolo,it Serie A,37.0,1988.0,26,25,2183,24.3,1,1,2,1,0,0,6,1,0.08,10,4,40.0,0.41,0.16,0.1,0.25,0,0,10,26,18,36,6,1,0,21,0,,,,,,,,,,,,,,,44241,eb7822d7
1603,Rudy Matondo,fr FRA,MF,Paris FC,fr Ligue 1,18.0,2008.0,4,3,286,3.2,0,0,0,0,0,0,1,0,0.0,2,1,50.0,0.63,0.31,0.0,0.0,0,0,7,6,2,3,1,0,0,8,0,,,,,,,,,,,,,,,1961626,
1604,Rudy Matondo,fr FRA,MF,Auxerre,fr Ligue 1,18.0,2008.0,16,6,614,6.8,0,0,0,0,0,0,3,0,0.0,4,0,0.0,0.59,0.0,0.0,,0,0,5,7,7,9,3,0,0,12,0,,,,,,,,,,,,,,,1961626,
1605,Chrislain Matsima,fr FRA,DF,Augsburg,de Bundesliga,23.0,2002.0,14,14,1260,14.0,1,1,2,1,0,0,5,0,0.14,6,1,16.7,0.43,0.07,0.17,1.0,0,0,4,9,29,4,5,0,0,8,0,,,,,,,,,,,,,,,963198,cf1ef7ec
1606,Jean Mattéo Bahoya,fr FRA,MF,FW,Eintracht Frankfurt,de Bundesliga,20.0,2005.0,23,13,1194,13.3,3,3,6,3,0,0,1,0,0.45,25,8,32.0,1.88,0.6,0.12,0.38,0,0,30,11,11,20,1,0,0,12,0,,,,,,,,,,,,,,1146148,
1607,Alan Matturro,uy URU,DF,Levante,es La Liga,21.0,2004.0,14,8,703,7.8,1,0,1,1,0,0,0,1,0.13,5,1,20.0,0.64,0.13,0.2,1.0,0,0,0,12,6,6,0,1,0,7,0,,,,,,,,,,,,,,,1177401,
1608,Neal Maupay,fr FRA,FW,MF,Marseille,fr Ligue 1,29.0,1996.0,1,0,2,0.0,0,0,0,0,0,0,0,0,0.0,0,0,,0.0,0.0,,,0,0,0,0,0,0,0,0,0,0,0,,,,,,,,,,,,,,268903,4bcf39f6
1609,Neal Maupay,fr FRA,FW,Sevilla,es La Liga,29.0,1996.0,5,4,361,4.0,1,0,1,1,0,0,0,0,0.25,4,1,25.0,1.0,0.25,0.25,1.0,0,0,1,0,0,6,0,0,0,5,0,,,,,,,,,,,,,,,268903,4bcf39f6
1610,Konstantinos Mavropanos,gr GRE,DF,West Ham United,eng Premier League,28.0,1997.0,23,19,1814,20.2,1,0,1,1,0,0,2,0,0.05,16,4,25.0,0.79,0.2,0.06,0.25,0,0,2,18,33,8,2,0,0,9,1,,,,,,,,,,,,,,,829022,00963611
1611,Christian Mawissa,fr FRA,DF,Monaco,fr Ligue 1,20.0,2005.0,10,7,622,6.9,0,0,0,0,0,0,1,0,0.0,0,0,,0.0,0.0,,,0,0,1,14,10,7,1,0,0,4,0,,,,,,,,,,,,,,,1407848,9d1e8e76
1612,Eliezer Mayenda,es ESP,FW,MF,Sunderland,eng Premier League,20.0,2005.0,18,8,757,8.4,2,0,2,2,0,0,0,0,0.24,13,6,46.2,1.55,0.71,0.15,0.33,0,0,1,3,1,11,0,0,0,6,0,,,,,,,,,,,,,,1168588,
1613,Ezra Mayers,bb BRB,DF,West Ham United,eng Premier League,19.0,2007.0,6,0,117,1.3,0,0,0,0,0,0,0,0,0.0,1,0,0.0,0.77,0.0,0.0,,0,0,3,0,1,0,0,0,0,0,0,,,,,,,,,,,,,,,1652590,
1614,Borja Mayoral,es ESP,FW,Getafe,es La Liga,28.0,1997.0,14,12,1041,11.6,4,1,5,4,0,1,0,0,0.43,14,7,50.0,1.21,0.61,0.29,0.57,0,1,6,5,4,7,0,0,0,6,0,,,,,,,,,,,,,,,604954,64e8ed6d
1615,Senny Mayulu,fr FRA,MF,FW,Paris Saint-Germain,fr Ligue 1,19.0,2006.0,18,15,1167,13.0,3,4,7,3,0,0,1,0,0.54,23,7,30.4,1.77,0.54,0.13,0.43,0,0,18,21,6,16,1,0,0,18,0,,,,,,,,,,,,,,1473491,bac89b96
1616,Ibrahim Maza,dz ALG,MF,Leverkusen,de Bundesliga,20.0,2005.0,20,12,1166,13.0,2,3,5,2,0,0,1,0,0.39,34,10,29.4,2.62,0.77,0.06,0.2,0,0,45,16,14,26,1,0,0,12,0,,,,,,,,,,,,,,,1407524,
1617,Noussair Mazraoui,ma MAR,MF,DF,Manchester Utd,eng Premier League,28.0,1997.0,15,7,618,6.9,0,0,0,0,0,0,3,0,0.0,4,0,0.0,0.58,0.0,0.0,,0,0,12,8,6,9,3,0,0,8,0,,,,,,,,,,,,,,847030,b74277a0
1618,Luca Mazzitelli,it ITA,MF,Cagliari,it Serie A,30.0,1995.0,17,8,737,8.2,2,2,4,2,0,0,3,0,0.49,15,5,33.3,1.83,0.61,0.13,0.4,0,0,9,10,10,11,3,0,0,22,0,,,,,,,,,,,,,,,369866,dc61b402
1619,Pasquale Mazzocchi,it ITA,MF,Napoli,it Serie A,30.0,1995.0,11,2,235,2.6,0,0,0,0,0,0,0,1,0.0,2,1,50.0,0.77,0.38,0.0,0.0,0,0,9,1,2,0,0,1,0,1,0,,,,,,,,,,,,,,,377512,eb0ec070
1620,Nathan Mbala,,FW,Metz,fr Ligue 1,18.0,2008.0,6,1,138,1.5,2,0,2,2,0,0,0,0,1.3,8,3,37.5,5.22,1.96,0.25,0.67,0,0,23,1,0,1,0,0,0,1,0,,,,,,,,,,,,,,,2195736,
1621,Samuel Mbangula,be BEL,MF,FW,Werder Bremen,de Bundesliga,22.0,2004.0,20,11,987,11.0,3,2,5,3,0,0,0,0,0.46,15,7,46.7,1.37,0.64,0.2,0.43,0,0,20,10,3,22,0,0,0,3,0,,,,,,,,,,,,,,1100836,3e25e70c
1622,Ethan Mbappé,fr FRA,MF,FW,Lille,fr Ligue 1,19.0,2006.0,11,4,389,4.3,3,1,4,3,0,0,0,0,0.93,13,6,46.2,3.01,1.39,0.23,0.5,0,0,17,5,0,5,0,0,0,3,0,,,,,,,,,,,,,,1402698,d595de71
1623,Kylian Mbappé,fr FRA,FW,Real Madrid,es La Liga,27.0,1998.0,23,23,2020,22.4,23,4,27,15,8,9,3,0,0.85,111,51,45.9,4.95,2.27,0.14,0.29,8,9,19,1,3,27,3,0,0,9,0,,,,,,,,,,,,,,,826643,42fd9c7f
1624,Ibrahim Mbaye,sn SEN,FW,MF,Paris Saint-Germain,fr Ligue 1,18.0,2008.0,18,9,828,9.2,1,2,3,1,0,0,0,0,0.33,18,7,38.9,1.96,0.76,0.06,0.14,0,0,14,6,4,12,0,0,0,9,0,,,,,,,,,,,,,,1590918,201b4ee4
1625,Malick Mbaye,sn SEN,MF,Metz,fr Ligue 1,21.0,2004.0,5,3,300,3.3,0,0,0,0,0,0,1,0,0.0,2,1,50.0,0.6,0.3,0.0,0.0,0,0,8,8,3,3,1,0,0,2,0,,,,,,,,,,,,,,,1463503,6d2b0ada
1626,Chancel Mbemba,cd COD,DF,Lille,fr Ligue 1,31.0,1994.0,11,8,863,9.6,0,0,0,0,0,0,2,0,0.0,5,3,60.0,0.52,0.31,0.0,0.0,0,0,0,8,11,6,2,0,0,9,1,,,,,,,,,,,,,,,238612,e76cb9cc
1627,Bryan Mbeumo,cm CMR,MF,FW,Manchester Utd,eng Premier League,26.0,1999.0,25,25,2117,23.5,9,3,12,9,0,0,4,0,0.51,59,30,50.8,2.51,1.28,0.15,0.3,0,0,88,9,6,25,4,0,0,20,0,,,,,,,,,,,,,,927083,6afaebf2
1628,Michel Mboula,ga GAB,DF,MF,Metz,fr Ligue 1,22.0,2003.0,10,7,577,6.4,0,0,0,0,0,0,1,0,0.0,2,1,50.0,0.31,0.16,0.0,0.0,0,0,6,6,11,9,1,0,0,7,1,,,,,,,,,,,,,,1397934,b866d849
1629,Pathé Mboup,sn SEN,MF,Brest,fr Ligue 1,22.0,2003.0,21,8,877,9.7,1,0,1,1,0,0,5,0,0.1,18,9,50.0,1.85,0.92,0.06,0.11,0,0,5,14,11,15,5,0,0,29,0,,,,,,,,,,,,,,,1410231,a9fcdd09
1630,Moustapha Mbow,sn SEN,DF,Paris FC,fr Ligue 1,26.0,2000.0,25,24,2177,24.2,0,1,1,0,0,0,3,0,0.04,6,2,33.3,0.25,0.08,0.0,0.0,0,0,2,29,28,15,3,0,0,19,0,,,,,,,,,,,,,,,982319,
1631,James Mcatee,eng ENG,MF,Nottingham Forest,eng Premier League,23.0,2002.0,9,1,179,2.0,0,0,0,0,0,0,1,0,0.0,1,0,0.0,0.5,0.0,0.0,,0,0,8,3,1,3,1,0,0,4,0,,,,,,,,,,,,,,,1003334,96593e89
1632,John McGinn,sct SCO,MF,Aston Villa,eng Premier League,31.0,1994.0,23,22,1651,18.3,3,2,5,3,0,0,3,0,0.27,19,7,36.8,1.04,0.38,0.16,0.43,0,0,61,16,11,40,3,0,0,25,0,,,,,,,,,,,,,,,250223,90f91999
1633,Weston McKennie,us USA,MF,Juventus,it Serie A,27.0,1998.0,28,24,2120,23.6,4,4,8,4,0,0,4,0,0.34,36,14,38.9,1.53,0.59,0.11,0.29,0,0,25,17,20,11,4,0,0,33,0,,,,,,,,,,,,,,,881931,01c3aff5
1634,Mark McKenzie,us USA,DF,Toulouse,fr Ligue 1,27.0,1999.0,23,21,1907,21.2,0,2,2,0,0,0,6,0,0.09,6,1,16.7,0.28,0.05,0.0,0.0,0,0,2,25,19,10,6,0,0,26,0,,,,,,,,,,,,,,,922759,a5f5d094
1635,Dwight McNeil,eng ENG,MF,FW,Everton,eng Premier League,26.0,1999.0,17,10,872,9.7,0,1,1,0,0,0,1,0,0.1,17,5,29.4,1.75,0.52,0.0,0.0,0,0,29,12,6,6,1,0,0,10,0,,,,,,,,,,,,,,935543,fc15fb84
1636,Scott McTominay,sct SCO,MF,Napoli,it Serie A,29.0,1996.0,24,22,1981,22.0,6,3,9,6,0,0,1,0,0.41,65,25,38.5,2.95,1.14,0.09,0.24,0,0,7,11,19,51,1,0,0,16,0,,,,,,,,,,,,,,,879346,d93c2511
1637,Facundo Medina,ar ARG,DF,Marseille,fr Ligue 1,26.0,1999.0,10,9,735,8.2,0,0,0,0,0,0,3,0,0.0,2,0,0.0,0.24,0.0,0.0,,0,0,2,9,11,7,3,0,0,13,1,,,,,,,,,,,,,,,860307,6f5ec8bb
1638,Jonas Meffert,de GER,MF,Hamburger SV,de Bundesliga,31.0,1994.0,4,1,145,1.6,0,0,0,0,0,0,0,0,0.0,0,0,,0.0,0.0,,,0,0,0,3,1,0,0,0,0,1,0,,,,,,,,,,,,,,,148256,e47d11f8
1639,Henrik Meister,dk DEN,FW,Pisa,it Serie A,22.0,2003.0,21,14,1275,14.2,2,0,2,2,0,0,1,0,0.14,18,7,38.9,1.27,0.49,0.11,0.29,0,0,0,1,0,14,1,0,0,22,0,,,,,,,,,,,,,,,1184248,e1a873eb
1640,Bamo Meïté,ci CIV,DF,Lorient,fr Ligue 1,24.0,2001.0,20,18,1601,17.8,0,3,3,0,0,0,4,0,0.17,6,1,16.7,0.34,0.06,0.0,0.0,0,0,10,12,12,19,4,0,0,24,0,,,,,,,,,,,,,,,1131541,04ac78d2
1641,Kader Meïté,fr FRA,FW,Rennes,fr Ligue 1,18.0,2007.0,17,6,535,5.9,3,2,5,3,0,0,0,0,0.84,22,7,31.8,3.7,1.18,0.14,0.43,0,0,3,2,1,4,0,0,0,12,0,,,,,,,,,,,,,,,1606642,
1642,Hannibal Mejbri,tn TUN,MF,Burnley,eng Premier League,23.0,2003.0,22,11,973,10.8,1,3,4,1,0,0,7,0,0.37,14,4,28.6,1.29,0.37,0.07,0.25,0,0,24,13,7,36,7,0,0,17,0,,,,,,,,,,,,,,,1009386,ca22ccb0
1643,Cléo Melieres,fr FRA,FW,Metz,fr Ligue 1,20.0,2005.0,2,0,31,0.3,0,0,0,0,0,0,1,0,0.0,0,0,,0.0,0.0,,,0,0,3,0,0,0,1,0,0,1,0,,,,,,,,,,,,,,,1928235,
1644,Nuno Mendes,pt POR,DF,Paris Saint-Germain,fr Ligue 1,23.0,2002.0,17,12,1139,12.7,3,3,6,3,0,0,1,0,0.47,28,13,46.4,2.21,1.03,0.11,0.23,0,0,42,20,13,22,1,0,0,11,0,,,,,,,,,,,,,,,989768,f20e4cc9
1645,Brais Méndez,es ESP,MF,FW,Real Sociedad,es La Liga,29.0,1997.0,24,17,1402,15.6,5,2,7,4,1,1,4,1,0.39,27,14,51.9,1.73,0.9,0.15,0.29,1,1,51,13,6,25,4,1,0,38,0,,,,,,,,,,,,,,845385,c9e39d91
1646,Rodrigo Mendoza,es ESP,MF,FW,Elche,es La Liga,21.0,2005.0,16,6,794,8.8,1,0,1,1,0,0,4,0,0.11,11,2,18.2,1.25,0.23,0.09,0.5,0,0,17,9,5,16,4,0,0,19,0,,,,,,,,,,,,,,1391752,6434f10d
1647,Rodrigo Mendoza,es ESP,MF,Atlético Madrid,es La Liga,21.0,2005.0,4,4,214,2.4,0,0,0,0,0,0,1,0,0.0,3,0,0.0,1.26,0.0,0.0,,0,0,2,3,0,4,1,0,0,3,0,,,,,,,,,,,,,,,1391752,6434f10d
1648,Antoine Mendy,sn SEN,DF,Nice,fr Ligue 1,21.0,2004.0,17,16,1377,15.3,0,0,0,0,0,0,5,0,0.0,12,5,41.7,0.78,0.33,0.0,0.0,0,0,13,25,7,19,5,0,0,22,0,,,,,,,,,,,,,,,1120615,3322e296
1649,Batista Mendy,fr FRA,MF,Sevilla,es La Liga,26.0,2000.0,22,18,1471,16.3,1,0,1,1,0,0,6,0,0.06,14,4,28.6,0.86,0.24,0.07,0.25,0,0,5,20,15,26,6,0,0,33,0,,,,,,,,,,,,,,,859021,e472a6f6
1650,Ferland Mendy,fr FRA,DF,Real Madrid,es La Liga,30.0,1995.0,2,1,92,1.0,0,0,0,0,0,0,0,0,0.0,0,0,,0.0,0.0,,,0,0,0,1,1,1,0,0,0,0,0,,,,,,,,,,,,,,,792073,3cefcaef
1651,Formose Mendy,sn SEN,DF,Lorient,fr Ligue 1,25.0,2001.0,2,2,135,1.5,0,0,0,0,0,0,1,0,0.0,0,0,,0.0,0.0,,,0,0,1,1,3,3,1,0,0,2,0,,,,,,,,,,,,,,,982316,c21983bf
1652,Nobel Mendy,fr FRA,DF,Rayo Vallecano,es La Liga,21.0,2004.0,18,17,1416,15.7,2,0,2,2,0,0,6,2,0.13,11,3,27.3,0.7,0.19,0.18,0.67,0,0,6,8,19,9,6,2,1,24,0,,,,,,,,,,,,,,,1458073,7e64e657
1653,Gideon Mensah,gh GHA,DF,MF,Auxerre,fr Ligue 1,27.0,1998.0,22,18,1627,18.1,0,0,0,0,0,0,6,0,0.0,1,0,0.0,0.06,0.0,0.0,,0,0,48,24,18,26,6,0,0,27,0,,,,,,,,,,,,,,844942,9bdd8118
1654,Khalis Merah,fr FRA,MF,FW,Lyon,fr Ligue 1,19.0,2007.0,16,10,755,8.4,0,1,1,0,0,0,2,0,0.12,4,3,75.0,0.48,0.36,0.0,0.0,0,0,6,3,4,12,2,0,0,10,0,,,,,,,,,,,,,,2127096,
1655,Alex Meret,it ITA,GK,Napoli,it Serie A,28.0,1997.0,9,9,810,9.0,0,1,1,0,0,0,1,0,0.11,0,0,,0.0,0.0,,,0,0,0,0,0,1,1,0,0,1,0,12.0,1.33,27.0,17.0,63.0,7.0,0.0,2.0,2.0,22.2,2.0,2.0,0.0,0.0,592794,9413b19f
1656,Mikel Merino,es ESP,MF,FW,Arsenal,eng Premier League,29.0,1996.0,21,10,1007,11.2,4,3,7,4,0,0,1,0,0.63,21,8,38.1,1.88,0.71,0.19,0.5,0,0,4,13,9,20,1,0,0,21,0,,,,,,,,,,,,,,592010,d080ed5e
1657,Quentin Merlin,fr FRA,MF,DF,Rennes,fr Ligue 1,23.0,2002.0,25,19,1813,20.1,1,3,4,1,0,0,1,0,0.2,21,6,28.6,1.04,0.3,0.05,0.17,0,0,121,24,21,25,1,0,0,13,0,,,,,,,,,,,,,,1102502,0bfca6a1
1658,Rafik Messali,fr FRA,MF,Toulouse,fr Ligue 1,22.0,2003.0,12,5,502,5.6,0,0,0,0,0,0,2,0,0.0,0,0,,0.0,0.0,,,0,0,9,6,12,9,2,0,0,11,0,,,,,,,,,,,,,,,1198264,bbc86fc4
1659,Junior Messias,br BRA,MF,Genoa,it Serie A,34.0,1991.0,14,3,477,5.3,3,0,3,2,1,1,0,0,0.38,15,6,40.0,2.83,1.13,0.13,0.33,1,1,13,6,3,16,0,0,0,6,0,,,,,,,,,,,,,,,888219,f49c4ae9
1660,Alejandro Mestanza,es ESP,MF,Getafe,es La Liga,21.0,2004.0,3,1,71,0.8,0,0,0,0,0,0,0,0,0.0,1,0,0.0,1.27,0.0,0.0,,0,0,4,1,0,2,0,0,0,1,0,,,,,,,,,,,,,,,1520814,453a1fcd
1661,Connor Metcalfe,au AUS,FW,St Pauli,de Bundesliga,26.0,1999.0,17,1,303,3.4,0,1,1,0,0,0,1,0,0.3,11,2,18.2,3.27,0.59,0.0,0.0,0,0,10,6,4,2,1,0,0,7,0,,,,,,,,,,,,,,,888854,73ce4d7d
1662,Dayann Methalie,fr FRA,MF,Toulouse,fr Ligue 1,20.0,2006.0,21,17,1464,16.3,0,0,0,0,0,0,6,0,0.0,11,5,45.5,0.68,0.31,0.0,0.0,0,0,33,24,17,8,6,0,0,42,0,,,,,,,,,,,,,,,1894003,2016b059
1663,Karol Mets,ee EST,DF,St Pauli,de Bundesliga,32.0,1993.0,18,17,1482,16.5,0,0,0,0,0,0,2,0,0.0,3,0,0.0,0.18,0.0,0.0,,0,0,5,20,18,9,2,0,0,9,0,,,,,,,,,,,,,,,57627,ef2ad14e
1664,Thomas Meunier,be BEL,DF,Lille,fr Ligue 1,34.0,1991.0,18,14,1294,14.4,0,1,1,0,0,0,2,0,0.07,13,2,15.4,0.9,0.14,0.0,0.0,0,0,32,12,13,2,2,0,0,19,0,,,,,,,,,,,,,,,128587,e162b013
1665,Lucas Michal,fr FRA,MF,Metz,fr Ligue 1,20.0,2005.0,5,2,172,1.9,0,0,0,0,0,0,1,0,0.0,3,2,66.7,1.57,1.05,0.0,0.0,0,0,1,0,0,2,1,0,0,3,0,,,,,,,,,,,,,,,1154647,0c7b1c91
1666,Lucas Michal,fr FRA,FW,Monaco,fr Ligue 1,20.0,2005.0,2,0,59,0.7,0,0,0,0,0,0,0,0,0.0,1,0,0.0,1.53,0.0,0.0,,0,0,3,0,0,1,0,0,0,2,0,,,,,,,,,,,,,,,1154647,0c7b1c91
1667,Georges Mikautadze,ge GEO,FW,Villarreal,es La Liga,25.0,2000.0,23,17,1529,17.0,8,4,12,8,0,0,1,0,0.71,43,22,51.2,2.53,1.29,0.19,0.36,0,0,10,2,4,36,1,0,0,10,0,,,,,,,,,,,,,,,1009372,4788cb6b
1668,Georges Mikautadze,ge GEO,FW,Lyon,fr Ligue 1,25.0,2000.0,2,2,179,2.0,1,0,1,1,0,0,0,0,0.5,10,4,40.0,5.03,2.01,0.1,0.25,0,0,0,0,1,1,0,0,0,0,0,,,,,,,,,,,,,,,1009372,4788cb6b
1669,Wisdom Mike,de GER,FW,Bayern Munich,de Bundesliga,17.0,2008.0,4,0,30,0.3,0,0,0,0,0,0,0,0,0.0,2,1,50.0,6.0,3.0,0.0,0.0,0,0,1,0,1,0,0,0,0,0,0,,,,,,,,,,,,,,,1976732,
1670,William Mikelbrencis,fr FRA,MF,DF,Hamburger SV,de Bundesliga,22.0,2004.0,20,10,937,10.4,0,3,3,0,0,0,2,0,0.29,10,5,50.0,0.96,0.48,0.0,0.0,0,0,38,15,4,4,2,0,0,14,0,,,,,,,,,,,,,,1102528,14df1d7f
1671,Antoni Milambo,nl NED,MF,Brentford,eng Premier League,20.0,2005.0,1,1,45,0.5,0,0,0,0,0,0,0,0,0.0,0,0,,0.0,0.0,,,0,0,0,1,0,0,0,0,0,0,0,,,,,,,,,,,,,,,1126692,
1672,Nikola Milenković,rs SRB,DF,Nottingham Forest,eng Premier League,28.0,1997.0,30,30,2700,30.0,0,0,0,0,0,0,6,0,0.0,15,1,6.7,0.5,0.03,0.0,0.0,0,0,2,14,26,18,6,0,0,13,1,,,,,,,,,,,,,,,836168,bee704fc
1673,Lewis Miley,eng ENG,MF,DF,Newcastle United,eng Premier League,19.0,2006.0,19,11,1136,12.6,1,3,4,1,0,0,0,0,0.32,12,4,33.3,0.95,0.32,0.08,0.25,0,0,33,15,17,4,0,0,0,4,0,,,,,,,,,,,,,,1400650,2c6835e5
1674,Vanja Milinković-Savić,rs SRB,GK,Napoli,it Serie A,29.0,1997.0,20,20,1800,20.0,0,0,0,0,0,0,0,0,0.0,0,0,,0.0,0.0,,,0,0,0,0,0,3,0,0,0,1,0,18.0,0.9,49.0,37.0,71.4,11.0,5.0,4.0,7.0,35.0,6.0,4.0,2.0,0.0,356160,9fa26bc2
1675,Éder Militão,br BRA,DF,Real Madrid,es La Liga,28.0,1998.0,13,12,1000,11.1,1,1,2,1,0,0,2,0,0.18,17,8,47.1,1.53,0.72,0.06,0.13,0,0,0,14,9,11,2,0,0,13,0,,,,,,,,,,,,,,,822519,2784f898
1676,Luis Milla,es ESP,MF,Getafe,es La Liga,31.0,1994.0,27,27,2383,26.5,0,8,8,0,0,0,3,1,0.3,19,2,10.5,0.72,0.08,0.0,0.0,0,0,154,21,26,40,3,1,0,22,0,,,,,,,,,,,,,,,811629,0471ed1d
1677,Pere Milla,es ESP,MF,FW,Espanyol,es La Liga,33.0,1992.0,25,21,1604,17.8,6,0,6,6,0,0,4,1,0.34,51,18,35.3,2.86,1.01,0.12,0.33,0,0,29,17,13,29,4,1,0,19,0,,,,,,,,,,,,,,175185,335039a2
1678,Lennon Miller,sct SCO,MF,Udinese,it Serie A,19.0,2006.0,16,6,663,7.4,0,1,1,0,0,0,2,0,0.14,8,1,12.5,1.09,0.14,0.0,0.0,0,0,20,9,7,10,2,0,0,12,0,,,,,,,,,,,,,,,1154894,
1679,James Milner,eng ENG,MF,Brighton,eng Premier League,40.0,1986.0,18,5,651,7.2,1,1,2,0,1,1,2,0,0.14,6,2,33.3,0.83,0.28,0.0,0.0,1,1,14,9,4,3,2,0,0,10,0,,,,,,,,,,,,,,,791,2f90f6b8
1680,Veljko Milosavljević,rs SRB,DF,Bournemouth,eng Premier League,18.0,2007.0,7,4,368,4.1,0,0,0,0,0,0,0,0,0.0,1,0,0.0,0.24,0.0,0.0,,0,0,0,4,4,0,0,0,0,0,0,,,,,,,,,,,,,,,1406130,
1681,Jovan Milošević,rs SRB,FW,Werder Bremen,de Bundesliga,20.0,2005.0,8,2,298,3.3,3,0,3,3,0,0,2,0,0.91,9,4,44.4,2.72,1.21,0.33,0.75,0,0,2,1,0,2,2,0,0,6,0,,,,,,,,,,,,,,,1154491,e47d11f8
1682,Kim Min-jae,kr KOR,DF,Bayern Munich,de Bundesliga,29.0,1996.0,18,12,1041,11.6,1,1,2,1,0,0,1,0,0.17,2,1,50.0,0.17,0.09,0.5,1.0,0,0,0,12,21,1,1,0,0,8,0,,,,,,,,,,,,,,,896569,e0f8151c
1683,Yerry Mina,co COL,DF,Cagliari,it Serie A,31.0,1994.0,18,18,1430,15.9,1,0,1,1,0,0,5,1,0.06,4,2,50.0,0.25,0.13,0.25,0.5,0,0,1,10,14,26,5,1,1,22,0,,,,,,,,,,,,,,,360396,6d5701f2
1684,Takumi Minamino,jp JPN,MF,Monaco,fr Ligue 1,31.0,1995.0,15,11,944,10.5,3,2,5,3,0,0,4,0,0.48,21,7,33.3,2.0,0.67,0.14,0.43,0,0,8,3,3,8,4,0,0,10,0,,,,,,,,,,,,,,,155818,f833a830
1685,Tyrone Mings,eng ENG,DF,Aston Villa,eng Premier League,33.0,1993.0,13,11,964,10.7,0,0,0,0,0,0,0,0,0.0,7,0,0.0,0.65,0.0,0.0,,0,0,3,2,8,5,0,0,0,5,0,,,,,,,,,,,,,,,303638,8397a50c
1686,Óscar Mingueza,es ESP,MF,DF,Celta Vigo,es La Liga,26.0,1999.0,24,17,1517,16.9,1,4,5,1,0,0,4,0,0.3,14,5,35.7,0.83,0.3,0.07,0.2,0,0,50,15,7,20,4,0,0,10,0,,,,,,,,,,,,,,859773,056269d7
1687,Yankuba Minteh,gm GAM,MF,Brighton,eng Premier League,21.0,2004.0,26,19,1757,19.5,2,4,6,2,0,0,1,0,0.31,34,9,26.5,1.74,0.46,0.06,0.22,0,0,96,27,10,18,1,0,0,20,0,,,,,,,,,,,,,,,1400106,
1688,Bojan Miovski,mk MKD,FW,Girona,es La Liga,26.0,1999.0,1,1,44,0.5,0,0,0,0,0,0,0,0,0.0,0,0,,0.0,0.0,,,0,0,0,0,0,0,0,0,0,0,0,,,,,,,,,,,,,,,945768,72e442c5
1689,Rafa Mir,es ESP,FW,MF,Elche,es La Liga,28.0,1997.0,23,17,1523,16.9,7,0,7,6,1,2,3,0,0.35,59,30,50.8,3.49,1.77,0.1,0.2,1,2,16,4,4,15,3,0,0,37,0,,,,,,,,,,,,,,825754,bbf5c11b
1690,Juan Miranda,es ESP,DF,Bologna,it Serie A,26.0,2000.0,23,20,1808,20.1,1,0,1,1,0,0,6,0,0.05,11,4,36.4,0.55,0.2,0.09,0.25,0,0,129,16,24,19,6,0,0,21,0,,,,,,,,,,,,,,,855829,ead61f73
1691,Fabio Miretti,it ITA,MF,Juventus,it Serie A,22.0,2003.0,17,5,524,5.8,1,2,3,1,0,0,1,0,0.52,16,4,25.0,2.75,0.69,0.06,0.25,0,0,12,8,4,5,1,0,0,12,0,,,,,,,,,,,,,,,1010223,34693494
1692,Tyrick Mitchell,eng ENG,MF,Crystal Palace,eng Premier League,26.0,1999.0,30,30,2667,29.6,1,1,2,1,0,0,5,0,0.07,13,5,38.5,0.44,0.17,0.08,0.2,0,0,85,52,28,21,5,0,0,19,0,,,,,,,,,,,,,,,988275,5cbd1eb0
1693,Kaoru Mitoma,jp JPN,MF,FW,Brighton,eng Premier League,28.0,1997.0,19,16,1411,15.7,2,1,3,2,0,0,3,0,0.19,22,10,45.5,1.4,0.64,0.09,0.2,0,0,36,7,7,15,3,0,0,22,0,,,,,,,,,,,,,,936849,74618572
1694,Maximilian Mittelstädt,de GER,DF,MF,Stuttgart,de Bundesliga,28.0,1997.0,24,18,1618,18.0,4,3,7,1,3,3,3,0,0.22,23,11,47.8,1.28,0.61,0.04,0.09,3,3,75,35,28,17,3,0,0,8,0,,,,,,,,,,,,,,788949,
1695,Henrikh Mkhitaryan,am ARM,MF,Inter,it Serie A,37.0,1989.0,22,13,1205,13.4,2,1,3,2,0,0,3,0,0.22,35,9,25.7,2.61,0.67,0.06,0.22,0,0,36,24,15,13,3,0,0,20,0,,,,,,,,,,,,,,,37151,dd0daf32
1696,Branimir Mlacic,hr CRO,DF,Udinese,it Serie A,19.0,2007.0,3,1,78,0.9,0,0,0,0,0,0,2,0,0.0,0,0,,0.0,0.0,,,0,0,0,2,1,0,2,0,0,4,0,,,,,,,,,,,,,,,1831525,
1697,Tadjidine Mmadi,fr FRA,FW,Marseille,fr Ligue 1,19.0,2007.0,2,0,16,0.2,0,0,0,0,0,0,0,0,0.0,0,0,,0.0,0.0,,,0,0,0,1,1,0,0,0,0,0,0,,,,,,,,,,,,,,,2250107,61666aa6
1698,Rui Modesto,ao ANG,MF,Udinese,it Serie A,26.0,1999.0,3,0,119,1.3,0,1,1,0,0,0,0,0,0.76,1,1,100.0,0.76,0.76,0.0,0.0,0,0,5,4,1,0,0,0,0,0,0,,,,,,,,,,,,,,,1068286,4f9c2d8c
1699,Luka Modrić,hr CRO,MF,Milan,it Serie A,40.0,1985.0,28,27,2362,26.2,2,3,5,2,0,0,4,0,0.19,17,7,41.2,0.65,0.27,0.12,0.29,0,0,98,23,34,26,4,0,0,19,0,,,,,,,,,,,,,,,15466,6025fab1
1700,Max Moerstedt,de GER,FW,Hoffenheim,de Bundesliga,20.0,2006.0,17,1,370,4.1,2,0,2,2,0,0,2,0,0.49,5,3,60.0,1.22,0.73,0.4,0.67,0,0,3,2,0,7,2,0,0,12,0,,,,,,,,,,,,,,,1418703,
1701,Terem Moffi,ng NGA,FW,Nice,fr Ligue 1,26.0,1999.0,10,6,488,5.4,2,0,2,2,0,0,0,0,0.37,16,8,50.0,2.95,1.48,0.13,0.25,0,0,0,1,0,2,0,0,0,2,0,,,,,,,,,,,,,,,894396,065dc209
1702,Mostafa Mohamed,eg EGY,FW,Nantes,fr Ligue 1,28.0,1997.0,19,11,989,11.0,3,0,3,3,0,0,1,0,0.27,30,6,20.0,2.73,0.55,0.1,0.5,0,0,6,5,6,22,1,0,0,16,0,,,,,,,,,,,,,,,873551,595e6f3e
1703,Wael Mohya,de GER,MF,Gladbach,de Bundesliga,17.0,2008.0,10,2,297,3.3,1,0,1,1,0,0,0,0,0.3,6,3,50.0,1.82,0.91,0.17,0.33,0,0,7,3,2,8,0,0,0,3,0,,,,,,,,,,,,,,,1995809,
1704,Johan Mojica,co COL,DF,Mallorca,es La Liga,33.0,1992.0,28,23,2134,23.7,0,3,3,0,0,0,5,0,0.13,13,2,15.4,0.55,0.08,0.0,0.0,0,0,99,26,16,24,5,0,0,22,0,,,,,,,,,,,,,,,344847,608f2092
1705,Enzo Molebe,fr FRA,FW,Lyon,fr Ligue 1,18.0,2007.0,1,0,10,0.1,0,0,0,0,0,0,0,0,0.0,0,0,,0.0,0.0,,,0,0,0,0,0,0,0,0,0,0,0,,,,,,,,,,,,,,,1861678,
1706,Alberto Moleiro,es ESP,MF,Villarreal,es La Liga,22.0,2003.0,27,23,1818,20.2,9,4,13,9,0,0,3,0,0.64,39,17,43.6,1.93,0.84,0.23,0.53,0,0,20,13,8,20,3,0,0,27,0,,,,,,,,,,,,,,,1012444,c2c8897d
1707,Nahuel Molina,ar ARG,DF,Atlético Madrid,es La Liga,27.0,1998.0,20,11,1013,11.3,1,1,2,1,0,0,3,0,0.18,9,2,22.2,0.8,0.18,0.11,0.5,0,0,37,17,14,2,3,0,0,11,0,,,,,,,,,,,,,,,831799,23610943
1708,Jon Moncayola,es ESP,MF,Osasuna,es La Liga,27.0,1998.0,26,25,2172,24.1,0,4,4,0,0,0,6,0,0.17,17,3,17.6,0.7,0.12,0.0,0.0,0,0,100,19,20,10,6,0,0,27,0,,,,,,,,,,,,,,,976141,9939e168
1709,Jano Monserrate,es ESP,MF,Atlético Madrid,es La Liga,20.0,2006.0,1,0,18,0.2,0,0,0,0,0,0,0,0,0.0,0,0,,0.0,0.0,,,0,0,1,2,0,1,0,0,0,1,0,,,,,,,,,,,,,,,1832286,0fd21b73
1710,Jorge Montes,es ESP,DF,Getafe,es La Liga,22.0,2004.0,1,0,27,0.3,0,0,0,0,0,0,0,0,0.0,0,0,,0.0,0.0,,,0,0,2,2,0,0,0,0,0,1,0,,,,,,,,,,,,,,,1895197,e47d11f8
1711,Lorenzo Montipò,it ITA,GK,Hellas Verona,it Serie A,30.0,1996.0,26,26,2340,26.0,0,0,0,0,0,0,0,0,0.0,0,0,,0.0,0.0,,,0,0,0,0,0,5,0,0,0,0,0,44.0,1.69,106.0,65.0,60.4,3.0,8.0,15.0,4.0,15.4,4.0,2.0,2.0,0.0,253391,c1d95617
1712,Álvaro Morata,es ESP,FW,Como,it Serie A,33.0,1992.0,18,8,747,8.3,0,1,1,0,0,1,3,1,0.12,21,7,33.3,2.53,0.84,0.0,0.0,0,1,7,8,1,26,3,1,1,14,0,,,,,,,,,,,,,,,125407,129af0db
1713,Morato,br BRA,DF,Nottingham Forest,eng Premier League,24.0,2001.0,15,10,941,10.5,0,0,0,0,0,0,4,0,0.0,4,1,25.0,0.38,0.1,0.0,0.0,0,0,1,16,8,7,4,0,0,11,0,,,,,,,,,,,,,,,985086,218d5265
1714,Diego Morcillo,es ESP,FW,Alavés,es La Liga,22.0,2003.0,1,0,10,0.1,0,0,0,0,0,0,0,0,0.0,1,0,0.0,9.0,0.0,0.0,,0,0,1,0,0,1,0,0,0,1,0,,,,,,,,,,,,,,,1430809,
1715,Afonso Moreira,pt POR,MF,FW,Lyon,fr Ligue 1,20.0,2005.0,19,10,1008,11.2,2,6,8,2,0,0,2,0,0.71,23,8,34.8,2.05,0.71,0.09,0.25,0,0,63,15,7,25,2,0,0,14,0,,,,,,,,,,,,,,1215906,7f3f5aa6
1716,Diego Moreira,be BEL,MF,Strasbourg,fr Ligue 1,21.0,2004.0,23,21,1830,20.3,3,4,7,3,0,0,4,0,0.34,23,9,39.1,1.13,0.44,0.13,0.33,0,0,81,22,16,25,4,0,0,15,0,,,,,,,,,,,,,,,1142233,12de1b0d
1717,Alberto Moreno,es ESP,DF,Como,it Serie A,33.0,1992.0,12,9,811,9.0,1,0,1,1,0,0,1,0,0.11,7,3,42.9,0.78,0.33,0.14,0.33,0,0,17,6,4,4,1,0,0,11,0,,,,,,,,,,,,,,,229740,11b9265b
1718,Álex Moreno,es ESP,DF,MF,Girona,es La Liga,32.0,1993.0,22,20,1853,20.6,0,3,3,0,0,0,4,0,0.15,15,4,26.7,0.73,0.19,0.0,0.0,0,0,47,14,20,13,4,0,0,22,0,,,,,,,,,,,,,,294593,59259e55
1719,Fabio Moreno Fell,de GER,FW,Mainz 05,de Bundesliga,25.0,2000.0,2,1,77,0.9,0,0,0,0,0,0,0,0,0.0,1,0,0.0,1.17,0.0,0.0,,0,0,0,0,0,0,0,0,0,0,0,,,,,,,,,,,,,,,1065051,bc7b4580
1720,Gerard Moreno,es ESP,FW,Villarreal,es La Liga,33.0,1992.0,14,10,779,8.7,7,0,7,5,2,2,0,0,0.58,22,10,45.5,2.54,1.16,0.23,0.5,2,2,8,5,2,8,0,0,0,9,0,,,,,,,,,,,,,,,146866,81f0781e
1721,Matias Moreno,ar ARG,DF,Levante,es La Liga,22.0,2003.0,19,18,1487,16.5,0,0,0,0,0,0,5,0,0.0,7,0,0.0,0.42,0.0,0.0,,0,0,1,18,25,16,5,0,0,13,0,,,,,,,,,,,,,,,1496360,da4bd8fb
1722,Tete Morente,es ESP,MF,Elche,es La Liga,29.0,1996.0,3,3,223,2.5,0,0,0,0,0,0,1,0,0.0,1,0,0.0,0.4,0.0,0.0,,0,0,11,0,3,2,1,0,0,7,0,,,,,,,,,,,,,,,605374,7120a04d
1723,Tete Morente,es ESP,FW,MF,Lecce,it Serie A,29.0,1996.0,16,9,859,9.5,0,0,0,0,0,0,2,0,0.0,14,2,14.3,1.47,0.21,0.0,0.0,0,0,29,9,3,12,2,0,0,13,0,,,,,,,,,,,,,,605374,7120a04d
1724,Stefano Moreo,it ITA,FW,MF,Pisa,it Serie A,32.0,1993.0,28,20,1661,18.5,6,1,7,4,2,2,2,0,0.27,41,16,39.0,2.22,0.87,0.1,0.25,2,2,17,9,14,15,2,0,0,18,0,,,,,,,,,,,,,,346948,7c52943c
1725,Mateu Morey,es ESP,DF,MF,Mallorca,es La Liga,26.0,2000.0,16,8,629,7.0,1,0,1,1,0,0,2,0,0.14,4,2,50.0,0.57,0.29,0.25,0.5,0,0,8,8,5,8,2,0,0,12,0,,,,,,,,,,,,,,879543,5fd5e542
1726,Ilaix Moriba,gn GUI,MF,Celta Vigo,es La Liga,23.0,2003.0,28,19,1820,20.2,0,1,1,0,0,0,5,0,0.05,15,3,20.0,0.74,0.15,0.0,0.0,0,0,1,30,13,44,5,0,0,22,0,,,,,,,,,,,,,,,962890,f4c69aa6
1727,Manu Morlanes,es ESP,MF,Mallorca,es La Liga,27.0,1999.0,22,14,1102,12.2,1,0,1,1,0,0,4,1,0.08,6,2,33.3,0.49,0.16,0.17,0.5,0,0,2,19,11,7,4,1,1,14,0,,,,,,,,,,,,,,,826004,a0255c67
1728,Luca Moro,it ITA,FW,Sassuolo,it Serie A,25.0,2001.0,12,1,204,2.3,0,0,0,0,0,0,1,0,0.0,6,1,16.7,2.65,0.44,0.0,0.0,0,0,0,4,2,9,1,0,0,7,0,,,,,,,,,,,,,,,949780,96281a90
1729,Nikola Moro,hr CRO,MF,Bologna,it Serie A,28.0,1998.0,22,15,1365,15.2,2,0,2,2,0,0,1,0,0.13,13,1,7.7,0.86,0.07,0.15,2.0,0,0,36,6,11,14,1,0,0,14,0,,,,,,,,,,,,,,,814882,ff579c7e
1730,Raúl Moro,es ESP,MF,Osasuna,es La Liga,23.0,2002.0,7,4,340,3.8,0,2,2,0,0,0,0,0,0.53,4,0,0.0,1.06,0.0,0.0,,0,0,16,0,0,4,0,0,0,0,0,,,,,,,,,,,,,,,980383,919dd4b1
1731,Tyler Morton,eng ENG,MF,Lyon,fr Ligue 1,23.0,2002.0,23,23,2034,22.6,2,2,4,2,0,0,5,1,0.18,23,6,26.1,1.02,0.27,0.09,0.33,0,0,80,25,19,16,5,1,0,26,0,,,,,,,,,,,,,,,979118,2bc28bb9
1732,Daren Mosengo,fr FRA,MF,Le Havre,fr Ligue 1,19.0,2006.0,5,0,106,1.2,0,0,0,0,0,0,0,0,0.0,0,0,,0.0,0.0,,,0,0,0,0,1,2,0,0,0,1,0,,,,,,,,,,,,,,,1895829,
1733,Cristhian Mosquera,es ESP,DF,Arsenal,eng Premier League,21.0,2004.0,14,6,673,7.5,0,0,0,0,0,0,2,0,0.0,0,0,,0.0,0.0,,,0,0,0,16,8,3,2,0,0,8,0,,,,,,,,,,,,,,,1144630,dc1ce4f5
1734,Daniel Mosquera,co COL,FW,Hellas Verona,it Serie A,26.0,1999.0,20,5,586,6.5,0,2,2,0,0,0,1,0,0.31,16,5,31.3,2.46,0.77,0.0,0.0,0,0,2,2,2,6,1,0,0,22,0,,,,,,,,,,,,,,,1018179,636fc976
1735,Yerson Mosquera,co COL,DF,Wolves,eng Premier League,24.0,2001.0,22,19,1706,19.0,0,0,0,0,0,0,10,0,0.0,21,6,28.6,1.11,0.32,0.0,0.0,0,0,17,31,16,35,10,0,0,25,2,,,,,,,,,,,,,,,1014835,1e159d70
1736,Edoardo Motta,it ITA,GK,Lazio,it Serie A,21.0,2005.0,2,2,180,2.0,0,0,0,0,0,0,1,0,0.0,0,0,,0.0,0.0,,,0,0,0,0,0,0,1,0,0,0,0,1.0,0.5,7.0,6.0,85.7,2.0,0.0,0.0,1.0,50.0,0.0,0.0,0.0,0.0,1518983,35dfd6b5
1737,Mason Mount,eng ENG,MF,Manchester Utd,eng Premier League,27.0,1999.0,17,10,816,9.1,3,0,3,3,0,0,0,0,0.33,18,5,27.8,1.99,0.55,0.17,0.6,0,0,18,8,3,9,0,0,0,13,0,,,,,,,,,,,,,,,836694,9674002f
1738,Samir El Mourabet,ma MAR,MF,Strasbourg,fr Ligue 1,20.0,2005.0,26,21,1717,19.1,0,1,1,0,0,0,4,0,0.05,9,0,0.0,0.47,0.0,0.0,,0,0,17,32,24,18,4,0,0,19,0,,,,,,,,,,,,,,,1605921,92b4758e
1739,Santiago Mouriño,uy URU,DF,Villarreal,es La Liga,24.0,2002.0,21,20,1781,19.8,1,2,3,1,0,0,9,1,0.15,12,2,16.7,0.61,0.1,0.08,0.5,0,0,6,45,23,26,9,1,1,42,0,,,,,,,,,,,,,,,1468046,77ee5b27
1740,Louis Mouton,fr FRA,MF,Angers,fr Ligue 1,23.0,2002.0,25,21,1646,18.3,2,1,3,2,0,0,1,1,0.16,31,8,25.8,1.7,0.44,0.06,0.25,0,0,25,23,11,16,1,1,0,17,0,,,,,,,,,,,,,,,1172936,c37823fe
1741,Lionel Mpasi,cd COD,GK,Le Havre,fr Ligue 1,31.0,1994.0,4,3,315,3.5,0,0,0,0,0,0,1,0,0.0,0,0,,0.0,0.0,,,0,0,0,0,0,1,1,0,0,0,0,2.0,0.57,17.0,15.0,88.2,0.0,2.0,1.0,1.0,33.3,0.0,0.0,0.0,0.0,599192,
1742,Tarik Muharemovic,ba BIH,DF,Sassuolo,it Serie A,23.0,2003.0,25,25,2205,24.5,2,2,4,2,0,0,5,0,0.16,16,5,31.3,0.65,0.2,0.13,0.4,0,0,2,19,35,19,5,0,0,19,2,,,,,,,,,,,,,,,1118177,426dda23
1743,Miro Muheim,ch SUI,MF,DF,Hamburger SV,de Bundesliga,27.0,1998.0,25,24,2180,24.2,0,4,4,0,0,0,6,0,0.17,21,6,28.6,0.87,0.25,0.0,0.0,0,0,134,28,26,45,6,0,0,33,0,,,,,,,,,,,,,,798303,844c6a91
1744,Divine Mukasa,eng ENG,MF,Manchester City,eng Premier League,18.0,2007.0,2,0,27,0.3,0,0,0,0,0,0,0,0,0.0,0,0,,0.0,0.0,,,0,0,0,0,0,0,0,0,0,1,0,,,,,,,,,,,,,,,1467990,
1745,Ngal'Ayel Mukau,cd COD,MF,Lille,fr Ligue 1,21.0,2004.0,22,11,979,10.9,1,0,1,1,0,0,2,0,0.09,15,3,20.0,1.38,0.28,0.07,0.33,0,0,1,9,7,12,2,0,0,19,0,,,,,,,,,,,,,,,1391541,bb461b8a
1746,Nordan Mukiele,fr FRA,MF,Rennes,fr Ligue 1,20.0,2006.0,3,0,51,0.6,1,0,1,1,0,0,0,0,1.76,3,1,33.3,5.29,1.76,0.33,1.0,0,0,1,0,0,0,0,0,0,3,0,,,,,,,,,,,,,,,1891021,
1747,Nordi Mukiele,fr FRA,DF,Sunderland,eng Premier League,28.0,1997.0,25,25,2163,24.0,1,3,4,1,0,0,4,0,0.17,16,2,12.5,0.67,0.08,0.06,0.5,0,0,58,36,29,20,4,0,0,23,1,,,,,,,,,,,,,,,780014,ac73ec79
1748,Romaine Mundle,eng ENG,MF,Sunderland,eng Premier League,22.0,2003.0,14,2,411,4.6,0,0,0,0,0,0,1,0,0.0,7,2,28.6,1.53,0.44,0.0,0.0,0,0,11,4,1,8,1,0,0,7,0,,,,,,,,,,,,,,,1094440,
1749,Marshall Munetsi,zw ZIM,MF,Paris FC,fr Ligue 1,29.0,1996.0,9,5,504,5.6,3,0,3,3,0,0,0,0,0.54,13,5,38.5,2.32,0.89,0.23,0.6,0,0,0,2,2,7,0,0,0,6,0,,,,,,,,,,,,,,,894733,2acf0cd7
1750,Marshall Munetsi,zw ZIM,MF,FW,Wolves,eng Premier League,29.0,1996.0,13,9,875,9.7,1,1,2,1,0,0,2,0,0.21,14,6,42.9,1.44,0.62,0.07,0.17,0,0,14,13,5,10,2,0,0,19,0,,,,,,,,,,,,,,894733,2acf0cd7
1751,Rodrigo Muniz,br BRA,FW,Fulham,eng Premier League,24.0,2001.0,13,4,504,5.6,1,1,2,1,0,0,1,0,0.36,17,4,23.5,3.04,0.71,0.06,0.25,0,0,1,1,0,9,1,0,0,11,1,,,,,,,,,,,,,,,1015256,3284c3fa
1752,Believe Munongo,fr FRA,MF,Metz,fr Ligue 1,16.0,2009.0,6,4,295,3.3,0,0,0,0,0,0,0,0,0.0,3,0,0.0,0.92,0.0,0.0,,0,0,2,3,3,2,0,0,0,10,0,,,,,,,,,,,,,,,2076689,3b3ce142
1753,Aihen Muñoz,es ESP,DF,Real Sociedad,es La Liga,28.0,1997.0,16,7,686,7.6,0,0,0,0,0,0,1,0,0.0,5,1,20.0,0.66,0.13,0.0,0.0,0,0,18,16,5,3,1,0,0,6,0,,,,,,,,,,,,,,,966441,228b0d9d
1754,Daniel Muñoz,co COL,MF,Crystal Palace,eng Premier League,29.0,1996.0,21,21,1778,19.8,3,2,5,3,0,0,5,0,0.25,18,7,38.9,0.91,0.35,0.17,0.43,0,0,48,31,20,13,5,0,0,24,0,,,,,,,,,,,,,,,870360,778ef829
1755,Iker Muñoz,es ESP,MF,Osasuna,es La Liga,23.0,2002.0,12,4,583,6.5,0,0,0,0,0,0,3,0,0.0,6,2,33.3,0.93,0.31,0.0,0.0,0,0,1,4,8,11,3,0,0,15,0,,,,,,,,,,,,,,,1119586,
1756,Javier Muñoz,es ESP,MF,FW,Getafe,es La Liga,31.0,1995.0,14,4,489,5.4,0,0,0,0,0,0,0,0,0.0,12,6,50.0,2.21,1.1,0.0,0.0,0,0,10,4,4,2,0,0,0,6,0,,,,,,,,,,,,,,353154,
1757,Víctor Muñoz,es ESP,MF,FW,Osasuna,es La Liga,22.0,2003.0,28,26,2176,24.2,5,2,7,5,0,0,3,0,0.29,63,23,36.5,2.61,0.95,0.08,0.22,0,0,84,13,9,41,3,0,0,27,0,,,,,,,,,,,,,,1145642,06309ae6
1758,Arijanet Muric,xk KVX,GK,Sassuolo,it Serie A,27.0,1998.0,28,28,2520,28.0,0,0,0,0,0,0,4,0,0.0,0,0,,0.0,0.0,,,0,0,0,0,0,3,4,0,0,1,0,37.0,1.32,136.0,103.0,75.7,11.0,5.0,12.0,6.0,21.4,4.0,4.0,0.0,0.0,888971,99aa1a84
1759,Murillo,br BRA,DF,Nottingham Forest,eng Premier League,23.0,2002.0,22,22,1909,21.2,1,0,1,1,0,0,4,0,0.05,10,4,40.0,0.47,0.19,0.1,0.25,0,0,2,21,25,7,4,0,0,19,1,,,,,,,,,,,,,,,1199282,1704b0b8
1760,Vedat Muriqi,xk KVX,FW,Mallorca,es La Liga,31.0,1994.0,27,26,2228,24.8,18,1,19,13,5,6,3,1,0.57,83,39,47.0,3.35,1.58,0.16,0.33,5,6,1,3,3,49,3,1,0,27,0,,,,,,,,,,,,,,,310874,0cadc46d
1761,Alex Murphy,ie IRL,DF,Newcastle United,eng Premier League,21.0,2004.0,1,0,2,0.0,0,0,0,0,0,0,0,0,0.0,0,0,,0.0,0.0,,,0,0,0,0,0,0,0,0,0,0,0,,,,,,,,,,,,,,,1125214,f1c42eb3
1762,Jacob Murphy,eng ENG,FW,MF,Newcastle United,eng Premier League,31.0,1995.0,25,14,1220,13.6,3,1,4,3,0,0,1,0,0.3,37,11,29.7,2.73,0.81,0.08,0.27,0,0,99,10,2,7,1,0,0,4,0,,,,,,,,,,,,,,372336,de112b84
1763,Salim Musah,de GER,FW,Werder Bremen,de Bundesliga,20.0,2006.0,1,0,6,0.1,0,0,0,0,0,0,0,0,0.0,1,0,0.0,15.0,0.0,0.0,,0,0,0,0,1,0,0,0,0,0,0,,,,,,,,,,,,,,,1864786,
1764,Yunus Musah,us USA,MF,Atalanta,it Serie A,23.0,2002.0,15,3,435,4.8,1,0,1,1,0,0,1,0,0.21,6,1,16.7,1.24,0.21,0.17,1.0,0,0,9,4,3,14,1,0,0,6,0,,,,,,,,,,,,,,,983815,b51b1b9c
1765,Yunus Musah,us USA,MF,Milan,it Serie A,23.0,2002.0,1,1,90,1.0,0,0,0,0,0,0,0,0,0.0,0,0,,0.0,0.0,,,0,0,1,1,0,2,0,0,0,2,0,,,,,,,,,,,,,,,983815,b51b1b9c
1766,Jamal Musiala,de GER,MF,Bayern Munich,de Bundesliga,23.0,2003.0,8,2,306,3.4,1,2,3,0,1,1,1,0,0.59,13,4,30.8,3.82,1.18,0.0,0.0,1,1,2,2,2,12,1,0,0,2,0,,,,,,,,,,,,,,,1010231,2c0558b8
1767,Almoatasem Al Musrati,ly LBY,MF,Hellas Verona,it Serie A,29.0,1996.0,15,8,759,8.4,0,1,1,0,0,0,5,1,0.12,6,1,16.7,0.71,0.12,0.0,0.0,0,0,2,6,9,2,5,1,1,14,0,,,,,,,,,,,,,,,868958,
1768,Juan Musso,ar ARG,GK,Atlético Madrid,es La Liga,31.0,1994.0,2,2,180,2.0,0,0,0,0,0,0,1,0,0.0,0,0,,0.0,0.0,,,0,0,0,0,0,1,1,0,0,0,0,0.0,0.0,4.0,4.0,100.0,2.0,0.0,0.0,2.0,100.0,0.0,0.0,0.0,0.0,263651,a111cf41
1769,Cheveyo Muy,nl NED,FW,Milan,it Serie A,,,2,0,5,0.1,0,0,0,0,0,0,0,0,0.0,1,0,0.0,18.0,0.0,0.0,,0,0,0,0,0,0,0,0,0,0,0,,,,,,,,,,,,,,,,
1770,Yvon Mvogo,ch SUI,GK,Lorient,fr Ligue 1,31.0,1994.0,23,23,2070,23.0,0,0,0,0,0,0,0,0,0.0,0,0,,0.0,0.0,,,0,0,0,1,1,4,0,0,0,0,0,32.0,1.39,80.0,52.0,65.0,8.0,10.0,5.0,4.0,17.4,5.0,4.0,0.0,1.0,149656,dc29b608
1771,Joel Mvuka,no NOR,MF,DF,Lorient,fr Ligue 1,23.0,2002.0,15,5,560,6.2,0,0,0,0,0,0,0,0,0.0,8,1,12.5,1.29,0.16,0.0,0.0,0,0,12,13,6,11,0,0,0,4,0,,,,,,,,,,,,,,1027091,e47d11f8
1772,Junior Mwanga,fr FRA,DF,MF,Strasbourg,fr Ligue 1,22.0,2003.0,3,3,212,2.4,0,0,0,0,0,0,0,0,0.0,1,0,0.0,0.42,0.0,0.0,,0,0,3,5,0,1,0,0,0,4,0,,,,,,,,,,,,,,1197153,ee158be5
1773,Junior Mwanga,fr FRA,MF,Nantes,fr Ligue 1,22.0,2003.0,15,15,1260,14.0,1,1,2,1,0,0,2,1,0.14,9,3,33.3,0.64,0.21,0.11,0.33,0,0,5,14,8,14,2,1,0,15,0,,,,,,,,,,,,,,,1197153,ee158be5
1774,Phillipp Mwene,at AUT,MF,Mainz 05,de Bundesliga,32.0,1994.0,21,17,1453,16.1,0,1,1,0,0,0,3,0,0.06,6,0,0.0,0.37,0.0,0.0,,0,0,58,13,7,21,3,0,0,16,0,,,,,,,,,,,,,,,138126,
1775,Vitaliy Mykolenko,ua UKR,DF,Everton,eng Premier League,26.0,1999.0,25,25,2238,24.9,0,1,1,0,0,0,5,0,0.04,9,2,22.2,0.36,0.08,0.0,0.0,0,0,69,15,24,22,5,0,0,24,1,,,,,,,,,,,,,,,876643,30d4a2e5
1776,Joakim Mæhle,dk DEN,DF,MF,Wolfsburg,de Bundesliga,28.0,1997.0,8,6,514,5.7,0,1,1,0,0,0,0,0,0.18,6,1,16.7,1.05,0.18,0.0,0.0,0,0,8,7,12,0,0,0,0,4,0,,,,,,,,,,,,,,842364,c459a650
1777,David Møller Wolfe,no NOR,MF,DF,Wolves,eng Premier League,23.0,2002.0,18,9,846,9.4,0,2,2,0,0,0,1,0,0.21,3,0,0.0,0.32,0.0,0.0,,0,0,26,5,6,4,1,0,0,7,0,,,,,,,,,,,,,,1031283,c0ce0679
1778,Obite N'Dicka,ci CIV,DF,Roma,it Serie A,26.0,1999.0,23,23,2014,22.4,3,0,3,3,0,0,5,0,0.13,17,4,23.5,0.76,0.18,0.18,0.75,0,0,2,12,27,32,5,0,0,27,0,,,,,,,,,,,,,,,,
1779,Konan N'dri,ci CIV,FW,MF,Lecce,it Serie A,25.0,2000.0,19,0,356,4.0,2,0,2,2,0,0,2,0,0.51,13,4,30.8,3.29,1.01,0.15,0.5,0,0,10,3,0,15,2,0,0,7,0,,,,,,,,,,,,,,,17329380
1780,Stanley N'Soki,fr FRA,DF,MF,Union Berlin,de Bundesliga,26.0,1999.0,11,8,705,7.8,1,2,3,1,0,0,2,0,0.38,3,1,33.3,0.38,0.13,0.33,1.0,0,0,11,6,15,8,2,0,0,8,0,,,,,,,,,,,,,,904991,
1781,Bilal Nadir,ma MAR,MF,Marseille,fr Ligue 1,22.0,2003.0,18,5,565,6.3,0,4,4,0,0,0,5,1,0.64,7,1,14.3,1.12,0.16,0.0,0.0,0,0,9,9,4,4,5,1,1,22,0,,,,,,,,,,,,,,,1129527,226673c2
1782,Mahamadou Nagida,cm CMR,DF,Rennes,fr Ligue 1,20.0,2005.0,11,5,534,5.9,0,0,0,0,0,0,2,0,0.0,8,2,25.0,1.35,0.34,0.0,0.0,0,0,7,9,14,4,2,0,0,10,0,,,,,,,,,,,,,,,1545409,
1783,Younes Namli,dk DEN,FW,MF,Le Havre,fr Ligue 1,31.0,1994.0,12,3,327,3.6,0,1,1,0,0,0,2,0,0.28,4,0,0.0,1.1,0.0,0.0,,0,0,21,5,5,4,2,0,0,8,0,,,,,,,,,,,,,,235538,1a672e2d
1784,Sebastian Nanasi,se SWE,MF,Strasbourg,fr Ligue 1,23.0,2002.0,12,4,439,4.9,3,1,4,3,0,0,0,0,0.82,10,6,60.0,2.05,1.23,0.3,0.5,0,0,8,3,3,1,0,0,0,4,0,,,,,,,,,,,,,,,962068,ce747d2a
1785,Nikolas Nartey,dk DEN,MF,FW,Stuttgart,de Bundesliga,26.0,2000.0,22,10,909,10.1,2,1,3,2,0,0,1,0,0.3,18,8,44.4,1.78,0.79,0.11,0.25,0,0,14,10,9,14,1,0,0,14,0,,,,,,,,,,,,,,861981,30261ba1
1786,Noah Nartey,dk DEN,MF,FW,Lyon,fr Ligue 1,20.0,2005.0,7,4,468,5.2,2,0,2,2,0,0,0,0,0.38,3,2,66.7,0.58,0.38,0.67,1.0,0,0,1,6,2,6,0,0,0,5,0,,,,,,,,,,,,,,1195782,4c90fabc
1787,Natan,br BRA,DF,Real Betis,es La Liga,25.0,2001.0,25,25,2164,24.0,0,0,0,0,0,0,6,0,0.0,8,1,12.5,0.33,0.04,0.0,0.0,0,0,1,13,28,10,6,0,0,18,0,,,,,,,,,,,,,,,1015287,f7f09bee
1788,Pau Navarro,es ESP,DF,Villarreal,es La Liga,20.0,2005.0,16,16,1346,15.0,0,0,0,0,0,0,3,0,0.0,1,1,100.0,0.07,0.07,0.0,0.0,0,0,2,30,12,10,3,0,0,27,0,,,,,,,,,,,,,,,1525863,b5cf91dc
1789,Roberto Navarro,es ESP,MF,Athletic Club,es La Liga,23.0,2002.0,23,7,891,9.9,5,1,6,5,0,0,1,0,0.61,14,7,50.0,1.41,0.71,0.36,0.71,0,0,45,7,6,14,1,0,0,12,0,,,,,,,,,,,,,,,1382181,b5cf91dc
1790,Corrie Ndaba,ie IRL,DF,Lecce,it Serie A,26.0,1999.0,11,4,402,4.5,0,0,0,0,0,0,0,0,0.0,2,0,0.0,0.45,0.0,0.0,,0,0,2,4,1,0,0,0,0,2,0,,,,,,,,,,,,,,,981470,4db55657
1791,Michel Ndary Adopo,fr FRA,MF,Cagliari,it Serie A,25.0,2000.0,29,25,2313,25.7,1,1,2,1,0,0,2,0,0.08,23,10,43.5,0.89,0.39,0.04,0.1,0,0,14,24,24,22,2,0,0,28,0,,,,,,,,,,,,,,,928777,b866d849
1792,Youssouf Ndayishimiye,bi BDI,DF,MF,Nice,fr Ligue 1,27.0,1998.0,1,0,12,0.1,0,0,0,0,0,0,0,0,0.0,0,0,,0.0,0.0,,,0,0,0,0,0,0,0,0,0,0,0,,,,,,,,,,,,,,985934,65c55288
1793,Iliman Ndiaye,sn SEN,MF,Everton,eng Premier League,26.0,2000.0,24,24,2060,22.9,5,3,8,3,2,2,2,0,0.26,29,14,48.3,1.27,0.61,0.1,0.21,2,2,41,32,13,30,2,0,0,25,0,,,,,,,,,,,,,,,914309,5ed97752
1794,Rassoul Ndiaye,sn SEN,MF,Le Havre,fr Ligue 1,24.0,2001.0,26,23,1982,22.0,3,3,6,3,0,0,1,0,0.27,25,6,24.0,1.14,0.27,0.12,0.5,0,0,81,24,13,29,1,0,0,14,0,,,,,,,,,,,,,,,992026,36f65bdf
1795,Quentin Ndjantou Mbitcha,fr FRA,MF,Paris Saint-Germain,fr Ligue 1,18.0,2007.0,10,3,360,4.0,1,1,2,1,0,0,1,0,0.5,9,3,33.3,2.25,0.75,0.11,0.33,0,0,4,1,2,2,1,0,0,7,0,,,,,,,,,,,,,,,,57e30346
1796,Tanguy Ndombele,fr FRA,MF,Nice,fr Ligue 1,29.0,1996.0,7,2,192,2.1,0,1,1,0,0,0,0,0,0.47,4,1,25.0,1.87,0.47,0.0,0.0,0,0,1,1,0,6,0,0,0,1,0,,,,,,,,,,,,,,,845486,5cdddffa
1797,Cher Ndour,it ITA,MF,Fiorentina,it Serie A,21.0,2004.0,24,12,1161,12.9,1,0,1,1,0,0,1,0,0.08,14,4,28.6,1.09,0.31,0.07,0.25,0,0,15,9,9,14,1,0,0,15,0,,,,,,,,,,,,,,,1114422,3b88609d
1798,Dan Ndoye,ch SUI,MF,Nottingham Forest,eng Premier League,25.0,2000.0,22,14,1160,12.9,1,1,2,1,0,0,1,0,0.16,15,4,26.7,1.16,0.31,0.07,0.25,0,0,41,11,10,19,1,0,0,15,0,,,,,,,,,,,,,,,944327,8e697a8f
1799,Joseph Nduquidi,fr FRA,MF,Metz,fr Ligue 1,21.0,2004.0,1,0,7,0.1,0,0,0,0,0,0,0,0,0.0,0,0,,0.0,0.0,,,0,0,1,0,0,0,0,0,0,0,0,,,,,,,,,,,,,,,,e47d11f8
1800,Paul Nebel,de GER,MF,Mainz 05,de Bundesliga,23.0,2002.0,22,16,1416,15.7,2,1,3,2,0,0,2,2,0.19,19,3,15.8,1.21,0.19,0.11,0.67,0,0,99,23,9,14,2,2,0,20,0,,,,,,,,,,,,,,,980621,
1801,Kosta Nedeljković,rs SRB,DF,RB Leipzig,de Bundesliga,20.0,2005.0,5,3,251,2.8,0,0,0,0,0,0,0,0,0.0,0,0,,0.0,0.0,,,0,0,6,1,1,1,0,0,0,1,0,,,,,,,,,,,,,,,1152923,
1802,Loïc Nego,hu HUN,DF,MF,Le Havre,fr Ligue 1,35.0,1991.0,23,22,1933,21.5,0,0,0,0,0,0,2,0,0.0,16,3,18.8,0.74,0.14,0.0,0.0,0,0,60,25,26,16,2,0,0,15,0,,,,,,,,,,,,,,54308,c3b6fa1e
1803,Dan Neil,eng ENG,MF,Sunderland,eng Premier League,24.0,2001.0,3,0,14,0.2,0,0,0,0,0,0,0,0,0.0,0,0,,0.0,0.0,,,0,0,0,0,1,1,0,0,0,0,0,,,,,,,,,,,,,,,964106,f846c85b
1804,Reiss Nelson,eng ENG,FW,MF,Brentford,eng Premier League,26.0,1999.0,7,0,61,0.7,0,0,0,0,0,0,0,0,0.0,4,1,25.0,5.9,1.48,0.0,0.0,0,0,1,1,0,2,0,0,0,0,0,,,,,,,,,,,,,,826139,c5bdb6e3
1805,Victor Nelsson,dk DEN,DF,Hellas Verona,it Serie A,27.0,1998.0,29,28,2506,27.8,0,0,0,0,0,0,3,0,0.0,6,0,0.0,0.22,0.0,0.0,,0,0,1,24,54,15,3,0,0,34,1,,,,,,,,,,,,,,,846148,e53b5534
1806,David Neres,br BRA,FW,MF,Napoli,it Serie A,29.0,1997.0,16,10,922,10.2,3,3,6,3,0,0,3,0,0.59,17,4,23.5,1.66,0.39,0.18,0.75,0,0,53,5,1,7,3,0,0,19,0,,,,,,,,,,,,,,850993,4f1e6a0b
1807,Martim Neto,pt POR,MF,Elche,es La Liga,23.0,2003.0,22,13,1177,13.1,2,5,7,2,0,0,2,0,0.54,12,4,33.3,0.92,0.31,0.17,0.5,0,0,25,9,2,9,2,0,0,16,0,,,,,,,,,,,,,,,1100646,a9dc785c
1808,Pedro Neto,pt POR,MF,Chelsea,eng Premier League,26.0,2000.0,28,24,2140,23.8,5,4,9,5,0,0,4,1,0.38,39,11,28.2,1.64,0.46,0.13,0.45,0,0,154,9,6,20,4,1,1,11,0,,,,,,,,,,,,,,,879349,7ba2eaa9
1809,Luca Netz,de GER,MF,DF,Gladbach,de Bundesliga,22.0,2003.0,15,10,940,10.4,0,2,2,0,0,0,1,0,0.19,2,0,0.0,0.19,0.0,0.0,,0,0,26,10,7,2,1,0,0,8,0,,,,,,,,,,,,,,979144,e79269bd
1810,Luca Netz,de GER,DF,MF,Nottingham Forest,eng Premier League,22.0,2003.0,2,0,50,0.6,0,0,0,0,0,0,0,0,0.0,0,0,,0.0,0.0,,,0,0,2,0,0,0,0,0,0,0,0,,,,,,,,,,,,,,979144,e79269bd
1811,Manuel Neuer,de GER,GK,Bayern Munich,de Bundesliga,39.0,1986.0,19,19,1620,18.0,0,0,0,0,0,0,0,0,0.0,0,0,,0.0,0.0,,,0,0,0,0,0,2,0,0,0,0,0,17.0,0.94,42.0,26.0,61.9,16.0,3.0,0.0,6.0,31.6,1.0,1.0,0.0,0.0,8959,8778c910
1812,Florian Neuhaus,de GER,MF,FW,Gladbach,de Bundesliga,29.0,1997.0,16,11,902,10.0,0,1,1,0,0,0,0,0,0.1,22,6,27.3,2.2,0.6,0.0,0.0,0,0,9,7,9,9,0,0,0,9,0,,,,,,,,,,,,,,837205,
1813,Cenny Neumann,de GER,FW,Köln,de Bundesliga,19.0,2007.0,1,0,5,0.1,0,0,0,0,0,0,0,0,0.0,0,0,,0.0,0.0,,,0,0,0,0,0,0,0,0,0,1,0,,,,,,,,,,,,,,,1823913,
1814,João Neves,pt POR,MF,Paris Saint-Germain,fr Ligue 1,21.0,2004.0,14,11,1002,11.1,5,1,6,5,0,0,0,0,0.54,21,6,28.6,1.89,0.54,0.24,0.83,0,0,2,12,4,8,0,0,0,12,0,,,,,,,,,,,,,,,1190933,c2a15a27
1815,Yvan Neyou,cm CMR,MF,Getafe,es La Liga,29.0,1997.0,5,0,67,0.7,0,0,0,0,0,0,2,0,0.0,0,0,,0.0,0.0,,,0,0,0,0,0,2,2,0,0,4,0,,,,,,,,,,,,,,,869931,0ad37003
1816,Jessic Ngankam,de GER,FW,Eintracht Frankfurt,de Bundesliga,25.0,2000.0,3,0,62,0.7,0,0,0,0,0,0,0,0,0.0,0,0,,0.0,0.0,,,0,0,0,0,0,2,0,0,0,4,0,,,,,,,,,,,,,,,906276,
1817,Oumar Ngom,mr MTN,MF,Lecce,it Serie A,22.0,2004.0,6,2,244,2.7,0,0,0,0,0,0,0,0,0.0,2,0,0.0,0.74,0.0,0.0,,0,0,1,6,7,3,0,0,0,6,0,,,,,,,,,,,,,,,1175854,2fd5aca2
1818,Cyril Ngonge,be BEL,FW,Torino,it Serie A,25.0,2000.0,20,11,994,11.0,1,1,2,1,0,0,2,0,0.18,24,12,50.0,2.17,1.09,0.04,0.08,0,0,19,4,2,18,2,0,0,20,0,,,,,,,,,,,,,,,877037,2b8360f1
1819,Cyril Ngonge,be BEL,MF,Espanyol,es La Liga,25.0,2000.0,4,2,169,1.9,0,2,2,0,0,0,2,0,1.07,6,2,33.3,3.2,1.07,0.0,0.0,0,0,16,1,3,4,2,0,0,3,0,,,,,,,,,,,,,,,877037,2b8360f1
1820,Mikayil Ngor Faye,sn SEN,MF,DF,Cremonese,it Serie A,21.0,2004.0,8,2,254,2.8,0,0,0,0,0,0,1,0,0.0,2,0,0.0,0.71,0.0,0.0,,0,0,6,6,5,4,1,0,0,2,0,,,,,,,,,,,,,,,b37ae816
1821,Mikayil Ngor Faye,sn SEN,MF,Rennes,fr Ligue 1,21.0,2004.0,1,0,8,0.1,0,0,0,0,0,0,0,0,0.0,0,0,,0.0,0.0,,,0,0,0,0,0,0,0,0,0,0,0,,,,,,,,,,,,,,,,b37ae816
1822,Nathan Ngoy,be BEL,DF,Lille,fr Ligue 1,22.0,2003.0,22,20,1775,19.7,1,2,3,1,0,0,6,1,0.15,18,5,27.8,0.91,0.25,0.06,0.2,0,0,5,18,33,6,6,1,0,15,0,,,,,,,,,,,,,,,1119487,eb7abf2e
1823,Bernard Nguene,cm CMR,FW,Nice,fr Ligue 1,19.0,2006.0,6,0,138,1.5,0,0,0,0,0,0,1,0,0.0,3,0,0.0,1.96,0.0,0.0,,0,0,1,1,3,2,1,0,0,3,0,,,,,,,,,,,,,,,2017474,ab4b3e35
1824,Rio Ngumoha,eng ENG,MF,Liverpool,eng Premier League,17.0,2008.0,12,1,201,2.2,1,0,1,1,0,0,0,0,0.45,6,4,66.7,2.69,1.79,0.17,0.25,0,0,12,1,1,3,0,0,0,1,0,,,,,,,,,,,,,,,1881902,022eca88
1825,Moussa Niakhate,sn SEN,DF,Lyon,fr Ligue 1,30.0,1996.0,24,22,2039,22.7,0,2,2,0,0,0,3,0,0.09,3,0,0.0,0.13,0.0,0.0,,0,0,3,17,20,20,3,0,0,30,0,,,,,,,,,,,,,,,758168,00242715
1826,Abdoulaye Niakhate Ndiaye,sn SEN,DF,Parma,it Serie A,23.0,2002.0,7,6,496,5.5,0,0,0,0,0,0,4,1,0.0,4,0,0.0,0.73,0.0,0.0,,0,0,0,8,9,7,4,1,1,10,0,,,,,,,,,,,,,,,984527,
1827,Youssoupha Niang,de GER,MF,Köln,de Bundesliga,19.0,2006.0,6,2,156,1.7,0,0,0,0,0,0,0,0,0.0,5,1,20.0,2.88,0.58,0.0,0.0,0,0,2,1,0,3,0,0,0,4,0,,,,,,,,,,,,,,,2197599,
1828,Tanguy Nianzou,fr FRA,DF,Sevilla,es La Liga,23.0,2002.0,11,7,618,6.9,0,0,0,0,0,0,5,0,0.0,6,0,0.0,0.87,0.0,0.0,,0,0,0,10,4,6,5,0,0,14,0,,,,,,,,,,,,,,,1003007,5853ac44
1829,Cheikh Niasse,sn SEN,MF,Hellas Verona,it Serie A,26.0,2000.0,19,11,970,10.8,0,1,1,0,0,0,1,0,0.09,6,1,16.7,0.56,0.09,0.0,0.0,0,0,14,14,15,15,1,0,0,20,0,,,,,,,,,,,,,,,972523,ff20acfe
1830,Samuel Nibombé,be BEL,DF,Monaco,fr Ligue 1,18.0,2007.0,1,0,1,0.0,0,0,0,0,0,0,0,0,0.0,0,0,,0.0,0.0,,,0,0,0,0,0,0,0,0,0,0,0,,,,,,,,,,,,,,,1566349,d4a5642b
1831,Rasmus Nicolaisen,dk DEN,DF,Toulouse,fr Ligue 1,29.0,1997.0,25,23,1934,21.5,0,0,0,0,0,0,3,0,0.0,13,4,30.8,0.6,0.19,0.0,0.0,0,0,2,9,33,13,3,0,0,25,0,,,,,,,,,,,,,,,798124,3f319bb9
1832,Moritz Nicolas,de GER,GK,Gladbach,de Bundesliga,28.0,1997.0,26,26,2340,26.0,0,0,0,0,0,0,0,0,0.0,0,0,,0.0,0.0,,,0,0,0,1,0,2,0,0,0,0,0,43.0,1.65,137.0,98.0,71.5,7.0,7.0,12.0,10.0,38.5,4.0,4.0,0.0,0.0,578166,
1833,Hans Nicolussi Caviglia,it ITA,MF,Fiorentina,it Serie A,25.0,2000.0,11,7,585,6.5,0,1,1,0,0,0,4,0,0.15,4,1,25.0,0.62,0.15,0.0,0.0,0,0,30,7,3,15,4,0,0,15,0,,,,,,,,,,,,,,,876259,b136c945
1834,Hans Nicolussi Caviglia,it ITA,MF,Parma,it Serie A,25.0,2000.0,6,2,227,2.5,0,2,2,0,0,0,0,0,0.79,5,0,0.0,1.98,0.0,0.0,,0,0,9,0,0,2,0,0,0,3,0,,,,,,,,,,,,,,,876259,b136c945
1835,Julian Niehues,de GER,MF,Heidenheim,de Bundesliga,24.0,2001.0,19,14,1107,12.3,3,0,3,3,0,0,1,0,0.24,16,5,31.3,1.3,0.41,0.19,0.6,0,0,3,7,16,6,1,0,0,8,0,,,,,,,,,,,,,,,1066042,f3541f8a
1836,Oliver Nielsen,dk DEN,DF,Lazio,it Serie A,22.0,2003.0,17,8,911,10.1,0,0,0,0,0,0,2,0,0.0,3,1,33.3,0.3,0.1,0.0,0.0,0,0,1,5,10,5,2,0,0,8,0,,,,,,,,,,,,,,,1833990,
1837,Alieu Njie,se SWE,FW,Torino,it Serie A,20.0,2005.0,9,1,120,1.3,1,1,2,1,0,0,1,0,1.5,3,2,66.7,2.25,1.5,0.33,0.5,0,0,2,0,0,1,1,0,0,4,0,,,,,,,,,,,,,,,1493157,
1838,Justin Njinmah,de GER,FW,MF,Werder Bremen,de Bundesliga,25.0,2000.0,25,16,1359,15.1,4,0,4,4,0,0,1,0,0.26,43,17,39.5,2.85,1.13,0.09,0.24,0,0,23,9,6,12,1,0,0,8,0,,,,,,,,,,,,,,1005343,
1839,Obed Nkambadio,fr FRA,GK,Paris FC,fr Ligue 1,23.0,2003.0,11,11,990,11.0,0,0,0,0,0,0,0,0,0.0,0,0,,0.0,0.0,,,0,0,0,0,0,0,0,0,0,0,0,20.0,1.82,39.0,22.0,53.8,2.0,3.0,6.0,1.0,9.1,4.0,2.0,1.0,1.0,1015872,c15e8d9e
1840,Eddie Nketiah,eng ENG,MF,Crystal Palace,eng Premier League,26.0,1999.0,12,2,424,4.7,2,0,2,2,0,0,2,0,0.42,15,6,40.0,3.18,1.27,0.13,0.33,0,0,0,6,2,7,2,0,0,7,0,,,,,,,,,,,,,,,858194,a53649b7
1841,Niels Nkounkou,fr FRA,MF,DF,Torino,it Serie A,25.0,2000.0,8,3,320,3.6,0,1,1,0,0,0,2,0,0.28,3,0,0.0,0.84,0.0,0.0,,0,0,15,7,7,3,2,0,0,1,0,,,,,,,,,,,,,,941179,f5b281e7
1842,Christopher Nkunku,fr FRA,FW,Milan,it Serie A,28.0,1997.0,23,11,996,11.1,5,3,8,2,3,3,0,0,0.45,20,11,55.0,1.81,0.99,0.1,0.18,3,3,8,2,1,18,0,0,0,7,0,,,,,,,,,,,,,,,769333,7c56da38
1843,Felix Nmecha,de GER,MF,Dortmund,de Bundesliga,25.0,2000.0,26,23,1980,22.0,2,3,5,2,0,0,0,0,0.23,27,6,22.2,1.23,0.27,0.07,0.33,0,0,6,20,23,19,0,0,0,26,0,,,,,,,,,,,,,,,907463,091c86e2
1844,Lukas Nmecha,de GER,FW,Leeds United,eng Premier League,27.0,1998.0,24,8,812,9.0,6,1,7,4,2,3,0,0,0.55,21,13,61.9,2.33,1.44,0.19,0.31,2,3,5,4,3,13,0,0,0,16,0,,,,,,,,,,,,,,,803185,0cc5f4a5
1845,Tochukwu Nnadi,ng NGA,MF,Marseille,fr Ligue 1,22.0,2003.0,3,0,27,0.3,0,0,0,0,0,0,0,0,0.0,0,0,,0.0,0.0,,,0,0,0,0,1,0,0,0,0,2,0,,,,,,,,,,,,,,,1191892,23c7594c
1846,Martin Nogoto Bley,bf BFA,MF,Lorient,fr Ligue 1,20.0,2006.0,1,0,1,0.0,0,0,0,0,0,0,0,0,0.0,0,0,,0.0,0.0,,,0,0,0,0,0,0,0,0,0,0,0,,,,,,,,,,,,,,,2266256,
1847,Arnaud Nordin,fr FRA,MF,FW,Mainz 05,de Bundesliga,27.0,1998.0,13,5,469,5.2,0,0,0,0,0,0,0,0,0.0,13,2,15.4,2.49,0.38,0.0,0.0,0,0,15,6,3,13,0,0,0,4,0,,,,,,,,,,,,,,848458,
1848,Arnaud Nordin,fr FRA,MF,FW,Rennes,fr Ligue 1,27.0,1998.0,6,6,432,4.8,1,1,2,1,0,0,1,0,0.42,12,3,25.0,2.5,0.62,0.08,0.33,0,0,11,6,0,14,1,0,0,6,0,,,,,,,,,,,,,,848458,
1849,Brooke Norton-Cuffy,eng ENG,MF,DF,Genoa,it Serie A,22.0,2004.0,25,24,2091,23.2,2,1,3,2,0,0,5,1,0.13,13,5,38.5,0.56,0.22,0.15,0.4,0,0,75,29,11,15,5,1,1,23,0,,,,,,,,,,,,,,1087514,
1850,Tijjani Noslin,nl NED,FW,Lazio,it Serie A,26.0,1999.0,20,4,557,6.2,2,0,2,2,0,0,2,1,0.32,19,8,42.1,3.07,1.29,0.11,0.25,0,0,3,3,0,12,2,1,1,6,0,,,,,,,,,,,,,,,1069244,
1851,Noah Nsoki,fr FRA,MF,Paris Saint-Germain,fr Ligue 1,19.0,2007.0,1,0,8,0.1,0,0,0,0,0,0,0,0,0.0,0,0,,0.0,0.0,,,0,0,0,1,0,0,0,0,0,0,0,,,,,,,,,,,,,,,1937806,
1852,Randy Nteka,ao ANG,FW,MF,Rayo Vallecano,es La Liga,28.0,1997.0,8,0,99,1.1,0,0,0,0,0,0,0,0,0.0,4,0,0.0,3.64,0.0,0.0,,0,0,0,2,0,3,0,0,0,4,0,,,,,,,,,,,,,,932764,e3985fc6
1853,Alexander Nübel,de GER,GK,Stuttgart,de Bundesliga,29.0,1996.0,26,26,2340,26.0,0,1,1,0,0,0,0,0,0.04,0,0,,0.0,0.0,,,0,0,0,0,1,7,0,0,0,0,0,34.0,1.31,103.0,76.0,73.8,15.0,5.0,6.0,10.0,38.5,8.0,7.0,1.0,0.0,584722,afb0c500
1854,Matheus Nunes,pt POR,DF,Manchester City,eng Premier League,27.0,1998.0,27,25,2265,25.2,1,4,5,1,0,0,4,0,0.2,7,2,28.6,0.28,0.08,0.14,0.5,0,0,52,35,24,25,4,0,0,13,0,,,,,,,,,,,,,,,945122,e6af02e0
1855,Álvaro Núñez,es ESP,DF,MF,Elche,es La Liga,25.0,2000.0,19,19,1647,18.3,0,2,2,0,0,0,2,0,0.11,4,0,0.0,0.22,0.0,0.0,,0,0,60,15,15,17,2,0,0,12,0,,,,,,,,,,,,,,1012410,b5cf91dc
1856,Álvaro Núñez,es ESP,DF,Celta Vigo,es La Liga,25.0,2000.0,1,1,57,0.6,0,0,0,0,0,0,0,0,0.0,1,1,100.0,1.58,1.58,0.0,0.0,0,0,0,0,1,0,0,0,0,1,0,,,,,,,,,,,,,,,1012410,b5cf91dc
1857,Unai Núñez,es ESP,DF,Hellas Verona,it Serie A,29.0,1997.0,17,15,1265,14.1,0,0,0,0,0,0,6,0,0.0,7,1,14.3,0.5,0.07,0.0,0.0,0,0,11,18,23,10,6,0,0,27,1,,,,,,,,,,,,,,,892521,be170419
1858,Unai Núñez,es ESP,DF,Valencia,es La Liga,29.0,1997.0,6,6,500,5.6,0,0,0,0,0,0,2,0,0.0,4,0,0.0,0.72,0.0,0.0,,0,0,2,6,5,3,2,0,0,5,0,,,,,,,,,,,,,,,892521,be170419
1859,Joi Nuredini,al ALB,FW,Genoa,it Serie A,18.0,2007.0,1,0,2,0.0,0,0,0,0,0,0,0,0,0.0,0,0,,0.0,0.0,,,0,0,0,0,0,0,0,0,0,0,0,,,,,,,,,,,,,,,1605324,e47d11f8
1860,Antonio Nusa,no NOR,FW,MF,RB Leipzig,de Bundesliga,20.0,2005.0,23,19,1597,17.7,2,2,4,2,0,0,0,0,0.23,50,13,26.0,2.82,0.73,0.04,0.15,0,0,56,9,5,50,0,0,0,9,0,,,,,,,,,,,,,,1121923,
1861,Ethan Nwaneri,eng ENG,MF,Arsenal,eng Premier League,18.0,2007.0,6,0,171,1.9,0,0,0,0,0,0,0,0,0.0,6,0,0.0,3.16,0.0,0.0,,0,0,2,0,0,0,0,0,0,2,0,,,,,,,,,,,,,,,1401702,7f94982c
1862,Ethan Nwaneri,eng ENG,MF,Marseille,fr Ligue 1,18.0,2007.0,6,3,217,2.4,1,1,2,1,0,0,1,0,0.83,6,2,33.3,2.49,0.83,0.17,0.5,0,0,6,1,2,1,1,0,0,4,0,,,,,,,,,,,,,,,1401702,7f94982c
1863,Ørjan Nyland,no NOR,GK,Sevilla,es La Liga,35.0,1990.0,4,4,360,4.0,0,0,0,0,0,0,1,0,0.0,0,0,,0.0,0.0,,,0,0,0,0,0,0,1,0,0,0,0,7.0,1.75,15.0,9.0,60.0,1.0,1.0,2.0,1.0,25.0,1.0,1.0,0.0,0.0,22209,bdedffac
1864,Allan Nyom,cm CMR,DF,Getafe,es La Liga,37.0,1988.0,11,4,289,3.2,0,0,0,0,0,0,4,1,0.0,3,1,33.3,0.93,0.31,0.0,0.0,0,0,6,5,1,3,4,1,0,11,0,,,,,,,,,,,,,,,128637,97572117
1865,Trey Nyoni,eng ENG,MF,Liverpool,eng Premier League,18.0,2007.0,4,0,15,0.2,0,0,0,0,0,0,0,0,0.0,1,0,0.0,6.0,0.0,0.0,,0,0,0,0,0,0,0,0,0,0,0,,,,,,,,,,,,,,,1445945,
1866,Rabby Nzingoula,fr FRA,MF,Strasbourg,fr Ligue 1,20.0,2005.0,4,0,51,0.6,0,0,0,0,0,0,0,1,0.0,1,0,0.0,1.76,0.0,0.0,,0,0,2,1,1,2,0,1,0,3,0,,,,,,,,,,,,,,,1492676,
1867,M'Bala Nzola,ao ANG,FW,Pisa,it Serie A,29.0,1996.0,16,11,1052,11.7,3,0,3,1,2,3,1,1,0.09,28,7,25.0,2.4,0.6,0.04,0.14,2,3,7,2,1,17,1,1,0,18,0,,,,,,,,,,,,,,,788061,
1868,M'Bala Nzola,ao ANG,FW,Sassuolo,it Serie A,29.0,1996.0,6,1,176,2.0,0,0,0,0,0,0,1,0,0.0,3,1,33.3,1.53,0.51,0.0,0.0,0,0,0,2,1,3,1,0,0,6,0,,,,,,,,,,,,,,,788061,
1869,Christian Nørgaard,dk DEN,MF,Arsenal,eng Premier League,32.0,1994.0,6,0,61,0.7,0,0,0,0,0,0,0,0,0.0,1,1,100.0,1.48,1.48,0.0,0.0,0,0,0,0,0,0,0,0,0,1,0,,,,,,,,,,,,,,,135256,df0a4c90
1870,Jake O'Brien,ie IRL,DF,Everton,eng Premier League,24.0,2001.0,29,27,2458,27.3,0,1,1,0,0,0,2,1,0.04,9,3,33.3,0.33,0.11,0.0,0.0,0,0,41,28,10,10,2,1,0,15,0,,,,,,,,,,,,,,,998253,25f2ef01
1871,Luke O'Nien,eng ENG,DF,Sunderland,eng Premier League,31.0,1994.0,7,1,141,1.6,0,0,0,0,0,0,1,1,0.0,0,0,,0.0,0.0,,,0,0,2,2,2,3,1,1,0,4,0,,,,,,,,,,,,,,,365812,8092d497
1872,Matt O'Riley,dk DEN,MF,Marseille,fr Ligue 1,25.0,2000.0,15,6,741,8.2,1,2,3,1,0,0,2,0,0.36,7,3,42.9,0.85,0.36,0.14,0.33,0,0,7,8,6,1,2,0,0,15,0,,,,,,,,,,,,,,,891829,fb495bb8
1873,Matt O'Riley,dk DEN,MF,Brighton,eng Premier League,25.0,2000.0,4,2,187,2.1,1,0,1,0,1,1,0,0,0.0,4,2,50.0,1.93,0.96,0.0,0.0,1,1,6,2,0,1,0,0,0,2,0,,,,,,,,,,,,,,,891829,fb495bb8
1874,Adam Obert,sk SVK,DF,MF,Cagliari,it Serie A,23.0,2002.0,27,25,2069,23.0,0,3,3,0,0,0,10,1,0.13,9,3,33.3,0.39,0.13,0.0,0.0,0,0,34,23,38,8,10,1,1,37,0,,,,,,,,,,,,,,964153,
1875,Jan Oblak,si SVN,GK,Atlético Madrid,es La Liga,33.0,1993.0,26,26,2340,26.0,0,0,0,0,0,0,0,0,0.0,0,0,,0.0,0.0,,,0,0,0,0,0,4,0,0,0,0,0,25.0,0.96,82.0,58.0,70.7,15.0,6.0,5.0,10.0,38.5,2.0,1.0,0.0,1.0,69768,ee8508c0
1876,Noam Obougou Jacquet,fr FRA,FW,Le Havre,fr Ligue 1,20.0,2006.0,5,0,104,1.2,1,0,1,1,0,0,0,0,0.87,4,3,75.0,3.46,2.6,0.25,0.33,0,0,2,0,1,3,0,0,0,5,0,,,,,,,,,,,,,,,1895833,2c940a85
1877,Rafel Obrador,es ESP,MF,Torino,it Serie A,22.0,2004.0,7,5,389,4.3,0,1,1,0,0,0,0,0,0.23,3,1,33.3,0.69,0.23,0.0,0.0,0,0,13,4,6,1,0,0,0,3,0,,,,,,,,,,,,,,,1142692,
1878,Job Ochieng',ke KEN,FW,Real Sociedad,es La Liga,23.0,2003.0,1,0,26,0.3,0,0,0,0,0,0,0,0,0.0,0,0,,0.0,0.0,,,0,0,1,0,0,0,0,0,0,0,0,,,,,,,,,,,,,,,1111081,e47d11f8
1879,Cas Odenthal,nl NED,DF,Sassuolo,it Serie A,25.0,2000.0,1,0,1,0.0,0,0,0,0,0,0,0,0,0.0,0,0,,0.0,0.0,,,0,0,0,0,0,0,0,0,0,0,0,,,,,,,,,,,,,,,991677,e14e10b1
1880,Jens Odgaard,dk DEN,MF,Bologna,it Serie A,26.0,1999.0,22,15,1240,13.8,5,1,6,5,0,0,1,0,0.44,32,12,37.5,2.32,0.87,0.16,0.42,0,0,13,10,4,27,1,0,0,26,0,,,,,,,,,,,,,,,826064,75374ee7
1881,Wilson Odobert,fr FRA,MF,FW,Tottenham Hotspur,eng Premier League,21.0,2004.0,24,10,985,10.9,0,2,2,0,0,0,0,0,0.18,21,8,38.1,1.92,0.73,0.0,0.0,0,0,28,8,0,10,0,0,0,2,0,,,,,,,,,,,,,,1142679,35516eac
1882,David Odogu,de GER,DF,Milan,it Serie A,19.0,2006.0,1,0,5,0.1,0,0,0,0,0,0,0,0,0.0,0,0,,0.0,0.0,,,0,0,0,0,0,0,0,0,0,0,0,,,,,,,,,,,,,,,1424191,c0ce0679
1883,Álvaro Odriozola,es ESP,DF,Real Sociedad,es La Liga,30.0,1995.0,5,2,201,2.2,1,0,1,1,0,0,0,0,0.45,1,1,100.0,0.45,0.45,1.0,1.0,0,0,3,1,1,3,0,0,0,1,0,,,,,,,,,,,,,,,353250,1d1691ad
1884,Tim Oermann,de GER,DF,Leverkusen,de Bundesliga,22.0,2003.0,1,0,9,0.1,0,0,0,0,0,0,0,0,0.0,0,0,,0.0,0.0,,,0,0,0,1,0,0,0,0,0,0,0,,,,,,,,,,,,,,,1138778,
1885,Ifechukwu Ogbus,ch SUI,DF,Freiburg,de Bundesliga,20.0,2005.0,10,8,762,8.5,0,0,0,0,0,0,0,0,0.0,5,2,40.0,0.59,0.24,0.0,0.0,0,0,2,7,5,6,0,0,0,4,0,,,,,,,,,,,,,,,1596573,56a85c3b
1886,Uchenna Ogundu,ng NGA,FW,Augsburg,de Bundesliga,19.0,2006.0,1,0,10,0.1,0,0,0,0,0,0,0,0,0.0,0,0,,0.0,0.0,,,0,0,1,0,0,0,0,0,0,0,0,,,,,,,,,,,,,,,1996846,
1887,Noah Okafor,ch SUI,FW,MF,Leeds United,eng Premier League,25.0,2000.0,23,15,1273,14.1,4,0,4,4,0,0,3,0,0.28,26,9,34.6,1.84,0.64,0.15,0.44,0,0,31,13,10,13,3,0,0,16,0,,,,,,,,,,,,,,865523,ca607d59
1888,David Okereke,ng NGA,FW,Cremonese,it Serie A,28.0,1997.0,4,1,155,1.7,1,0,1,1,0,0,0,0,0.58,4,2,50.0,2.32,1.16,0.25,0.5,0,0,2,0,0,1,0,0,0,0,0,,,,,,,,,,,,,,,831290,d125f22f
1889,Bryan Okoh,ch SUI,DF,Auxerre,fr Ligue 1,22.0,2003.0,6,5,453,5.0,0,0,0,0,0,0,1,0,0.0,2,0,0.0,0.4,0.0,0.0,,0,0,0,4,13,3,1,0,0,7,0,,,,,,,,,,,,,,,987491,
1890,Maduka Okoye,ng NGA,GK,Udinese,it Serie A,26.0,1999.0,21,21,1806,20.1,0,0,0,0,0,0,1,1,0.0,0,0,,0.0,0.0,,,0,0,0,0,0,3,1,1,0,2,0,31.0,1.54,82.0,57.0,68.3,8.0,3.0,10.0,5.0,23.8,6.0,5.0,1.0,0.0,891656,ab5c36dd
1891,Olasagasti,es ESP,MF,Levante,es La Liga,25.0,2000.0,23,8,890,9.9,1,2,3,1,0,0,2,1,0.3,13,5,38.5,1.31,0.51,0.08,0.2,0,0,49,9,9,14,2,1,0,14,0,,,,,,,,,,,,,,,1010383,3d99999d
1892,Michael Olise,fr FRA,MF,Bayern Munich,de Bundesliga,24.0,2001.0,24,20,1878,20.9,10,17,27,10,0,0,5,0,1.29,78,39,50.0,3.74,1.87,0.13,0.26,0,0,110,10,13,45,5,0,0,26,0,,,,,,,,,,,,,,,978838,c4486bac
1893,Mathías Olivera,uy URU,DF,MF,Napoli,it Serie A,28.0,1997.0,18,9,888,9.9,0,0,0,0,0,0,2,0,0.0,5,2,40.0,0.51,0.2,0.0,0.0,0,0,2,15,11,7,2,0,0,11,0,,,,,,,,,,,,,,805078,41c12f75
1894,Tuomas Ollila,fi FIN,DF,Paris FC,fr Ligue 1,25.0,2000.0,9,3,302,3.4,0,0,0,0,0,0,0,0,0.0,3,0,0.0,0.89,0.0,0.0,,0,0,9,1,2,6,0,0,0,3,0,,,,,,,,,,,,,,,930813,
1895,Dani Olmo,es ESP,MF,Barcelona,es La Liga,27.0,1998.0,23,17,1477,16.4,7,6,13,7,0,0,0,0,0.79,58,20,34.5,3.53,1.22,0.12,0.35,0,0,24,19,12,35,0,0,0,17,0,,,,,,,,,,,,,,,789071,ae44e8e2
1896,Callum Olusesi,eng ENG,MF,Tottenham Hotspur,eng Premier League,19.0,2007.0,1,0,15,0.2,0,0,0,0,0,0,0,0,0.0,0,0,,0.0,0.0,,,0,0,0,0,0,0,0,0,0,0,0,,,,,,,,,,,,,,,1403190,
1897,Tani Oluwaseyi,ca CAN,FW,Villarreal,es La Liga,25.0,2000.0,22,5,645,7.2,2,1,3,2,0,0,1,0,0.42,15,7,46.7,2.09,0.98,0.13,0.29,0,0,1,3,0,8,1,0,0,11,0,,,,,,,,,,,,,,,1172477,950ef017
1898,Warmed Omari,km COM,DF,Hamburger SV,de Bundesliga,25.0,2000.0,12,9,903,10.0,0,0,0,0,0,0,0,0,0.0,2,1,50.0,0.2,0.1,0.0,0.0,0,0,3,4,13,5,0,0,0,7,0,,,,,,,,,,,,,,,999030,4534a352
1899,Andrew Omobamidele,ie IRL,DF,Strasbourg,fr Ligue 1,23.0,2002.0,18,9,946,10.5,0,0,0,0,0,0,4,0,0.0,2,1,50.0,0.19,0.1,0.0,0.0,0,0,0,3,9,7,4,0,0,9,0,,,,,,,,,,,,,,,983066,c393a6c4
1900,Amadou Onana,be BEL,MF,Aston Villa,eng Premier League,24.0,2001.0,21,18,1470,16.3,2,0,2,2,0,0,2,0,0.12,13,6,46.2,0.8,0.37,0.15,0.33,0,0,0,22,16,23,2,0,0,17,0,,,,,,,,,,,,,,,923973,828657ff
1901,Jean Onana,cm CMR,MF,Genoa,it Serie A,26.0,2000.0,2,0,19,0.2,0,0,0,0,0,0,0,0,0.0,1,0,0.0,4.74,0.0,0.0,,0,0,0,1,0,0,0,0,0,3,0,,,,,,,,,,,,,,,978301,b5bb8188
1902,Jacob Ondrejka,se SWE,FW,MF,Parma,it Serie A,23.0,2002.0,14,8,676,7.5,0,0,0,0,0,0,1,0,0.0,20,6,30.0,2.66,0.8,0.0,0.0,0,0,12,2,2,11,1,0,0,4,0,,,,,,,,,,,,,,1004790,752e09ed
1903,Frank Onyeka,ng NGA,MF,Brentford,eng Premier League,28.0,1998.0,6,0,92,1.0,0,1,1,0,0,0,0,0,0.98,0,0,,0.0,0.0,,,0,0,0,0,0,3,0,0,0,3,0,,,,,,,,,,,,,,,885864,2944f86f
1904,Loïs Openda,be BEL,FW,RB Leipzig,de Bundesliga,26.0,2000.0,2,1,51,0.6,0,0,0,0,0,0,0,0,0.0,3,0,0.0,5.29,0.0,0.0,,0,0,1,0,0,3,0,0,0,0,0,,,,,,,,,,,,,,,835480,8652a85c
1905,Loïs Openda,be BEL,FW,MF,Juventus,it Serie A,26.0,2000.0,23,6,661,7.3,1,0,1,1,0,0,0,0,0.14,26,6,23.1,3.54,0.82,0.04,0.17,0,0,7,4,1,21,0,0,0,7,0,,,,,,,,,,,,,,835480,8652a85c
1906,Fredrik Oppegard,no NOR,DF,MF,Auxerre,fr Ligue 1,23.0,2002.0,18,10,975,10.8,0,0,0,0,0,0,1,1,0.0,9,1,11.1,0.83,0.09,0.0,0.0,0,0,46,18,14,3,1,1,0,7,0,,,,,,,,,,,,,,1005648,c0347e9b
1907,Louis Oppie,de GER,MF,St Pauli,de Bundesliga,23.0,2002.0,19,15,1430,15.9,1,0,1,1,0,0,0,0,0.06,14,3,21.4,0.88,0.19,0.07,0.33,0,0,50,16,9,13,0,0,0,13,0,,,,,,,,,,,,,,,1137900,
1908,Gift Orban,ng NGA,FW,Hellas Verona,it Serie A,23.0,2002.0,24,20,1750,19.4,7,2,9,5,2,2,4,1,0.36,71,25,35.2,3.65,1.29,0.07,0.2,2,2,12,3,3,19,4,1,0,19,0,,,,,,,,,,,,,,,1217613,de17db90
1909,Willi Orban,hu HUN,DF,RB Leipzig,de Bundesliga,33.0,1992.0,26,26,2319,25.8,1,0,1,1,0,0,3,0,0.04,19,8,42.1,0.74,0.31,0.05,0.13,0,0,5,21,34,20,3,0,0,15,0,,,,,,,,,,,,,,,136924,20030c06
1910,Christian Ordoñez,ar ARG,MF,Parma,it Serie A,21.0,2004.0,20,9,733,8.1,1,0,1,1,0,0,5,1,0.12,6,2,33.3,0.74,0.25,0.17,0.5,0,0,8,5,6,5,5,1,1,15,0,,,,,,,,,,,,,,,1201388,0d94b6d9
1911,Nehemiah Oriola,eng ENG,MF,Brighton,eng Premier League,18.0,2007.0,1,0,1,0.0,0,0,0,0,0,0,0,0,0.0,0,0,,0.0,0.0,,,0,0,0,0,0,0,0,0,0,0,0,,,,,,,,,,,,,,,1899611,
1912,Gaetano Oristanio,it ITA,FW,MF,Parma,it Serie A,23.0,2002.0,18,8,818,9.1,1,0,1,1,0,0,1,0,0.11,24,4,16.7,2.64,0.44,0.04,0.25,0,0,16,6,2,19,1,0,0,11,0,,,,,,,,,,,,,,965009,
1913,Aimar Oroz,es ESP,MF,FW,Osasuna,es La Liga,24.0,2001.0,21,18,1555,17.3,0,2,2,0,0,0,5,0,0.12,25,4,16.0,1.45,0.23,0.0,0.0,0,0,22,15,6,44,5,0,0,22,0,,,,,,,,,,,,,,985329,7c363088
1914,Riccardo Orsolini,it ITA,MF,Bologna,it Serie A,29.0,1997.0,27,21,1624,18.0,7,1,8,4,3,4,2,0,0.28,62,23,37.1,3.44,1.27,0.06,0.17,3,4,38,11,5,32,2,0,0,14,0,,,,,,,,,,,,,,,793645,e14ec482
1915,Stefan Ortega,de GER,GK,Nottingham Forest,eng Premier League,33.0,1992.0,3,3,270,3.0,0,0,0,0,0,0,0,0,0.0,0,0,,0.0,0.0,,,0,0,0,0,0,0,0,0,0,0,0,4.0,1.33,12.0,8.0,66.7,0.0,1.0,2.0,1.0,33.3,0.0,0.0,0.0,0.0,125274,c1242d4e
1916,Ángel Ortíz,es ESP,DF,Real Betis,es La Liga,21.0,2004.0,12,6,539,6.0,0,0,0,0,0,0,1,0,0.0,1,0,0.0,0.17,0.0,0.0,,0,0,17,17,1,9,1,0,0,9,0,,,,,,,,,,,,,,,1152139,da820b8f
1917,Asier Osambela,es ESP,DF,Osasuna,es La Liga,22.0,2004.0,12,2,292,3.2,1,0,1,1,0,0,1,0,0.31,3,1,33.3,0.92,0.31,0.33,1.0,0,0,3,2,4,0,1,0,0,12,0,,,,,,,,,,,,,,,1399702,
1918,Gabriel Osho,ng NGA,DF,Auxerre,fr Ligue 1,27.0,1998.0,2,2,134,1.5,0,0,0,0,0,0,0,0,0.0,0,0,,0.0,0.0,,,0,0,2,3,0,1,0,0,0,2,0,,,,,,,,,,,,,,,920680,cd889153
1919,Ibrahim Osman,gh GHA,MF,FW,Auxerre,fr Ligue 1,21.0,2004.0,14,7,625,6.9,0,2,2,0,0,0,0,0,0.29,18,6,33.3,2.59,0.86,0.0,0.0,0,0,10,7,6,14,0,0,0,7,0,,,,,,,,,,,,,,1471095,
1920,Patrick Osterhage,de GER,MF,Freiburg,de Bundesliga,26.0,2000.0,19,13,1187,13.2,1,0,1,1,0,0,4,0,0.08,7,2,28.6,0.53,0.15,0.14,0.5,0,0,9,7,15,13,4,0,0,13,0,,,,,,,,,,,,,,,914755,867b60b4
1921,William Osula,dk DEN,FW,Newcastle United,eng Premier League,22.0,2003.0,16,1,280,3.1,2,0,2,2,0,0,0,0,0.64,8,4,50.0,2.57,1.29,0.25,0.5,0,0,1,1,0,1,0,0,0,13,0,,,,,,,,,,,,,,,1122603,7b355808
1922,Philip Otele,ng NGA,MF,FW,Hamburger SV,de Bundesliga,26.0,1999.0,6,5,346,3.8,0,1,1,0,0,0,1,0,0.26,4,1,25.0,1.04,0.26,0.0,0.0,0,0,12,2,2,2,1,0,0,5,0,,,,,,,,,,,,,,988476,
1923,Sebastian Otoa,dk DEN,DF,Genoa,it Serie A,21.0,2004.0,8,6,584,6.5,0,0,0,0,0,0,1,0,0.0,2,1,50.0,0.31,0.15,0.0,0.0,0,0,1,8,8,11,1,0,0,4,1,,,,,,,,,,,,,,,1404639,
1924,Abdoul Ouattara,fr FRA,MF,DF,Strasbourg,fr Ligue 1,20.0,2005.0,22,15,1400,15.6,2,0,2,2,0,0,2,0,0.13,21,7,33.3,1.35,0.45,0.1,0.29,0,0,16,12,12,7,2,0,0,10,0,,,,,,,,,,,,,,1930811,
1925,Dango Ouattara,bf BFA,MF,Brentford,eng Premier League,24.0,2002.0,24,19,1700,18.9,5,3,8,5,0,0,4,0,0.42,36,12,33.3,1.91,0.64,0.14,0.42,0,0,73,11,20,30,4,0,0,21,0,,,,,,,,,,,,,,,1106451,2f9e4435
1926,Kassoum Ouattara,fr FRA,MF,DF,Monaco,fr Ligue 1,21.0,2004.0,15,12,967,10.7,0,3,3,0,0,0,3,0,0.28,12,0,0.0,1.12,0.0,0.0,,0,0,50,19,19,10,3,0,0,22,0,,,,,,,,,,,,,,1397558,
1927,Assan Ouedraogo,de GER,MF,FW,RB Leipzig,de Bundesliga,19.0,2006.0,12,9,609,6.8,3,3,6,3,0,0,0,0,0.89,18,9,50.0,2.66,1.33,0.17,0.33,0,0,2,6,3,18,0,0,0,4,0,,,,,,,,,,,,,,1418623,8412b7c3
1928,Azzedine Ounahi,ma MAR,MF,Girona,es La Liga,25.0,2000.0,14,10,940,10.4,4,2,6,4,0,0,5,0,0.57,31,12,38.7,2.97,1.15,0.13,0.33,0,0,16,8,13,40,5,0,0,11,0,,,,,,,,,,,,,,,991421,83299cc0
1929,Elisha Owusu,gh GHA,MF,Auxerre,fr Ligue 1,28.0,1997.0,21,19,1624,18.0,0,0,0,0,0,0,6,0,0.0,4,0,0.0,0.22,0.0,0.0,,0,0,1,35,15,17,6,0,0,29,0,,,,,,,,,,,,,,,904424,
1930,Mikel Oyarzabal,es ESP,FW,Real Sociedad,es La Liga,28.0,1997.0,25,24,2096,23.3,12,3,15,7,5,5,2,0,0.43,67,29,43.3,2.88,1.25,0.1,0.24,5,5,13,13,3,35,2,0,0,17,0,,,,,,,,,,,,,,,823622,8c3c640c
1931,Max Oyedele,pl POL,MF,Strasbourg,fr Ligue 1,21.0,2004.0,2,0,14,0.2,0,0,0,0,0,0,0,0,0.0,0,0,,0.0,0.0,,,0,0,0,0,1,0,0,0,0,0,0,,,,,,,,,,,,,,,1153355,
1932,Daniel Oyegoke,eng ENG,MF,DF,Hellas Verona,it Serie A,23.0,2003.0,11,5,365,4.1,0,0,0,0,0,0,1,0,0.0,1,0,0.0,0.25,0.0,0.0,,0,0,18,5,5,4,1,0,0,8,0,,,,,,,,,,,,,,998830,636fc976
1933,Salih Özcan,tr TUR,MF,Dortmund,de Bundesliga,28.0,1998.0,7,0,35,0.4,0,0,0,0,0,0,0,0,0.0,1,0,0.0,2.57,0.0,0.0,,0,0,1,0,0,1,0,0,0,0,0,,,,,,,,,,,,,,,795005,
1934,Berke Özer,tr TUR,GK,Lille,fr Ligue 1,25.0,2000.0,24,24,2160,24.0,0,1,1,0,0,0,3,0,0.04,0,0,,0.0,0.0,,,0,0,0,1,0,10,3,0,0,0,0,30.0,1.25,87.0,58.0,66.7,13.0,5.0,6.0,8.0,33.3,2.0,1.0,1.0,0.0,847494,0743d0ec
1935,Cenk Özkacar,tr TUR,DF,Köln,de Bundesliga,25.0,2000.0,17,12,1073,11.9,0,0,0,0,0,0,1,0,0.0,7,4,57.1,0.59,0.34,0.0,0.0,0,0,3,16,15,4,1,0,0,9,0,,,,,,,,,,,,,,,953097,9a93efc9
1936,Nico O’Reilly,eng ENG,DF,MF,Manchester City,eng Premier League,20.0,2005.0,28,23,2133,23.7,4,3,7,4,0,0,4,0,0.3,31,10,32.3,1.31,0.42,0.13,0.4,0,0,32,32,17,13,4,0,0,33,0,,,,,,,,,,,,,,1142703,
1937,Pablo,br BRA,MF,West Ham United,eng Premier League,22.0,2004.0,6,4,315,3.5,0,0,0,0,0,0,0,0,0.0,4,0,0.0,1.14,0.0,0.0,,0,0,0,5,3,4,0,0,0,11,0,,,,,,,,,,,,,,,243735,46646231
1938,Jon Pacheco,es ESP,DF,Alavés,es La Liga,25.0,2001.0,20,19,1680,18.7,0,0,0,0,0,0,4,1,0.0,4,1,25.0,0.21,0.05,0.0,0.0,0,0,4,16,11,6,4,1,1,12,0,,,,,,,,,,,,,,,934383,44150beb
1939,Willian Pacho,ec ECU,DF,Paris Saint-Germain,fr Ligue 1,24.0,2001.0,18,16,1464,16.3,0,0,0,0,0,0,0,0,0.0,7,0,0.0,0.43,0.0,0.0,,0,0,0,25,21,5,0,0,0,6,0,,,,,,,,,,,,,,,979480,ecbe2839
1940,Daniele Padelli,it ITA,GK,Udinese,it Serie A,40.0,1985.0,2,2,180,2.0,0,0,0,0,0,0,0,0,0.0,0,0,,0.0,0.0,,,0,0,0,0,0,0,0,0,0,0,0,2.0,1.0,4.0,3.0,75.0,0.0,1.0,1.0,0.0,0.0,1.0,1.0,0.0,0.0,2899,cf1c23d8
1941,Kendry Páez,ec ECU,MF,FW,Strasbourg,fr Ligue 1,18.0,2007.0,15,4,424,4.7,1,0,1,1,0,0,0,0,0.21,10,4,40.0,2.12,0.85,0.1,0.25,0,0,18,4,3,3,0,0,0,7,0,,,,,,,,,,,,,,1464025,f3bb9f59
1942,Pablo Pagis,fr FRA,MF,FW,Lorient,fr Ligue 1,23.0,2002.0,21,16,1267,14.1,8,1,9,7,1,1,1,0,0.57,43,15,34.9,3.05,1.07,0.16,0.47,1,1,65,11,15,13,1,0,0,17,0,,,,,,,,,,,,,,1174462,7d827b4f
1943,Igor Paixão,br BRA,MF,Marseille,fr Ligue 1,25.0,2000.0,23,16,1455,16.2,5,4,9,5,0,0,3,0,0.56,40,15,37.5,2.47,0.93,0.13,0.33,0,0,29,6,14,23,3,0,0,15,0,,,,,,,,,,,,,,,981815,089c7323
1944,César Palacios,es ESP,MF,Real Madrid,es La Liga,21.0,2004.0,2,0,53,0.6,0,0,0,0,0,0,0,0,0.0,1,0,0.0,1.7,0.0,0.0,,0,0,1,1,3,2,0,0,0,1,0,,,,,,,,,,,,,,,1402688,dc32054b
1945,Exequiel Palacios,ar ARG,MF,Leverkusen,de Bundesliga,27.0,1998.0,10,4,389,4.3,0,0,0,0,0,0,2,0,0.0,5,1,20.0,1.16,0.23,0.0,0.0,0,0,1,5,3,7,2,0,0,3,0,,,,,,,,,,,,,,,822600,e82adcab
1946,Isaac Palazón Camacho,es ESP,MF,FW,Rayo Vallecano,es La Liga,31.0,1994.0,27,23,1936,21.5,3,3,6,1,2,3,8,0,0.19,41,12,29.3,1.91,0.56,0.02,0.08,2,3,89,11,3,43,8,0,0,31,0,,,,,,,,,,,,,,,49dbab27
1947,Alberto Paleari,it ITA,GK,Torino,it Serie A,33.0,1992.0,20,20,1800,20.0,0,0,0,0,0,0,1,0,0.0,0,0,,0.0,0.0,,,0,0,0,0,0,5,1,0,0,0,0,32.0,1.6,84.0,54.0,64.3,7.0,4.0,9.0,7.0,35.0,2.0,2.0,0.0,0.0,259281,94a3606c
1948,Marco Palestra,it ITA,MF,DF,Cagliari,it Serie A,21.0,2005.0,28,27,2417,26.9,1,4,5,1,0,0,3,0,0.19,20,4,20.0,0.74,0.15,0.05,0.25,0,0,89,27,16,86,3,0,0,32,0,,,,,,,,,,,,,,1397736,
1949,João Palhinha,pt POR,MF,DF,Tottenham Hotspur,eng Premier League,30.0,1995.0,26,19,1779,19.8,3,2,5,3,0,0,6,0,0.25,23,5,21.7,1.16,0.25,0.13,0.6,0,0,4,53,22,26,6,0,0,21,0,,,,,,,,,,,,,,364612,a78ff07f
1950,Matteo Palma,de GER,DF,Udinese,it Serie A,18.0,2008.0,5,1,120,1.3,0,0,0,0,0,0,0,0,0.0,0,0,,0.0,0.0,,,0,0,1,0,3,0,0,0,0,3,0,,,,,,,,,,,,,,,1495719,
1951,Cole Palmer,eng ENG,MF,FW,Chelsea,eng Premier League,23.0,2002.0,19,17,1327,14.7,9,1,10,4,5,5,4,0,0.34,44,19,43.2,2.98,1.29,0.09,0.21,5,5,26,9,12,24,4,0,0,12,0,,,,,,,,,,,,,,982780,dc7f8a28
1952,Emerson Palmieri,it ITA,DF,MF,Marseille,fr Ligue 1,31.0,1994.0,21,17,1601,17.8,0,3,3,0,0,0,2,0,0.17,10,2,20.0,0.56,0.11,0.0,0.0,0,0,91,24,26,14,2,0,0,15,0,,,,,,,,,,,,,,,e0bc6fdc
1953,Diego Pampín,es ESP,DF,Levante,es La Liga,26.0,2000.0,6,4,368,4.1,0,0,0,0,0,0,2,0,0.0,3,0,0.0,0.73,0.0,0.0,,0,0,9,5,4,4,2,0,0,7,0,,,,,,,,,,,,,,,855837,c748a0b2
1954,Joaquín Panichelli,ar ARG,FW,Strasbourg,fr Ligue 1,23.0,2002.0,26,24,2148,23.9,14,1,15,9,5,6,3,0,0.42,56,29,51.8,2.35,1.22,0.16,0.31,5,6,0,10,13,40,3,0,0,43,0,,,,,,,,,,,,,,,1410925,ae14af56
1955,Leart Paqarada,xk KVX,DF,Heidenheim,de Bundesliga,31.0,1994.0,1,1,6,0.1,0,0,0,0,0,0,0,0,0.0,0,0,,0.0,0.0,,,0,0,0,0,0,0,0,0,0,0,0,,,,,,,,,,,,,,,151581,82bfc14d
1956,Lucas Paquetá,br BRA,MF,FW,West Ham United,eng Premier League,28.0,1997.0,18,18,1511,16.8,4,1,5,2,2,2,7,1,0.18,23,11,47.8,1.37,0.66,0.09,0.18,2,2,36,22,7,30,7,1,1,27,0,,,,,,,,,,,,,,839981,9b6f7fd5
1957,Victor Parada,es ESP,DF,Alavés,es La Liga,23.0,2002.0,20,15,1325,14.7,0,2,2,0,0,0,8,1,0.14,6,2,33.3,0.41,0.14,0.0,0.0,0,0,29,5,4,10,8,1,1,25,0,,,,,,,,,,,,,,,985726,00979380
1958,Aitor Paredes,es ESP,DF,Athletic Club,es La Liga,25.0,2000.0,17,16,1450,16.1,1,0,1,1,0,0,4,0,0.06,12,3,25.0,0.74,0.19,0.08,0.33,0,0,1,12,24,7,4,0,0,18,0,,,,,,,,,,,,,,,959872,b906757a
1959,Kevin Paredes,us USA,MF,Wolfsburg,de Bundesliga,22.0,2003.0,5,1,156,1.7,0,0,0,0,0,0,1,0,0.0,2,1,50.0,1.15,0.58,0.0,0.0,0,0,7,3,2,6,1,0,0,2,0,,,,,,,,,,,,,,,1016810,5c50fdbc
1960,Daniel Parejo,es ESP,MF,Villarreal,es La Liga,36.0,1989.0,23,12,1049,11.7,0,0,0,0,0,0,2,0,0.0,2,0,0.0,0.17,0.0,0.0,,0,0,29,20,14,18,2,0,0,11,0,,,,,,,,,,,,,,,39182,7460ca0d
1961,Fabiano Parisi,it ITA,MF,FW,Fiorentina,it Serie A,25.0,2000.0,19,15,1291,14.3,1,1,2,1,0,0,5,0,0.14,21,5,23.8,1.46,0.35,0.05,0.2,0,0,33,13,17,50,5,0,0,11,1,,,,,,,,,,,,,,972886,0967845b
1962,Thomas Partey,gh GHA,MF,Villarreal,es La Liga,32.0,1993.0,18,7,753,8.4,0,0,0,0,0,0,0,0,0.0,8,1,12.5,0.96,0.12,0.0,0.0,0,0,2,4,11,4,0,0,0,8,0,,,,,,,,,,,,,,,316148,529f49ab
1963,Mario Pašalić,hr CRO,MF,Atalanta,it Serie A,31.0,1995.0,24,19,1599,17.8,3,3,6,3,0,0,2,0,0.34,16,6,37.5,0.9,0.34,0.19,0.5,0,0,9,17,10,4,2,0,0,20,0,,,,,,,,,,,,,,,190437,e599253a
1964,Patric,es ESP,MF,DF,Lazio,it Serie A,32.0,1993.0,8,2,287,3.2,0,0,0,0,0,0,1,0,0.0,2,0,0.0,0.63,0.0,0.0,,0,0,0,0,3,1,1,0,0,3,0,,,,,,,,,,,,,,217784,7f23af04
1965,Nathan Patterson,sct SCO,DF,Everton,eng Premier League,24.0,2001.0,6,3,240,2.7,0,0,0,0,0,0,0,0,0.0,1,1,100.0,0.37,0.37,0.0,0.0,0,0,6,4,2,2,0,0,0,2,0,,,,,,,,,,,,,,,1020141,230f0471
1966,Benjamin Pavard,fr FRA,DF,Marseille,fr Ligue 1,29.0,1996.0,21,17,1475,16.4,1,2,3,1,0,0,4,0,0.18,8,3,37.5,0.49,0.18,0.13,0.33,0,0,11,9,15,10,4,0,0,14,1,,,,,,,,,,,,,,,787505,45a03961
1967,Benjamin Pavard,fr FRA,DF,Inter,it Serie A,29.0,1996.0,1,1,90,1.0,0,0,0,0,0,0,0,0,0.0,1,1,100.0,1.0,1.0,0.0,0.0,0,0,0,1,2,0,0,0,0,1,0,,,,,,,,,,,,,,,787505,45a03961
1968,Aleksandar Pavlovic,de GER,MF,Bayern Munich,de Bundesliga,21.0,2004.0,21,14,1337,14.9,3,1,4,3,0,0,2,0,0.27,9,5,55.6,0.61,0.34,0.33,0.6,0,0,9,15,12,9,2,0,0,17,0,,,,,,,,,,,,,,,1142251,
1969,Strahinja Pavlović,rs SRB,DF,Milan,it Serie A,24.0,2001.0,25,24,2059,22.9,3,1,4,3,0,0,2,0,0.17,17,4,23.5,0.74,0.17,0.18,0.75,0,0,14,18,14,20,2,0,0,18,0,,,,,,,,,,,,,,,965893,25146df0
1970,Leonardo Pavoletti,it ITA,FW,Cagliari,it Serie A,37.0,1988.0,13,1,227,2.5,1,1,2,1,0,0,1,0,0.79,6,1,16.7,2.38,0.4,0.17,1.0,0,0,0,2,1,0,1,0,0,10,0,,,,,,,,,,,,,,,132704,d37b0350
1971,Martín Payero,ar ARG,MF,Cremonese,it Serie A,27.0,1998.0,19,15,1234,13.7,1,0,1,1,0,0,6,0,0.07,20,6,30.0,1.46,0.44,0.05,0.17,0,0,26,9,9,26,6,0,0,33,0,,,,,,,,,,,,,,,895592,bdbff2b5
1972,Nicolás Paz,ar ARG,MF,Como,it Serie A,21.0,2004.0,28,26,2293,25.5,9,6,15,9,0,2,5,0,0.59,100,39,39.0,3.92,1.53,0.09,0.23,0,2,48,39,20,36,5,0,0,45,0,,,,,,,,,,,,,,,1189173,01bb93d5
1973,Myles Peart-Harris,eng ENG,MF,Brentford,eng Premier League,23.0,2002.0,1,0,1,0.0,0,0,0,0,0,0,0,0,0.0,0,0,,0.0,0.0,,,0,0,0,0,0,0,0,0,0,1,0,,,,,,,,,,,,,,,980649,ea1a5662
1974,Mads Pedersen,dk DEN,MF,Augsburg,de Bundesliga,29.0,1996.0,6,1,180,2.0,0,0,0,0,0,0,0,0,0.0,2,0,0.0,1.0,0.0,0.0,,0,0,9,2,1,3,0,0,0,5,0,,,,,,,,,,,,,,,809219,582a5247
1975,Marcus Pedersen,no NOR,MF,DF,Torino,it Serie A,25.0,2000.0,22,17,1606,17.8,0,0,0,0,0,0,3,0,0.0,10,2,20.0,0.56,0.11,0.0,0.0,0,0,79,11,10,5,3,0,0,24,0,,,,,,,,,,,,,,934409,8336699a
1976,Alfonso Pedraza,es ESP,DF,Villarreal,es La Liga,29.0,1996.0,21,13,1215,13.5,1,2,3,1,0,0,6,0,0.22,10,3,30.0,0.74,0.22,0.1,0.33,0,0,56,25,16,20,6,0,0,22,0,,,,,,,,,,,,,,,797290,63f04c6c
1977,Pedri,es ESP,MF,Barcelona,es La Liga,23.0,2002.0,20,15,1361,15.1,2,7,9,2,0,0,2,1,0.6,17,9,52.9,1.12,0.6,0.12,0.22,0,0,6,20,15,29,2,1,1,8,0,,,,,,,,,,,,,,,992587,0d9b2d31
1978,Pedro,es ESP,FW,MF,Lazio,it Serie A,38.0,1987.0,21,5,647,7.2,3,1,4,1,2,2,3,0,0.28,16,6,37.5,2.23,0.83,0.06,0.17,2,2,23,5,2,20,3,0,0,6,0,,,,,,,,,,,,,,840219,3ca7254a
1979,Zé Pedro Figueiredo,pt POR,DF,Cagliari,it Serie A,28.0,1997.0,15,13,1126,12.5,0,0,0,0,0,0,3,0,0.0,3,0,0.0,0.24,0.0,0.0,,0,0,3,13,14,11,3,0,0,22,0,,,,,,,,,,,,,,,2169561,f74a5bdc
1980,Adrià Pedrosa,es ESP,DF,MF,Elche,es La Liga,27.0,1998.0,18,6,825,9.2,1,1,2,1,0,0,4,0,0.22,9,2,22.2,0.98,0.22,0.11,0.5,0,0,42,15,10,6,4,0,0,15,0,,,,,,,,,,,,,,928672,f74a5bdc
1981,Adrià Pedrosa,es ESP,DF,MF,Sevilla,es La Liga,27.0,1998.0,1,0,6,0.1,0,0,0,0,0,0,0,0,0.0,0,0,,0.0,0.0,,,0,0,3,0,0,1,0,0,0,0,0,,,,,,,,,,,,,,928672,f74a5bdc
1982,Dženan Pejčinović,de GER,FW,Wolfsburg,de Bundesliga,21.0,2005.0,23,11,984,10.9,5,0,5,5,0,0,1,0,0.46,31,13,41.9,2.84,1.19,0.16,0.38,0,0,3,7,1,7,1,0,0,13,0,,,,,,,,,,,,,,,1127790,
1983,Lorenzo Pellegrini,it ITA,MF,Roma,it Serie A,29.0,1996.0,21,17,1249,13.9,3,2,5,1,2,2,2,0,0.22,28,10,35.7,2.02,0.72,0.04,0.1,2,2,75,4,13,31,2,0,0,17,0,,,,,,,,,,,,,,,555540,4a5a45c7
1984,Luca Pellegrini,it ITA,DF,Lazio,it Serie A,27.0,1999.0,21,14,1215,13.5,0,0,0,0,0,0,6,0,0.0,5,3,60.0,0.37,0.22,0.0,0.0,0,0,48,13,14,11,6,0,0,21,0,,,,,,,,,,,,,,,826186,3b61c9ec
1985,Mateo Pellegrino,ar ARG,FW,Parma,it Serie A,25.0,2001.0,29,27,2385,26.5,8,1,9,7,1,1,4,0,0.3,62,20,32.3,2.34,0.75,0.11,0.35,1,1,8,9,3,56,4,0,0,68,0,,,,,,,,,,,,,,,1099296,
1986,Timothee Pembele,fr FRA,MF,DF,Le Havre,fr Ligue 1,23.0,2002.0,6,2,197,2.2,0,0,0,0,0,0,1,0,0.0,1,0,0.0,0.46,0.0,0.0,,0,0,3,3,2,3,1,0,0,1,0,,,,,,,,,,,,,,1824137,f8ce97ca
1987,Faris Pemi Moumbagna,cm CMR,FW,Cremonese,it Serie A,25.0,2000.0,5,0,93,1.0,0,0,0,0,0,0,0,0,0.0,2,0,0.0,1.94,0.0,0.0,,0,0,1,0,0,0,0,0,0,1,0,,,,,,,,,,,,,,,1029456,58aae0a9
1988,Iñaki Peña,es ESP,GK,Elche,es La Liga,27.0,1999.0,16,16,1440,16.0,0,0,0,0,0,0,0,0,0.0,0,0,,0.0,0.0,,,0,0,0,0,0,1,0,0,0,0,0,28.0,1.75,81.0,55.0,67.9,3.0,4.0,9.0,4.0,25.0,2.0,2.0,0.0,0.0,794949,cc1c5035
1989,Mike Penders,be BEL,GK,Strasbourg,fr Ligue 1,20.0,2005.0,25,25,2250,25.0,0,0,0,0,0,0,3,0,0.0,0,0,,0.0,0.0,,,0,0,0,0,0,1,3,0,0,1,0,31.0,1.24,98.0,71.0,71.4,9.0,7.0,9.0,8.0,32.0,4.0,3.0,1.0,0.0,1149148,
1990,Nicolas Pépé,ci CIV,FW,MF,Villarreal,es La Liga,30.0,1995.0,27,19,1778,19.8,4,4,8,4,0,0,3,0,0.4,48,17,35.4,2.43,0.86,0.08,0.24,0,0,59,17,11,30,3,0,0,16,0,,,,,,,,,,,,,,593526,57e3f0c7
1991,Kojo Peprah Oppong,gh GHA,DF,Nice,fr Ligue 1,21.0,2004.0,23,22,1885,20.9,1,0,1,1,0,0,3,0,0.05,10,3,30.0,0.48,0.14,0.1,0.33,0,0,5,23,26,24,3,0,0,24,0,,,,,,,,,,,,,,,1473092,e47d11f8
1992,Peque,es ESP,MF,FW,Sevilla,es La Liga,23.0,2002.0,21,11,873,9.7,2,1,3,2,0,0,6,0,0.31,14,6,42.9,1.44,0.62,0.14,0.33,0,0,27,6,1,42,6,0,0,12,0,,,,,,,,,,,,,,966825,e4106639
1993,Everton Pereira,fr FRA,MF,Nice,fr Ligue 1,18.0,2007.0,3,2,135,1.5,0,0,0,0,0,0,0,0,0.0,2,0,0.0,1.33,0.0,0.0,,0,0,0,0,3,0,0,0,0,4,0,,,,,,,,,,,,,,,1551242,141d33c4
1994,Mathias Pereira Lage,pt POR,FW,MF,St Pauli,de Bundesliga,29.0,1996.0,24,21,1672,18.6,1,2,3,1,0,0,2,0,0.16,36,14,38.9,1.94,0.75,0.03,0.07,0,0,54,19,11,31,2,0,0,28,0,,,,,,,,,,,,,,831400,8846a40f
1995,Ángel Pérez,es ESP,MF,Alavés,es La Liga,23.0,2002.0,6,4,403,4.5,0,0,0,0,0,0,0,0,0.0,5,2,40.0,1.12,0.45,0.0,0.0,0,0,26,4,4,5,0,0,0,3,0,,,,,,,,,,,,,,,1513222,9fca057e
1996,Ayoze Pérez,es ESP,FW,Villarreal,es La Liga,32.0,1993.0,18,9,819,9.1,2,3,5,2,0,0,3,0,0.55,13,5,38.5,1.43,0.55,0.15,0.4,0,0,7,10,3,18,3,0,0,14,0,,,,,,,,,,,,,,,345195,819aa8e7
1997,Francisco Perez,es ESP,MF,FW,Rayo Vallecano,es La Liga,23.0,2002.0,24,9,1013,11.3,2,1,3,2,0,0,3,0,0.27,15,8,53.3,1.33,0.71,0.13,0.25,0,0,37,9,2,13,3,0,0,12,0,,,,,,,,,,,,,,1133936,f680453c
1998,Joselu Pérez,es ESP,DF,Getafe,es La Liga,22.0,2004.0,2,0,22,0.2,0,0,0,0,0,0,0,0,0.0,1,0,0.0,4.09,0.0,0.0,,0,0,0,0,0,2,0,0,0,1,0,,,,,,,,,,,,,,,1939358,6265208f
1999,Matías Pérez,cl CHI,DF,Lecce,it Serie A,20.0,2005.0,1,1,31,0.3,0,0,0,0,0,0,0,0,0.0,0,0,,0.0,0.0,,,0,0,1,0,0,0,0,0,0,0,0,,,,,,,,,,,,,,,1801193,9f918d39
2000,Nacho Pérez,es ESP,DF,Levante,es La Liga,17.0,2008.0,2,1,80,0.9,0,0,0,0,0,0,0,0,0.0,0,0,,0.0,0.0,,,0,0,0,1,1,1,0,0,0,0,0,,,,,,,,,,,,,,,2049311,2946f9a1
2001,Simone Perilli,it ITA,GK,Hellas Verona,it Serie A,31.0,1995.0,3,3,270,3.0,0,0,0,0,0,0,0,0,0.0,0,0,,0.0,0.0,,,0,0,0,0,0,0,0,0,0,0,0,7.0,2.33,15.0,8.0,53.3,0.0,1.0,2.0,1.0,33.3,0.0,0.0,0.0,0.0,253369,b9e11c1d
2002,Mattia Perin,it ITA,GK,Juventus,it Serie A,33.0,1992.0,6,6,540,6.0,0,0,0,0,0,0,0,0,0.0,0,0,,0.0,0.0,,,0,0,0,0,0,1,0,0,0,0,0,6.0,1.0,16.0,10.0,62.5,3.0,1.0,2.0,2.0,33.3,0.0,0.0,0.0,0.0,79645,4c62d0c8
2003,Romain Perraud,fr FRA,DF,Lille,fr Ligue 1,28.0,1997.0,22,20,1670,18.6,2,3,5,2,0,0,4,1,0.27,23,10,43.5,1.24,0.54,0.09,0.2,0,0,99,26,16,39,4,1,0,18,0,,,,,,,,,,,,,,,827519,6dfd8f05
2004,Lucas Perri,br BRA,GK,Leeds United,eng Premier League,28.0,1997.0,16,16,1440,16.0,0,0,0,0,0,0,2,0,0.0,0,0,,0.0,0.0,,,0,0,0,0,0,3,2,0,0,1,0,29.0,1.81,63.0,38.0,60.3,4.0,6.0,6.0,3.0,18.8,4.0,4.0,0.0,0.0,871290,5dbd461a
2005,Gaëtan Perrin,fr FRA,MF,FW,Lille,fr Ligue 1,29.0,1996.0,5,3,262,2.9,1,0,1,1,0,0,1,0,0.34,6,3,50.0,2.06,1.03,0.17,0.33,0,0,27,5,2,1,1,0,0,6,0,,,,,,,,,,,,,,827506,
2006,Máximo Perrone,ar ARG,MF,Como,it Serie A,23.0,2003.0,27,25,2053,22.8,2,4,6,2,0,0,7,0,0.26,12,5,41.7,0.53,0.22,0.17,0.4,0,0,8,29,18,18,7,0,0,33,0,,,,,,,,,,,,,,,1086286,53552942
2007,Massimo Pessina,it ITA,GK,Bologna,it Serie A,18.0,2007.0,1,0,83,0.9,0,0,0,0,0,0,0,0,0.0,0,0,,0.0,0.0,,,0,0,0,0,0,0,0,0,0,0,0,0.0,0.0,1.0,1.0,100.0,0.0,0.0,0.0,1.0,,0.0,0.0,0.0,0.0,1530540,
2008,Prosper Peter,ng NGA,FW,Angers,fr Ligue 1,18.0,2007.0,23,10,970,10.8,3,0,3,3,0,0,0,0,0.28,17,10,58.8,1.58,0.93,0.18,0.3,0,0,0,2,3,20,0,0,0,25,0,,,,,,,,,,,,,,,2137784,
2009,Léo Pétrot,fr FRA,DF,Elche,es La Liga,28.0,1997.0,25,14,1252,13.9,0,0,0,0,0,0,1,0,0.0,6,0,0.0,0.43,0.0,0.0,,0,0,15,19,10,5,1,0,0,13,0,,,,,,,,,,,,,,,827504,00638016
2010,Đorđe Petrović,rs SRB,GK,Bournemouth,eng Premier League,26.0,1999.0,30,30,2700,30.0,0,0,0,0,0,0,2,0,0.0,0,0,,0.0,0.0,,,0,0,0,0,0,2,2,0,0,0,1,46.0,1.53,132.0,90.0,68.2,9.0,14.0,7.0,9.0,30.0,4.0,4.0,0.0,0.0,882604,0cf321c8
2011,Giuseppe Pezzella,it ITA,MF,Cremonese,it Serie A,28.0,1997.0,22,21,1807,20.1,0,1,1,0,0,0,7,1,0.05,3,0,0.0,0.15,0.0,0.0,,0,0,90,23,8,21,7,1,0,32,0,,,,,,,,,,,,,,,814589,149c5f5d
2012,Immanuel Pherai,sr SUR,FW,MF,Hamburger SV,de Bundesliga,24.0,2001.0,6,0,35,0.4,0,0,0,0,0,0,2,1,0.0,1,0,0.0,2.57,0.0,0.0,,0,0,4,1,0,2,2,1,1,4,0,,,,,,,,,,,,,,989203,f168d9b9
2013,Rayan Philippe,fr FRA,FW,MF,Hamburger SV,de Bundesliga,25.0,2000.0,22,11,1090,12.1,5,0,5,5,0,1,2,0,0.41,32,14,43.8,2.64,1.16,0.16,0.36,0,1,26,10,2,6,2,0,0,20,0,,,,,,,,,,,,,,991824,a046fc35
2014,Gabriele Piccinini,it ITA,MF,Pisa,it Serie A,24.0,2001.0,17,5,657,7.3,0,0,0,0,0,0,2,0,0.0,13,6,46.2,1.78,0.82,0.0,0.0,0,0,17,9,1,10,2,0,0,5,0,,,,,,,,,,,,,,,970778,
2015,Roberto Piccoli,it ITA,FW,Fiorentina,it Serie A,25.0,2001.0,25,12,1245,13.8,3,1,4,3,0,0,0,0,0.29,40,14,35.0,2.89,1.01,0.08,0.21,0,0,4,0,3,33,0,0,0,25,0,,,,,,,,,,,,,,,958982,1cadaf34
2016,Charles Pickel,cd COD,MF,Espanyol,es La Liga,28.0,1997.0,17,4,553,6.1,1,0,1,1,0,0,3,2,0.16,8,3,37.5,1.3,0.49,0.13,0.33,0,0,2,4,4,1,3,2,1,11,0,,,,,,,,,,,,,,,758664,f71ad8cb
2017,Jordan Pickford,eng ENG,GK,Everton,eng Premier League,32.0,1994.0,30,30,2700,30.0,0,0,0,0,0,0,2,0,0.0,0,0,,0.0,0.0,,,0,0,0,1,0,6,2,0,0,0,0,35.0,1.17,113.0,81.0,70.8,12.0,7.0,11.0,10.0,33.3,3.0,2.0,1.0,0.0,138530,4806ec67
2018,Amos Pieper,de GER,DF,Werder Bremen,de Bundesliga,28.0,1998.0,12,12,959,10.7,0,0,0,0,0,0,3,0,0.0,8,2,25.0,0.75,0.19,0.0,0.0,0,0,4,17,20,9,3,0,0,7,0,,,,,,,,,,,,,,,851254,
2019,Marvin Pieringer,de GER,FW,Heidenheim,de Bundesliga,26.0,1999.0,19,13,1068,11.9,2,0,2,2,0,0,2,0,0.17,19,4,21.1,1.6,0.34,0.11,0.5,0,0,14,12,8,19,2,0,0,26,0,,,,,,,,,,,,,,,909485,
2020,Nicholas Pierini,it ITA,FW,MF,Sassuolo,it Serie A,27.0,1998.0,11,0,142,1.6,0,0,0,0,0,0,1,0,0.0,5,2,40.0,3.17,1.27,0.0,0.0,0,0,9,4,2,3,1,0,0,1,0,,,,,,,,,,,,,,829581,7cc89a5f
2021,Santiago Pierotti,ar ARG,MF,FW,Lecce,it Serie A,24.0,2001.0,28,22,1826,20.3,1,0,1,1,0,0,1,0,0.05,23,5,21.7,1.13,0.25,0.04,0.2,0,0,13,36,14,13,1,0,0,47,0,,,,,,,,,,,,,,984998,ec315772
2022,Balthazar Pierret,fr FRA,MF,Lecce,it Serie A,25.0,2000.0,3,0,27,0.3,0,0,0,0,0,0,0,0,0.0,0,0,,0.0,0.0,,,0,0,0,1,0,2,0,0,0,0,0,,,,,,,,,,,,,,,1014651,
2023,Andrea Pinamonti,it ITA,FW,Sassuolo,it Serie A,26.0,1999.0,27,26,2024,22.5,6,3,9,6,0,1,1,1,0.4,56,24,42.9,2.49,1.07,0.11,0.25,0,1,8,4,0,25,1,1,0,10,0,,,,,,,,,,,,,,,826198,08aa9cd1
2024,Thiago Pinar,es ESP,MF,Real Madrid,es La Liga,18.0,2007.0,3,3,206,2.3,0,0,0,0,0,0,0,0,0.0,3,1,33.3,1.31,0.44,0.0,0.0,0,0,0,1,2,0,0,0,0,6,0,,,,,,,,,,,,,,,,
2025,Lander Pinillos,es ESP,MF,Alavés,es La Liga,22.0,2003.0,1,0,2,0.0,0,0,0,0,0,0,0,0,0.0,0,0,,0.0,0.0,,,0,0,1,0,0,0,0,0,0,0,0,,,,,,,,,,,,,,,1122588,
2026,Ethan Pinnock,jm JAM,DF,Brentford,eng Premier League,32.0,1993.0,3,3,228,2.5,0,0,0,0,0,0,1,0,0.0,0,0,,0.0,0.0,,,0,0,0,4,4,2,1,0,0,0,1,,,,,,,,,,,,,,,855864,e541326e
2027,Yeremi Pino,es ESP,MF,Villarreal,es La Liga,23.0,2002.0,2,2,159,1.8,0,1,1,0,0,0,0,0,0.57,2,1,50.0,1.13,0.57,0.0,0.0,0,0,12,1,3,0,0,0,0,2,0,,,,,,,,,,,,,,,984624,
2028,Yeremi Pino,es ESP,MF,Crystal Palace,eng Premier League,23.0,2002.0,27,21,1721,19.1,2,1,3,2,0,0,4,0,0.16,38,10,26.3,1.99,0.52,0.05,0.2,0,0,65,17,6,21,4,0,0,25,0,,,,,,,,,,,,,,,984624,
2029,Jakub Piotrowski,pl POL,MF,Udinese,it Serie A,28.0,1997.0,25,15,1314,14.6,1,1,2,1,0,0,2,0,0.14,25,6,24.0,1.71,0.41,0.04,0.17,0,0,23,19,12,25,2,0,0,21,0,,,,,,,,,,,,,,,825271,af686bed
2030,Joël Piroe,nl NED,FW,Leeds United,eng Premier League,26.0,1999.0,13,2,226,2.5,0,0,0,0,0,0,0,0,0.0,11,2,18.2,4.38,0.8,0.0,0.0,0,0,4,1,1,0,0,0,0,3,0,,,,,,,,,,,,,,,850823,1f0072a6
2031,Niccolò Pisilli,it ITA,MF,Roma,it Serie A,21.0,2004.0,16,6,692,7.7,1,2,3,1,0,0,0,0,0.39,12,4,33.3,1.56,0.52,0.08,0.25,0,0,5,9,15,1,0,0,0,10,0,,,,,,,,,,,,,,,1175821,
2032,Damián Pizarro,cl CHI,FW,Le Havre,fr Ligue 1,20.0,2005.0,2,0,28,0.3,0,0,0,0,0,0,0,0,0.0,0,0,,0.0,0.0,,,0,0,0,0,0,1,0,0,0,1,0,,,,,,,,,,,,,,,1177565,
2033,Tommaso Pobega,it ITA,MF,Bologna,it Serie A,26.0,1999.0,20,13,1137,12.6,2,1,3,2,0,0,1,1,0.24,22,9,40.9,1.74,0.71,0.09,0.22,0,0,2,15,18,12,1,1,0,27,0,,,,,,,,,,,,,,,928796,55a1cac2
2034,Paul Pogba,fr FRA,MF,Monaco,fr Ligue 1,33.0,1993.0,3,0,33,0.4,0,0,0,0,0,0,0,0,0.0,0,0,,0.0,0.0,,,0,0,1,2,1,0,0,0,0,1,0,,,,,,,,,,,,,,,111802,867239d3
2035,Ernest Poku,nl NED,MF,Leverkusen,de Bundesliga,22.0,2004.0,24,15,1383,15.4,5,4,9,5,0,0,0,0,0.59,26,9,34.6,1.69,0.59,0.19,0.56,0,0,12,9,8,17,0,0,0,4,0,,,,,,,,,,,,,,,1119502,
2036,Matteo Politano,it ITA,MF,FW,Napoli,it Serie A,32.0,1993.0,26,19,1654,18.4,1,5,6,1,0,0,1,0,0.33,39,9,23.1,2.12,0.49,0.03,0.11,0,0,136,10,3,23,1,0,0,15,0,,,,,,,,,,,,,,235672,5e861944
2037,Oumar Pona,fr FRA,GK,Angers,fr Ligue 1,19.0,2006.0,1,1,90,1.0,0,0,0,0,0,0,1,0,0.0,0,0,,0.0,0.0,,,0,0,0,0,0,2,1,0,0,0,0,2.0,2.0,4.0,2.0,50.0,0.0,0.0,1.0,0.0,0.0,0.0,0.0,0.0,0.0,1651830,
2038,Marin Pongračić,hr CRO,DF,Fiorentina,it Serie A,28.0,1997.0,27,27,2379,26.4,0,0,0,0,0,0,9,0,0.0,8,1,12.5,0.3,0.04,0.0,0.0,0,0,4,12,33,19,9,0,0,56,0,,,,,,,,,,,,,,,847467,2a6cd437
2039,Nick Pope,eng ENG,GK,Newcastle United,eng Premier League,33.0,1992.0,22,22,1966,21.8,0,0,0,0,0,0,1,0,0.0,1,1,100.0,0.05,0.05,0.0,0.0,0,0,0,1,0,2,1,0,0,0,0,32.0,1.46,97.0,67.0,69.1,8.0,4.0,10.0,7.0,31.8,2.0,2.0,0.0,0.0,162653,4b40d9ca
2040,Pedro Porro,es ESP,DF,Tottenham Hotspur,eng Premier League,26.0,1999.0,26,24,2076,23.1,0,2,2,0,0,0,6,0,0.09,20,2,10.0,0.87,0.09,0.0,0.0,0,0,168,33,18,20,6,0,0,25,0,,,,,,,,,,,,,,,913654,f74a5bdc
2041,Portu,es ESP,FW,MF,Girona,es La Liga,33.0,1992.0,10,4,474,5.3,0,0,0,0,0,0,2,0,0.0,9,5,55.6,1.71,0.95,0.0,0.0,0,0,18,1,2,4,2,0,0,6,0,,,,,,,,,,,,,,218616,094d9a56
2042,Stefan Posch,at AUT,DF,Como,it Serie A,28.0,1997.0,14,3,393,4.4,1,0,1,1,0,0,1,0,0.23,8,3,37.5,1.83,0.69,0.13,0.33,0,0,10,3,4,6,1,0,0,9,0,,,,,,,,,,,,,,,355486,7f609bfc
2043,Stefan Posch,at AUT,DF,Mainz 05,de Bundesliga,28.0,1997.0,8,8,720,8.0,0,0,0,0,0,0,4,0,0.0,5,1,20.0,0.62,0.12,0.0,0.0,0,0,8,11,9,7,4,0,0,6,0,,,,,,,,,,,,,,,355486,7f609bfc
2044,Freddie Potts,eng ENG,MF,West Ham United,eng Premier League,22.0,2003.0,19,11,1101,12.2,0,1,1,0,0,0,1,0,0.08,3,1,33.3,0.25,0.08,0.0,0.0,0,0,34,18,14,14,1,0,0,13,0,,,,,,,,,,,,,,,1089582,acaeba74
2045,Kacper Potulski,pl POL,DF,Mainz 05,de Bundesliga,18.0,2007.0,11,7,771,8.6,1,0,1,1,0,0,3,0,0.12,9,2,22.2,1.05,0.23,0.11,0.5,0,0,2,9,16,1,3,0,0,11,0,,,,,,,,,,,,,,,1548910,
2046,Yussuf Poulsen,dk DEN,FW,Hamburger SV,de Bundesliga,31.0,1994.0,12,1,301,3.3,1,0,1,1,0,0,4,0,0.3,7,3,42.9,2.09,0.9,0.14,0.33,0,0,2,2,1,3,4,0,0,12,0,,,,,,,,,,,,,,,135264,d2416c2e
2047,Beñat Prados,es ESP,MF,Athletic Club,es La Liga,25.0,2001.0,2,1,85,0.9,0,0,0,0,0,0,1,0,0.0,1,0,0.0,1.06,0.0,0.0,,0,0,0,2,2,0,1,0,0,5,0,,,,,,,,,,,,,,,1012409,1f60244a
2048,Alexander Prass,at AUT,MF,Hoffenheim,de Bundesliga,24.0,2001.0,24,10,999,11.1,3,2,5,3,0,0,2,0,0.45,16,9,56.3,1.44,0.81,0.19,0.33,0,0,36,20,6,17,2,0,0,22,0,,,,,,,,,,,,,,,978062,
2049,Matteo Prati,it ITA,MF,Torino,it Serie A,22.0,2003.0,6,3,295,3.3,0,0,0,0,0,0,1,0,0.0,6,0,0.0,1.83,0.0,0.0,,0,0,0,1,0,2,1,0,0,3,0,,,,,,,,,,,,,,,1111640,
2050,Matteo Prati,it ITA,MF,Cagliari,it Serie A,22.0,2003.0,20,15,1268,14.1,1,0,1,1,0,0,4,0,0.07,19,1,5.3,1.35,0.07,0.05,1.0,0,0,13,12,15,3,4,0,0,17,0,,,,,,,,,,,,,,,1111640,
2051,Abdón Prats,es ESP,FW,Mallorca,es La Liga,33.0,1992.0,10,0,93,1.0,0,0,0,0,0,0,0,0,0.0,4,1,25.0,3.87,0.97,0.0,0.0,0,0,1,0,0,2,0,0,0,2,0,,,,,,,,,,,,,,,146852,d1b060e2
2052,Grischa Prömel,de GER,MF,Hoffenheim,de Bundesliga,31.0,1995.0,26,13,1402,15.6,7,2,9,7,0,0,3,0,0.58,36,12,33.3,2.31,0.77,0.19,0.58,0,0,10,15,14,24,3,0,0,18,0,,,,,,,,,,,,,,,253993,
2053,Ivan Provedel,it ITA,GK,Lazio,it Serie A,32.0,1994.0,27,27,2430,27.0,0,0,0,0,0,0,1,0,0.0,0,0,,0.0,0.0,,,0,0,0,0,0,2,1,0,0,0,0,27.0,1.0,112.0,87.0,78.6,8.0,10.0,9.0,12.0,44.4,4.0,3.0,1.0,0.0,308182,277da414
2054,Javi Puado,es ESP,MF,FW,Espanyol,es La Liga,27.0,1998.0,10,8,674,7.5,2,0,2,1,1,2,2,0,0.13,15,9,60.0,2.0,1.2,0.07,0.11,1,2,21,2,3,7,2,0,0,11,0,,,,,,,,,,,,,,891511,2683eda7
2055,Marc Pubill,es ESP,DF,Atlético Madrid,es La Liga,22.0,2003.0,12,9,841,9.3,0,1,1,0,0,0,1,0,0.11,6,2,33.3,0.64,0.21,0.0,0.0,0,0,4,7,15,8,1,0,0,9,0,,,,,,,,,,,,,,,1094106,954a482d
2056,Cameron Puertas,ch SUI,MF,Werder Bremen,de Bundesliga,27.0,1998.0,21,15,1282,14.2,0,1,1,0,0,0,4,0,0.07,26,4,15.4,1.83,0.28,0.0,0.0,0,0,52,30,13,17,4,0,0,26,0,,,,,,,,,,,,,,,916176,185a2732
2057,Christian Pulisic,us USA,FW,Milan,it Serie A,27.0,1998.0,22,14,1213,13.5,8,2,10,8,0,1,0,0,0.74,44,23,52.3,3.26,1.71,0.18,0.35,0,1,29,6,3,18,0,0,0,10,0,,,,,,,,,,,,,,,817957,1bf33a9a
2058,Arkadiusz Pyrka,pl POL,MF,St Pauli,de Bundesliga,23.0,2002.0,23,22,1856,20.6,0,1,1,0,0,0,3,0,0.05,14,3,21.4,0.68,0.15,0.0,0.0,0,0,33,15,18,22,3,0,0,13,0,,,,,,,,,,,,,,,971481,8ae54a69
2059,Jarell Quansah,eng ENG,DF,Leverkusen,de Bundesliga,23.0,2003.0,22,19,1789,19.9,3,0,3,3,0,0,7,0,0.15,11,6,54.5,0.55,0.3,0.27,0.5,0,0,20,18,19,18,7,0,0,14,0,,,,,,,,,,,,,,,1003339,4125cb98
2060,Leopold Querfeld,at AUT,DF,Union Berlin,de Bundesliga,22.0,2003.0,25,25,2250,25.0,2,0,2,0,2,3,6,0,0.0,26,9,34.6,1.04,0.36,0.0,0.0,2,3,2,21,28,26,6,0,0,40,0,,,,,,,,,,,,,,,1086547,
2061,Kenny Quetant,fr FRA,FW,Le Havre,fr Ligue 1,19.0,2006.0,9,4,372,4.1,1,0,1,1,0,0,1,0,0.24,8,2,25.0,1.94,0.48,0.13,0.5,0,0,1,0,1,3,1,0,0,6,0,,,,,,,,,,,,,,,2198657,
2062,Matheo Raab,de GER,GK,Union Berlin,de Bundesliga,27.0,1998.0,1,1,90,1.0,0,0,0,0,0,0,0,0,0.0,0,0,,0.0,0.0,,,0,0,0,0,0,0,0,0,0,0,0,0.0,0.0,6.0,6.0,100.0,1.0,0.0,0.0,1.0,100.0,0.0,0.0,0.0,0.0,842718,
2063,Dani Raba,es ESP,FW,Valencia,es La Liga,30.0,1995.0,12,3,261,2.9,0,1,1,0,0,0,0,0,0.34,7,1,14.3,2.41,0.34,0.0,0.0,0,0,12,4,4,2,0,0,0,6,0,,,,,,,,,,,,,,,873947,ea6a7ab4
2064,Adrien Rabiot,fr FRA,MF,Marseille,fr Ligue 1,30.0,1995.0,1,1,90,1.0,0,0,0,0,0,0,1,0,0.0,1,0,0.0,1.0,0.0,0.0,,0,0,9,0,0,1,1,0,0,2,0,,,,,,,,,,,,,,,250737,8794e251
2065,Adrien Rabiot,fr FRA,MF,Milan,it Serie A,30.0,1995.0,20,19,1740,19.3,4,4,8,4,0,0,6,1,0.41,29,6,20.7,1.5,0.31,0.14,0.67,0,0,37,21,10,34,6,1,1,23,0,,,,,,,,,,,,,,,250737,8794e251
2066,Uroš Radaković,rs SRB,DF,Nantes,fr Ligue 1,31.0,1994.0,4,0,24,0.3,0,0,0,0,0,0,0,0,0.0,0,0,,0.0,0.0,,,0,0,0,0,0,0,0,0,0,1,0,,,,,,,,,,,,,,,151900,ebbd1336
2067,Ionuț Radu,ro ROU,GK,Celta Vigo,es La Liga,28.0,1997.0,28,28,2520,28.0,0,0,0,0,0,0,0,0,0.0,0,0,,0.0,0.0,,,0,0,0,0,0,7,0,0,0,0,0,31.0,1.11,106.0,80.0,73.6,10.0,11.0,7.0,8.0,28.6,8.0,3.0,2.0,3.0,815202,67f649be
2068,Ugo Raghouber,fr FRA,MF,Levante,es La Liga,22.0,2003.0,7,5,423,4.7,0,0,0,0,0,0,0,0,0.0,1,0,0.0,0.21,0.0,0.0,,0,0,1,4,6,8,0,0,0,4,0,,,,,,,,,,,,,,,1170694,
2069,Ugo Raghouber,fr FRA,MF,Lille,fr Ligue 1,22.0,2003.0,1,0,3,0.0,0,0,0,0,0,0,0,0,0.0,0,0,,0.0,0.0,,,0,0,0,0,0,0,0,0,0,0,0,,,,,,,,,,,,,,,1170694,
2070,Antonio Raillo,es ESP,DF,Mallorca,es La Liga,34.0,1991.0,22,22,1942,21.6,0,1,1,0,0,0,3,0,0.05,12,1,8.3,0.56,0.05,0.0,0.0,0,0,4,12,11,14,3,0,0,23,0,,,,,,,,,,,,,,,807116,b857bd29
2071,Ylber Ramadani,al ALB,MF,Lecce,it Serie A,29.0,1996.0,28,28,2429,27.0,1,0,1,1,0,0,7,0,0.04,25,5,20.0,0.93,0.19,0.04,0.2,0,0,14,38,34,44,7,0,0,36,0,,,,,,,,,,,,,,,841977,ef3c876b
2072,Diant Ramaj,de GER,GK,Heidenheim,de Bundesliga,24.0,2001.0,25,25,2250,25.0,0,0,0,0,0,0,1,0,0.0,0,0,,0.0,0.0,,,0,0,0,0,0,2,1,0,0,2,0,56.0,2.24,135.0,84.0,62.2,3.0,5.0,17.0,0.0,0.0,6.0,5.0,0.0,1.0,981562,
2073,Largie Ramazani,be BEL,MF,Valencia,es La Liga,25.0,2001.0,17,5,638,7.1,4,1,5,1,3,3,4,0,0.28,26,9,34.6,3.67,1.27,0.04,0.11,3,3,21,6,8,10,4,0,0,13,0,,,,,,,,,,,,,,,909966,cc9256ef
2074,Jacobo Ramón,es ESP,DF,Como,it Serie A,21.0,2005.0,26,25,2247,25.0,2,0,2,2,0,0,7,1,0.08,29,6,20.7,1.16,0.24,0.07,0.33,0,0,9,29,32,7,7,1,0,26,0,,,,,,,,,,,,,,,1403348,
2075,Gonçalo Ramos,pt POR,FW,Paris Saint-Germain,fr Ligue 1,24.0,2001.0,23,10,1025,11.4,5,1,6,4,1,1,2,0,0.44,47,21,44.7,4.13,1.84,0.09,0.19,1,1,1,10,3,15,2,0,0,18,0,,,,,,,,,,,,,,,934510,f63cda26
2076,Guilherme Ramos,pt POR,DF,Hamburger SV,de Bundesliga,28.0,1997.0,8,0,48,0.5,0,0,0,0,0,0,0,0,0.0,1,1,100.0,1.87,1.87,0.0,0.0,0,0,0,0,0,1,0,0,0,1,0,,,,,,,,,,,,,,,827192,58649f05
2077,Aaron Ramsdale,eng ENG,GK,Newcastle United,eng Premier League,27.0,1998.0,9,8,734,8.2,0,0,0,0,0,0,1,0,0.0,0,0,,0.0,0.0,,,0,0,0,0,0,0,1,0,0,0,0,11.0,1.35,25.0,16.0,64.0,4.0,2.0,2.0,1.0,12.5,2.0,2.0,0.0,0.0,839410,466fb2c5
2078,Jacob Ramsey,eng ENG,MF,Newcastle United,eng Premier League,24.0,2001.0,20,10,991,11.0,2,1,3,2,0,0,5,1,0.27,12,4,33.3,1.09,0.36,0.17,0.5,0,0,7,10,7,11,5,1,1,14,0,,,,,,,,,,,,,,,975937,1544f145
2079,Luca Ranieri,it ITA,DF,Fiorentina,it Serie A,26.0,1999.0,26,21,1765,19.6,1,0,1,1,0,0,7,0,0.05,15,3,20.0,0.76,0.15,0.07,0.33,0,0,26,18,14,23,7,0,0,20,0,,,,,,,,,,,,,,,893998,8c63fae5
2080,Grant Ranos,am ARM,FW,Gladbach,de Bundesliga,22.0,2003.0,8,0,119,1.3,1,0,1,1,0,0,1,0,0.76,4,2,50.0,3.03,1.51,0.25,0.5,0,0,5,1,1,1,1,0,0,1,0,,,,,,,,,,,,,,,,
2081,Lilian Raolisoa,fr FRA,MF,FW,Angers,fr Ligue 1,25.0,2000.0,24,14,1343,14.9,2,1,3,2,0,0,2,0,0.2,12,4,33.3,0.8,0.27,0.17,0.5,0,0,66,19,9,12,2,0,0,22,0,,,,,,,,,,,,,,1462778,
2082,Raphinha,br BRA,MF,FW,Barcelona,es La Liga,29.0,1996.0,19,16,1201,13.3,11,3,14,8,3,3,3,0,0.82,53,17,32.1,3.97,1.27,0.15,0.47,3,3,61,3,5,9,3,0,0,9,0,,,,,,,,,,,,,,831005,3423f250
2083,Marcus Rashford,eng ENG,MF,FW,Barcelona,es La Liga,28.0,1997.0,23,14,1328,14.8,4,6,10,4,0,0,2,0,0.68,65,22,33.8,4.41,1.49,0.06,0.18,0,0,88,7,1,18,2,0,0,6,0,,,,,,,,,,,,,,814590,a1d5bd30
2084,Mathias Rasmussen,no NOR,MF,St Pauli,de Bundesliga,28.0,1997.0,5,3,288,3.2,0,0,0,0,0,0,0,0,0.0,3,0,0.0,0.94,0.0,0.0,,0,0,5,1,2,5,0,0,0,5,0,,,,,,,,,,,,,,,834244,99549c4b
2085,Giacomo Raspadori,it ITA,MF,Atalanta,it Serie A,26.0,2000.0,4,2,247,2.7,1,1,2,1,0,0,0,0,0.73,10,5,50.0,3.64,1.82,0.1,0.2,0,0,20,1,0,2,0,0,0,1,0,,,,,,,,,,,,,,,865651,6e058f06
2086,Giacomo Raspadori,it ITA,FW,Atlético Madrid,es La Liga,26.0,2000.0,12,1,236,2.6,0,1,1,0,0,0,1,0,0.38,7,3,42.9,2.67,1.14,0.0,0.0,0,0,9,1,0,7,1,0,0,3,0,,,,,,,,,,,,,,,865651,6e058f06
2087,Andrei Ratiu,ro ROU,DF,Rayo Vallecano,es La Liga,27.0,1998.0,25,24,2133,23.7,0,3,3,0,0,0,6,0,0.13,25,8,32.0,1.05,0.34,0.0,0.0,0,0,77,27,34,17,6,0,0,16,0,,,,,,,,,,,,,,,965031,b1b99435
2088,Petar Ratkov,rs SRB,FW,Lazio,it Serie A,22.0,2003.0,7,2,221,2.5,0,0,0,0,0,0,0,0,0.0,5,0,0.0,2.04,0.0,0.0,,0,0,0,2,1,3,0,0,0,0,0,,,,,,,,,,,,,,,1101942,f446748f
2089,Raúl,es ESP,FW,Osasuna,es La Liga,25.0,2000.0,26,5,778,8.6,5,0,5,5,0,0,1,1,0.58,26,15,57.7,3.01,1.74,0.19,0.33,0,0,6,12,7,11,1,1,0,7,0,,,,,,,,,,,,,,,980383,2b81295d
2090,David Raum,de GER,DF,RB Leipzig,de Bundesliga,27.0,1998.0,25,25,2212,24.6,3,5,8,2,1,1,6,0,0.28,21,6,28.6,0.85,0.24,0.1,0.33,1,1,217,31,29,12,6,0,0,25,0,,,,,,,,,,,,,,,856076,c0ce0679
2091,Federico Ravaglia,it ITA,GK,Bologna,it Serie A,26.0,1999.0,13,12,1110,12.3,0,0,0,0,0,0,3,0,0.0,0,0,,0.0,0.0,,,0,0,0,1,0,3,3,0,0,1,0,22.0,1.78,66.0,45.0,68.2,3.0,3.0,6.0,2.0,16.7,1.0,1.0,0.0,0.0,850952,6662d731
2092,David Raya,es ESP,GK,Arsenal,eng Premier League,30.0,1995.0,31,31,2790,31.0,0,0,0,0,0,0,1,0,0.0,0,0,,0.0,0.0,,,0,0,1,1,1,9,1,0,0,0,0,22.0,0.71,72.0,49.0,69.4,21.0,7.0,3.0,15.0,48.4,0.0,0.0,0.0,0.0,581310,98ea5115
2093,Abde Rebbach,dz ALG,MF,Alavés,es La Liga,27.0,1998.0,21,8,822,9.1,0,0,0,0,0,0,4,0,0.0,26,8,30.8,2.85,0.88,0.0,0.0,0,0,63,8,9,18,4,0,0,26,0,,,,,,,,,,,,,,,1082968,
2094,Federico Redondo,ar ARG,MF,Elche,es La Liga,23.0,2003.0,9,1,153,1.7,0,0,0,0,0,0,0,1,0.0,1,0,0.0,0.59,0.0,0.0,,0,0,0,2,4,3,0,1,0,7,0,,,,,,,,,,,,,,,1117026,5a325298
2095,Harrison Reed,eng ENG,MF,Fulham,eng Premier League,31.0,1995.0,5,0,27,0.3,1,0,1,1,0,0,0,0,3.33,1,1,100.0,3.33,3.33,1.0,1.0,0,0,3,0,0,1,0,0,0,0,0,,,,,,,,,,,,,,,365802,803ae100
2096,Luca Reggiani,it ITA,DF,Dortmund,de Bundesliga,18.0,2008.0,4,2,199,2.2,1,0,1,1,0,0,1,0,0.45,2,1,50.0,0.9,0.45,0.5,1.0,0,0,1,5,2,0,1,0,0,2,0,,,,,,,,,,,,,,,1937833,
2097,Alejandro Rego,es ESP,MF,Athletic Club,es La Liga,22.0,2003.0,19,5,707,7.9,1,0,1,1,0,0,5,0,0.13,10,3,30.0,1.27,0.38,0.1,0.33,0,0,0,13,13,3,5,0,0,23,0,,,,,,,,,,,,,,,2110897,453a1fcd
2098,Tijjani Reijnders,nl NED,MF,Manchester City,eng Premier League,27.0,1998.0,26,17,1496,16.6,5,2,7,5,0,0,2,0,0.42,41,15,36.6,2.47,0.9,0.12,0.33,0,0,37,4,11,15,2,0,0,18,0,,,,,,,,,,,,,,,893549,afb61630
2099,Alberto Reina,es ESP,MF,Oviedo,es La Liga,28.0,1997.0,27,21,1628,18.1,3,0,3,3,0,0,5,1,0.17,16,7,43.8,0.88,0.39,0.19,0.43,0,0,29,12,10,30,5,1,1,27,0,,,,,,,,,,,,,,,882475,
2100,Vitor Reis,br BRA,DF,Girona,es La Liga,20.0,2006.0,26,25,2238,24.9,1,1,2,1,0,0,6,1,0.08,12,2,16.7,0.48,0.08,0.08,0.5,0,0,0,21,22,14,6,1,0,22,1,,,,,,,,,,,,,,,1485300,c4ce0ab5
2101,Rocco Reitz,de GER,MF,Gladbach,de Bundesliga,23.0,2002.0,24,24,2019,22.4,0,2,2,0,0,0,6,1,0.09,34,11,32.4,1.52,0.49,0.0,0.0,0,0,70,31,38,46,6,1,0,29,0,,,,,,,,,,,,,,,1048650,cc971106
2102,Nicolai Remberg,de GER,MF,Hamburger SV,de Bundesliga,25.0,2000.0,25,25,2250,25.0,0,1,1,0,0,0,9,0,0.04,15,7,46.7,0.6,0.28,0.0,0.0,0,0,4,21,37,42,9,0,0,35,0,,,,,,,,,,,,,,,1064305,
2103,Álex Remiro,es ESP,GK,Real Sociedad,es La Liga,30.0,1995.0,28,28,2520,28.0,0,0,0,0,0,0,0,0,0.0,0,0,,0.0,0.0,,,0,0,0,1,1,4,0,0,0,0,1,42.0,1.5,105.0,68.0,64.8,10.0,8.0,10.0,2.0,7.1,5.0,5.0,0.0,0.0,791773,
2104,Devyne Rensch,nl NED,MF,DF,Roma,it Serie A,23.0,2003.0,16,7,671,7.5,0,1,1,0,0,0,0,0,0.13,4,1,25.0,0.54,0.13,0.0,0.0,0,0,13,11,9,11,0,0,0,4,0,,,,,,,,,,,,,,982778,c5cbbcff
2105,Guillaume Restes,fr FRA,GK,Toulouse,fr Ligue 1,21.0,2005.0,26,26,2309,25.7,0,0,0,0,0,0,3,0,0.0,0,0,,0.0,0.0,,,0,0,0,0,1,8,3,0,0,0,0,31.0,1.21,83.0,56.0,67.5,9.0,7.0,10.0,8.0,30.8,4.0,4.0,0.0,0.0,1154630,6b91b999
2106,Elvis Rexhbeçaj,xk KVX,MF,Augsburg,de Bundesliga,28.0,1997.0,23,9,1030,11.4,2,0,2,2,0,0,4,0,0.17,10,4,40.0,0.87,0.35,0.2,0.5,0,0,15,7,4,14,4,0,0,13,0,,,,,,,,,,,,,,,842188,1ae836b1
2107,Oriol Rey,es ESP,MF,Levante,es La Liga,28.0,1998.0,16,11,1038,11.5,0,0,0,0,0,0,2,0,0.0,6,1,16.7,0.52,0.09,0.0,0.0,0,0,6,10,10,7,2,0,0,15,0,,,,,,,,,,,,,,,859769,
2108,Gio Reyna,us USA,MF,Gladbach,de Bundesliga,23.0,2002.0,13,4,403,4.5,0,0,0,0,0,0,1,0,0.0,5,1,20.0,1.12,0.22,0.0,0.0,0,0,9,5,3,7,1,0,0,5,0,,,,,,,,,,,,,,,989056,7fa4e703
2109,Chadi Riad,ma MAR,DF,Crystal Palace,eng Premier League,22.0,2003.0,6,3,314,3.5,0,1,1,0,0,0,2,0,0.29,2,1,50.0,0.57,0.29,0.0,0.0,0,0,6,3,1,2,2,0,0,4,0,,,,,,,,,,,,,,,1064218,b3b9b8b8
2110,Alexsandro Ribeiro,br BRA,DF,Lille,fr Ligue 1,26.0,1999.0,8,7,508,5.6,0,0,0,0,0,0,0,1,0.0,7,2,28.6,1.24,0.35,0.0,0.0,0,0,1,9,11,8,0,1,0,10,0,,,,,,,,,,,,,,,1049775,0d82903c
2111,Rodrigo Ribeiro,pt POR,FW,Augsburg,de Bundesliga,20.0,2005.0,6,4,376,4.2,2,0,2,2,0,0,1,0,0.48,15,6,40.0,3.59,1.44,0.13,0.33,0,0,1,1,1,1,1,0,0,7,0,,,,,,,,,,,,,,,1215904,484a3eae
2112,Samuele Ricci,it ITA,MF,Milan,it Serie A,24.0,2001.0,24,9,1043,11.6,1,3,4,1,0,0,1,0,0.35,15,6,40.0,1.29,0.52,0.07,0.17,0,0,23,8,7,23,1,0,0,10,0,,,,,,,,,,,,,,,930189,9823be92
2113,Declan Rice,eng ENG,MF,Arsenal,eng Premier League,27.0,1999.0,30,29,2581,28.7,4,5,9,4,0,0,2,0,0.31,36,12,33.3,1.26,0.42,0.11,0.33,0,0,145,29,27,8,2,0,0,20,0,,,,,,,,,,,,,,,856714,1c7012b8
2114,Chris Richards,us USA,DF,Crystal Palace,eng Premier League,25.0,2000.0,26,26,2332,25.9,1,0,1,1,0,0,3,0,0.04,10,1,10.0,0.39,0.04,0.1,1.0,0,0,11,31,40,3,3,0,0,13,0,,,,,,,,,,,,,,,931844,0a3d6d2b
2115,Amir Richardson,ma MAR,MF,Fiorentina,it Serie A,24.0,2002.0,2,0,42,0.5,0,0,0,0,0,0,0,0,0.0,1,0,0.0,2.14,0.0,0.0,,0,0,1,1,0,3,0,0,0,1,0,,,,,,,,,,,,,,,1121333,376b87ab
2116,Richarlison,br BRA,FW,Tottenham Hotspur,eng Premier League,28.0,1997.0,25,14,1445,16.1,9,3,12,9,0,0,5,0,0.75,44,20,45.5,2.74,1.25,0.2,0.45,0,0,14,14,6,26,5,0,0,17,0,,,,,,,,,,,,,,,840217,fa031b34
2117,Diego Rico,es ESP,DF,Getafe,es La Liga,33.0,1993.0,24,17,1660,18.4,0,0,0,0,0,0,4,0,0.0,11,1,9.1,0.6,0.05,0.0,0.0,0,0,60,28,30,33,4,0,0,22,0,,,,,,,,,,,,,,,350560,d9ba39fc
2118,Clemens Riedel,de GER,DF,Espanyol,es La Liga,22.0,2003.0,15,12,1036,11.5,0,1,1,0,0,0,4,0,0.09,3,1,33.3,0.26,0.09,0.0,0.0,0,0,3,11,10,5,4,0,0,18,0,,,,,,,,,,,,,,,1129360,
2119,Fabian Rieder,ch SUI,MF,Augsburg,de Bundesliga,24.0,2002.0,24,20,1623,18.0,3,3,6,2,1,1,2,0,0.28,27,8,29.6,1.5,0.44,0.07,0.25,1,1,80,14,8,22,2,0,0,32,0,,,,,,,,,,,,,,,929620,c2bd8585
2120,Fabian Rieder,ch SUI,MF,Rennes,fr Ligue 1,24.0,2002.0,3,2,133,1.5,0,0,0,0,0,0,0,0,0.0,1,0,0.0,0.68,0.0,0.0,,0,0,1,2,2,1,0,0,0,2,0,,,,,,,,,,,,,,,929620,c2bd8585
2121,Lasse Rieß,de GER,GK,Mainz 05,de Bundesliga,24.0,2001.0,4,3,292,3.2,0,0,0,0,0,0,0,0,0.0,0,0,,0.0,0.0,,,0,0,0,0,0,1,0,0,0,0,0,12.0,3.7,26.0,15.0,57.7,0.0,0.0,3.0,0.0,0.0,1.0,1.0,0.0,0.0,1069252,
2122,Chris Rigg,eng ENG,MF,Sunderland,eng Premier League,18.0,2007.0,12,7,468,5.2,0,0,0,0,0,0,0,0,0.0,5,0,0.0,0.96,0.0,0.0,,0,0,5,4,2,8,0,0,0,6,0,,,,,,,,,,,,,,,1394089,35741fe2
2123,Filippo Rinaldi,it ITA,GK,Parma,it Serie A,23.0,2002.0,1,1,90,1.0,0,0,0,0,0,0,1,0,0.0,0,0,,0.0,0.0,,,0,0,0,0,0,0,1,0,0,0,0,0.0,0.0,4.0,4.0,100.0,0.0,1.0,0.0,1.0,100.0,0.0,0.0,0.0,0.0,1002428,
2124,Hugo Rincón,es ESP,DF,Girona,es La Liga,23.0,2003.0,25,15,1534,17.0,1,1,2,1,0,0,3,0,0.12,7,2,28.6,0.41,0.12,0.14,0.5,0,0,23,24,5,44,3,0,0,24,0,,,,,,,,,,,,,,,1632454,5d668fb7
2125,Luis Rioja,es ESP,MF,Valencia,es La Liga,32.0,1993.0,27,22,1863,20.7,2,4,6,2,0,0,1,0,0.29,33,4,12.1,1.59,0.19,0.06,0.5,0,0,119,16,13,24,1,0,0,7,0,,,,,,,,,,,,,,,900433,eb3dd471
2126,Rodrigo Riquelme,es ESP,MF,Real Betis,es La Liga,25.0,2000.0,19,7,651,7.2,0,1,1,0,0,0,1,0,0.14,19,5,26.3,2.63,0.69,0.0,0.0,0,0,20,7,3,8,1,0,0,6,0,,,,,,,,,,,,,,,989113,c8e0d4a5
2127,Robin Risser,fr FRA,GK,Lens,fr Ligue 1,21.0,2004.0,26,26,2340,26.0,0,1,1,0,0,0,2,0,0.04,0,0,,0.0,0.0,,,0,0,0,0,0,4,2,0,0,0,0,23.0,0.88,82.0,63.0,74.4,18.0,2.0,6.0,10.0,38.5,5.0,2.0,2.0,1.0,1387161,
2128,Mihailo Ristić,rs SRB,MF,DF,Celta Vigo,es La Liga,30.0,1995.0,4,4,251,2.8,0,0,0,0,0,0,0,0,0.0,1,0,0.0,0.36,0.0,0.0,,0,0,2,0,2,1,0,0,0,0,0,,,,,,,,,,,,,,363774,ea0aa7e0
2129,Lars Ritzka,de GER,DF,MF,St Pauli,de Bundesliga,27.0,1998.0,15,7,623,6.9,0,0,0,0,0,0,1,0,0.0,1,0,0.0,0.14,0.0,0.0,,0,0,8,16,9,1,1,0,0,7,0,,,,,,,,,,,,,,873347,
2130,Sergi Roberto,es ESP,MF,Como,it Serie A,34.0,1992.0,15,4,446,5.0,0,0,0,0,0,0,3,0,0.0,6,2,33.3,1.21,0.4,0.0,0.0,0,0,2,5,5,8,3,0,0,8,0,,,,,,,,,,,,,,,123976,335fa267
2131,Patrick Roberts,eng ENG,FW,MF,Sunderland,eng Premier League,29.0,1997.0,1,0,28,0.3,0,0,0,0,0,0,0,0,0.0,1,0,0.0,3.21,0.0,0.0,,0,0,0,0,0,0,0,0,0,0,0,,,,,,,,,,,,,,361326,59d93937
2132,Andrew Robertson,sct SCO,DF,Liverpool,eng Premier League,32.0,1994.0,18,6,760,8.4,0,0,0,0,0,0,0,0,0.0,5,1,20.0,0.59,0.12,0.0,0.0,0,0,34,9,6,0,0,0,0,4,0,,,,,,,,,,,,,,,1393342,2e4f5f03
2133,Antonee Robinson,us USA,DF,MF,Fulham,eng Premier League,28.0,1997.0,14,11,984,10.9,0,0,0,0,0,0,2,0,0.0,2,0,0.0,0.18,0.0,0.0,,0,0,54,15,16,4,2,0,0,8,0,,,,,,,,,,,,,,803174,289601e6
2134,Joel Roca,es ESP,MF,FW,Girona,es La Liga,20.0,2005.0,23,10,976,10.8,2,1,3,2,0,0,3,1,0.28,33,11,33.3,3.04,1.01,0.06,0.18,0,0,24,8,2,27,3,1,0,10,0,,,,,,,,,,,,,,1391616,e47d11f8
2135,Marc Roca,es ESP,MF,Real Betis,es La Liga,29.0,1996.0,22,19,1626,18.1,0,1,1,0,0,0,1,0,0.06,12,4,33.3,0.66,0.22,0.0,0.0,0,0,9,25,18,21,1,0,0,33,0,,,,,,,,,,,,,,,847128,da27e268
2136,Ryan Rodin,fr FRA,MF,Auxerre,fr Ligue 1,20.0,2006.0,3,0,26,0.3,0,0,0,0,0,0,0,0,0.0,0,0,,0.0,0.0,,,0,0,0,0,0,0,0,0,0,0,0,,,,,,,,,,,,,,,1927696,
2137,Kaden Rodney,eng ENG,DF,MF,Crystal Palace,eng Premier League,21.0,2004.0,1,0,4,0.0,0,0,0,0,0,0,0,0,0.0,0,0,,0.0,0.0,,,0,0,0,0,0,0,0,0,0,1,0,,,,,,,,,,,,,,1185603,
2138,Joe Rodon,wls WAL,DF,Leeds United,eng Premier League,28.0,1997.0,28,28,2455,27.3,2,0,2,2,0,0,1,0,0.07,15,4,26.7,0.55,0.15,0.13,0.5,0,0,3,16,27,17,1,0,0,12,0,,,,,,,,,,,,,,,828640,8d62d31a
2139,Rodri,es ESP,MF,Manchester City,eng Premier League,29.0,1996.0,18,14,1244,13.8,1,0,1,1,0,0,2,0,0.07,11,2,18.2,0.8,0.14,0.09,0.5,0,0,4,22,11,26,2,0,0,10,0,,,,,,,,,,,,,,,827606,5200dce9
2140,Álvaro Rodríguez,uy URU,FW,Elche,es La Liga,21.0,2004.0,24,17,1529,17.0,5,4,9,5,0,0,0,0,0.53,54,18,33.3,3.18,1.06,0.09,0.28,0,0,8,7,3,34,0,0,0,26,0,,,,,,,,,,,,,,,1154587,49a6ecbb
2141,Damián Rodríguez,es ESP,MF,Celta Vigo,es La Liga,23.0,2003.0,2,2,150,1.7,0,0,0,0,0,0,1,0,0.0,3,0,0.0,1.8,0.0,0.0,,0,0,3,0,1,0,1,0,0,3,0,,,,,,,,,,,,,,,1216080,ffbe2c76
2142,Dani Rodríguez,es ESP,FW,MF,Mallorca,es La Liga,37.0,1988.0,2,0,68,0.8,0,0,0,0,0,0,0,0,0.0,1,0,0.0,1.32,0.0,0.0,,0,0,2,1,0,3,0,0,0,0,0,,,,,,,,,,,,,,1649156,4487e773
2143,Guido Rodríguez,ar ARG,MF,West Ham United,eng Premier League,31.0,1994.0,6,2,180,2.0,0,0,0,0,0,0,1,0,0.0,1,0,0.0,0.5,0.0,0.0,,0,0,2,0,2,4,1,0,0,2,0,,,,,,,,,,,,,,,609752,34e393f2
2144,Guido Rodríguez,ar ARG,MF,Valencia,es La Liga,31.0,1994.0,6,4,409,4.5,0,0,0,0,0,0,0,0,0.0,4,0,0.0,0.88,0.0,0.0,,0,0,2,12,3,9,0,0,0,10,0,,,,,,,,,,,,,,,609752,34e393f2
2145,Javi Rodríguez,es ESP,DF,Celta Vigo,es La Liga,22.0,2003.0,24,19,1793,19.9,0,0,0,0,0,0,3,0,0.0,9,1,11.1,0.45,0.05,0.0,0.0,0,0,1,18,20,24,3,0,0,22,0,,,,,,,,,,,,,,,1526627,294afef4
2146,Jesus Rodríguez,es ESP,MF,Como,it Serie A,20.0,2005.0,25,15,1507,16.7,1,7,8,1,0,0,2,1,0.48,41,10,24.4,2.45,0.6,0.02,0.1,0,0,49,16,4,26,2,1,0,20,0,,,,,,,,,,,,,,,1800245,d2e5e83e
2147,Juan Rodríguez,uy URU,DF,Cagliari,it Serie A,20.0,2005.0,9,9,727,8.1,0,0,0,0,0,0,3,0,0.0,1,1,100.0,0.12,0.12,0.0,0.0,0,0,2,15,12,4,3,0,0,11,0,,,,,,,,,,,,,,,1485391,25c3c939
2148,Ricardo Rodríguez,ch SUI,DF,Real Betis,es La Liga,33.0,1992.0,18,14,1206,13.4,0,1,1,0,0,0,0,0,0.07,2,0,0.0,0.15,0.0,0.0,,0,0,14,6,6,5,0,0,0,7,0,,,,,,,,,,,,,,,67769,7f78ad23
2149,Rodrygo,br BRA,MF,FW,Real Madrid,es La Liga,25.0,2001.0,19,6,684,7.6,1,3,4,1,0,0,3,0,0.53,27,11,40.7,3.55,1.45,0.04,0.09,0,0,42,8,3,23,3,0,0,5,0,,,,,,,,,,,,,,910536,8f5e92a6
2150,Robin Roefs,nl NED,GK,Sunderland,eng Premier League,23.0,2003.0,28,28,2520,28.0,0,0,0,0,0,0,3,0,0.0,0,0,,0.0,0.0,,,0,0,0,0,0,11,3,0,0,0,0,34.0,1.21,115.0,84.0,72.2,9.0,10.0,9.0,8.0,28.6,3.0,2.0,1.0,0.0,1012928,
2151,Morgan Rogers,eng ENG,MF,FW,Aston Villa,eng Premier League,23.0,2002.0,30,30,2677,29.7,8,5,13,8,0,0,6,0,0.44,68,27,39.7,2.29,0.91,0.12,0.3,0,0,43,18,11,39,6,0,0,37,0,,,,,,,,,,,,,,948261,2e5915f1
2152,Merlin Röhl,de GER,MF,Freiburg,de Bundesliga,23.0,2002.0,2,0,66,0.7,0,0,0,0,0,0,0,0,0.0,0,0,,0.0,0.0,,,0,0,1,1,0,0,0,0,0,2,0,,,,,,,,,,,,,,,1064082,
2153,Merlin Röhl,de GER,MF,Everton,eng Premier League,23.0,2002.0,11,2,364,4.0,0,0,0,0,0,0,0,0,0.0,7,0,0.0,1.73,0.0,0.0,,0,0,4,9,2,3,0,0,0,9,0,,,,,,,,,,,,,,,1064082,
2154,Filippo Romagna,it ITA,DF,Sassuolo,it Serie A,28.0,1997.0,4,3,256,2.8,0,0,0,0,0,0,0,0,0.0,2,0,0.0,0.7,0.0,0.0,,0,0,0,1,5,1,0,0,0,0,0,,,,,,,,,,,,,,,356032,84594618
2155,Alessio Romagnoli,it ITA,DF,Lazio,it Serie A,31.0,1995.0,24,23,1978,22.0,0,0,0,0,0,0,6,0,0.0,6,3,50.0,0.27,0.14,0.0,0.0,0,0,2,12,25,11,6,0,0,14,0,,,,,,,,,,,,,,,227864,3ead85f9
2156,Leo Román,es ESP,GK,Mallorca,es La Liga,25.0,2000.0,23,23,2070,23.0,0,0,0,0,0,0,3,0,0.0,0,0,,0.0,0.0,,,0,0,0,1,1,1,3,0,0,1,0,38.0,1.65,110.0,78.0,70.0,6.0,5.0,12.0,1.0,4.3,6.0,5.0,1.0,0.0,1131909,
2157,Miguel Román,es ESP,MF,Celta Vigo,es La Liga,23.0,2002.0,19,14,1311,14.6,1,0,1,1,0,0,3,0,0.07,9,2,22.2,0.62,0.14,0.11,0.5,0,0,21,17,12,11,3,0,0,20,0,,,,,,,,,,,,,,,1398526,b2110c41
2158,Alessandro Romano,ch SUI,MF,Roma,it Serie A,19.0,2006.0,2,0,8,0.1,0,0,0,0,0,0,0,0,0.0,0,0,,0.0,0.0,,,0,0,0,0,0,0,0,0,0,2,0,,,,,,,,,,,,,,,1417034,e01282f0
2159,Carlos Romero,es ESP,DF,Espanyol,es La Liga,24.0,2001.0,26,26,2307,25.6,5,2,7,5,0,0,3,0,0.27,29,8,27.6,1.13,0.31,0.17,0.63,0,0,72,45,29,12,3,0,0,35,0,,,,,,,,,,,,,,,1396048,ab8fda0c
2160,Cristian Romero,ar ARG,DF,Tottenham Hotspur,eng Premier League,27.0,1998.0,21,20,1709,19.0,4,1,5,4,0,0,10,2,0.26,15,6,40.0,0.79,0.32,0.27,0.67,0,0,1,26,29,12,10,2,1,28,0,,,,,,,,,,,,,,,829932,a3d94a58
2161,Isaac Romero,es ESP,FW,Sevilla,es La Liga,25.0,2000.0,20,12,1028,11.4,4,0,4,4,0,1,5,1,0.35,27,12,44.4,2.36,1.05,0.15,0.33,0,1,4,5,0,18,5,1,0,19,0,,,,,,,,,,,,,,,1018190,be719093
2162,Iván Romero,es ESP,FW,MF,Levante,es La Liga,24.0,2001.0,24,23,1815,20.2,4,1,5,4,0,0,3,0,0.25,47,12,25.5,2.33,0.6,0.09,0.33,0,0,16,18,8,55,3,0,0,32,0,,,,,,,,,,,,,,1014042,4ecdc16d
2163,Zaid Romero,ar ARG,DF,Getafe,es La Liga,26.0,1999.0,8,8,720,8.0,0,0,0,0,0,0,2,0,0.0,5,0,0.0,0.62,0.0,0.0,,0,0,2,12,19,5,2,0,0,5,0,,,,,,,,,,,,,,,1108450,71c980b7
2164,Rômulo,br BRA,FW,RB Leipzig,de Bundesliga,24.0,2002.0,22,20,1654,18.4,7,4,11,7,0,1,3,0,0.6,44,21,47.7,2.39,1.14,0.16,0.33,0,1,0,12,9,19,3,0,0,15,1,,,,,,,,,,,,,,,1133743,07abb358
2165,Salomón Rondón,ve VEN,FW,Oviedo,es La Liga,36.0,1989.0,16,13,1032,11.5,2,0,2,2,0,1,2,0,0.17,24,5,20.8,2.09,0.44,0.08,0.4,0,1,2,0,1,21,2,0,0,11,0,,,,,,,,,,,,,,,35532,b318a643
2166,Valentin Rongier,fr FRA,MF,Rennes,fr Ligue 1,31.0,1994.0,24,24,2115,23.5,1,4,5,1,0,0,4,0,0.21,18,7,38.9,0.77,0.3,0.06,0.14,0,0,14,36,28,19,4,0,0,38,0,,,,,,,,,,,,,,,581314,ed45c4a5
2167,Marten de Roon,nl NED,MF,Atalanta,it Serie A,34.0,1991.0,25,23,2002,22.2,1,1,2,1,0,0,8,1,0.09,14,4,28.6,0.63,0.18,0.07,0.25,0,0,10,35,15,10,8,1,1,27,0,,,,,,,,,,,,,,,100389,2a1beb34
2168,Pablo Rosario,do DOM,DF,MF,Nice,fr Ligue 1,29.0,1997.0,1,0,28,0.3,0,0,0,0,0,0,0,0,0.0,2,1,50.0,6.43,3.21,0.0,0.0,0,0,0,0,0,0,0,0,0,0,0,,,,,,,,,,,,,,804472,1a6b7ea4
2169,Max Rosenfelder,de GER,DF,Freiburg,de Bundesliga,23.0,2003.0,12,5,492,5.5,0,0,0,0,0,0,0,0,0.0,1,0,0.0,0.18,0.0,0.0,,0,0,0,5,5,5,0,0,0,2,1,,,,,,,,,,,,,,,1131337,
2170,Lucas Rosier,fr FRA,FW,Rennes,fr Ligue 1,19.0,2007.0,2,0,2,0.0,0,0,0,0,0,0,0,0,0.0,0,0,,0.0,0.0,,,0,0,0,0,0,0,0,0,0,0,0,,,,,,,,,,,,,,,2077096,
2171,Valentin Rosier,fr FRA,DF,MF,Osasuna,es La Liga,29.0,1996.0,21,20,1660,18.4,0,1,1,0,0,0,5,1,0.05,6,1,16.7,0.33,0.05,0.0,0.0,0,0,32,22,29,13,5,1,1,25,0,,,,,,,,,,,,,,842419,b5cf91dc
2172,Tom Rothe,de GER,DF,MF,Union Berlin,de Bundesliga,21.0,2004.0,13,5,548,6.1,1,0,1,1,0,0,1,1,0.16,11,3,27.3,1.81,0.49,0.09,0.33,0,0,14,8,14,3,1,1,0,9,0,,,,,,,,,,,,,,,
2173,Anthony Rouault,fr FRA,DF,Rennes,fr Ligue 1,24.0,2001.0,18,16,1454,16.2,1,0,1,1,0,0,3,0,0.06,7,2,28.6,0.43,0.12,0.14,0.5,0,0,0,13,15,8,3,0,0,22,0,,,,,,,,,,,,,,,991479,9b545925
2174,Nicolò Rovella,it ITA,MF,Lazio,it Serie A,24.0,2001.0,8,4,343,3.8,0,1,1,0,0,0,2,0,0.26,1,0,0.0,0.26,0.0,0.0,,0,0,11,9,6,8,2,0,0,3,0,,,,,,,,,,,,,,,937324,e58cbfd5
2175,Jonathan Rowe,eng ENG,MF,FW,Bologna,it Serie A,22.0,2003.0,19,12,1088,12.1,1,1,2,1,0,0,2,0,0.17,34,11,32.4,2.81,0.91,0.03,0.09,0,0,43,11,5,35,2,0,0,16,0,,,,,,,,,,,,,,1065261,8c12f884
2176,Jonathan Rowe,eng ENG,FW,Marseille,fr Ligue 1,22.0,2003.0,1,1,62,0.7,0,0,0,0,0,0,0,0,0.0,5,0,0.0,7.26,0.0,0.0,,0,0,4,0,1,2,0,0,0,2,0,,,,,,,,,,,,,,,1065261,8c12f884
2177,James Rowswell,eng ENG,DF,Tottenham Hotspur,eng Premier League,19.0,2006.0,1,0,1,0.0,0,0,0,0,0,0,0,0,0.0,0,0,,0.0,0.0,,,0,0,0,0,0,0,0,0,0,0,0,,,,,,,,,,,,,,,1403130,
2178,Amir Rrahmani,xk KVX,DF,Napoli,it Serie A,32.0,1994.0,16,16,1356,15.1,1,1,2,1,0,0,2,0,0.13,8,1,12.5,0.53,0.07,0.13,1.0,0,0,1,12,17,14,2,0,0,17,0,,,,,,,,,,,,,,,332155,4b3e1a38
2179,Rubén,es ESP,DF,Espanyol,es La Liga,25.0,2001.0,13,4,466,5.2,0,0,0,0,0,0,2,0,0.0,3,0,0.0,0.58,0.0,0.0,,0,0,21,5,9,9,2,0,0,5,0,,,,,,,,,,,,,,,,75b08b25
2180,Antonio Rüdiger,de GER,DF,Real Madrid,es La Liga,33.0,1993.0,11,10,904,10.0,1,0,1,1,0,0,0,0,0.1,9,1,11.1,0.9,0.1,0.11,1.0,0,0,2,3,3,1,0,0,0,9,0,,,,,,,,,,,,,,,142622,18b896d6
2181,Javier Rueda Garcia,es ESP,MF,Celta Vigo,es La Liga,23.0,2002.0,19,10,958,10.6,2,4,6,2,0,0,4,0,0.56,10,3,30.0,0.94,0.28,0.2,0.67,0,0,16,8,14,13,4,0,0,20,0,,,,,,,,,,,,,,,,167c1bb0
2182,Daniele Rugani,it ITA,DF,Fiorentina,it Serie A,31.0,1994.0,2,1,100,1.1,0,0,0,0,0,0,1,0,0.0,0,0,,0.0,0.0,,,0,0,0,2,3,0,1,0,0,4,0,,,,,,,,,,,,,,,139273,14b8fcdf
2183,Daniele Rugani,it ITA,DF,Juventus,it Serie A,31.0,1994.0,6,3,250,2.8,0,0,0,0,0,0,0,0,0.0,0,0,,0.0,0.0,,,0,0,0,3,5,0,0,0,0,2,0,,,,,,,,,,,,,,,139273,14b8fcdf
2184,Matteo Ruggeri,it ITA,DF,Atlético Madrid,es La Liga,23.0,2002.0,19,15,1234,13.7,0,3,3,0,0,0,3,0,0.22,4,2,50.0,0.29,0.15,0.0,0.0,0,0,63,20,11,1,3,0,0,23,0,,,,,,,,,,,,,,,965011,ae9898c5
2185,Aitor Ruibal,es ESP,DF,MF,Real Betis,es La Liga,29.0,1996.0,22,16,1437,16.0,4,2,6,4,0,0,3,0,0.38,25,10,40.0,1.57,0.63,0.16,0.4,0,0,22,22,16,23,3,0,0,22,0,,,,,,,,,,,,,,893062,a55d8df5
2186,Abel Ruiz,es ESP,FW,Girona,es La Liga,26.0,2000.0,6,0,82,0.9,0,0,0,0,0,0,0,0,0.0,1,0,0.0,1.1,0.0,0.0,,0,0,2,1,1,0,0,0,0,2,0,,,,,,,,,,,,,,,826013,6cbf8d0d
2187,Fabián Ruiz Peña,es ESP,MF,Paris Saint-Germain,fr Ligue 1,29.0,1996.0,13,9,796,8.8,1,2,3,1,0,0,1,0,0.34,13,4,30.8,1.47,0.45,0.08,0.25,0,0,9,6,10,1,1,0,0,1,0,,,,,,,,,,,,,,,,05ad622b
2188,Gerónimo Rulli,ar ARG,GK,Marseille,fr Ligue 1,33.0,1992.0,22,22,1980,22.0,0,0,0,0,0,0,2,0,0.0,0,0,,0.0,0.0,,,0,0,0,0,0,13,2,0,0,1,0,25.0,1.14,83.0,62.0,74.7,12.0,4.0,6.0,7.0,31.8,4.0,4.0,0.0,0.0,128383,625c144a
2189,Jacen Russell-Rowe,ca CAN,FW,Toulouse,fr Ligue 1,23.0,2002.0,6,1,159,1.8,0,0,0,0,0,0,0,0,0.0,6,1,16.7,3.4,0.57,0.0,0.0,0,0,3,1,1,1,0,0,0,6,0,,,,,,,,,,,,,,,1002267,b33c6ed5
2190,Georginio Rutter,fr FRA,MF,FW,Brighton,eng Premier League,23.0,2002.0,24,19,1595,17.7,2,2,4,2,0,0,2,0,0.23,35,12,34.3,1.97,0.68,0.06,0.17,0,0,14,15,10,32,2,0,0,27,1,,,,,,,,,,,,,,946695,c64c01fc
2191,Mathew Ryan,au AUS,GK,Levante,es La Liga,33.0,1992.0,26,26,2340,26.0,0,0,0,0,0,0,2,0,0.0,2,0,0.0,0.08,0.0,0.0,,0,0,0,1,1,0,2,0,0,0,0,41.0,1.58,137.0,99.0,71.5,5.0,8.0,13.0,5.0,19.2,3.0,2.0,1.0,0.0,134029,4535e4bb
2192,Julian Ryerson,no NOR,MF,Dortmund,de Bundesliga,28.0,1997.0,23,18,1572,17.5,0,12,12,0,0,0,5,0,0.69,8,0,0.0,0.46,0.0,0.0,,0,0,165,16,10,16,5,0,0,19,0,,,,,,,,,,,,,,,800951,009a4f60
2193,Frederik Rønnow,dk DEN,GK,Union Berlin,de Bundesliga,33.0,1992.0,25,25,2250,25.0,0,0,0,0,0,0,2,0,0.0,0,0,,0.0,0.0,,,0,0,0,1,1,3,2,0,0,1,0,42.0,1.68,103.0,65.0,65.0,7.0,7.0,11.0,5.0,20.0,6.0,6.0,0.0,0.0,137692,a70b8345
2194,Alexander Røssing-Lelesiit,no NOR,FW,MF,Hamburger SV,de Bundesliga,19.0,2007.0,11,5,321,3.6,0,1,1,0,0,0,3,1,0.28,2,2,100.0,0.56,0.56,0.0,0.0,0,0,4,2,1,7,3,1,1,13,0,,,,,,,,,,,,,,1862226,
2195,José Sá,pt POR,GK,Wolves,eng Premier League,33.0,1993.0,19,19,1710,19.0,0,0,0,0,0,0,2,0,0.0,0,0,,0.0,0.0,,,0,0,0,0,0,6,2,0,0,0,0,30.0,1.58,78.0,50.0,64.1,3.0,6.0,10.0,4.0,21.1,2.0,2.0,0.0,0.0,252669,903b6e8b
2196,Elias Saad,tn TUN,MF,FW,Augsburg,de Bundesliga,26.0,1999.0,10,7,497,5.5,0,0,0,0,0,0,1,0,0.0,6,3,50.0,1.09,0.54,0.0,0.0,0,0,9,8,1,12,1,0,0,8,0,,,,,,,,,,,,,,1130946,
2197,Stefano Sabelli,it ITA,DF,MF,Genoa,it Serie A,33.0,1993.0,11,7,518,5.8,0,0,0,0,0,0,0,0,0.0,3,0,0.0,0.52,0.0,0.0,,0,0,16,10,2,12,0,0,0,2,1,,,,,,,,,,,,,,184421,0ccac09c
2198,Abdelhamid Sabiri,ma MAR,MF,Fiorentina,it Serie A,29.0,1996.0,1,0,27,0.3,0,0,0,0,0,0,0,0,0.0,1,0,0.0,3.33,0.0,0.0,,0,0,4,2,0,1,0,0,0,1,0,,,,,,,,,,,,,,,807400,4830e0af
2199,Marcel Sabitzer,at AUT,MF,Dortmund,de Bundesliga,32.0,1994.0,19,14,1280,14.2,1,2,3,1,0,0,2,0,0.21,17,4,23.5,1.2,0.28,0.06,0.25,0,0,28,14,17,10,2,0,0,11,0,,,,,,,,,,,,,,,133908,e280527c
2200,Noah Sadiki,cd COD,MF,Sunderland,eng Premier League,21.0,2004.0,25,25,2202,24.5,0,0,0,0,0,0,6,0,0.0,12,3,25.0,0.49,0.12,0.0,0.0,0,0,16,20,28,30,6,0,0,22,0,,,,,,,,,,,,,,,1171539,645481cc
2201,Umar Sadiq,ng NGA,FW,Valencia,es La Liga,29.0,1997.0,10,4,469,5.2,1,1,2,1,0,0,2,0,0.38,11,4,36.4,2.11,0.77,0.09,0.25,0,0,2,1,1,11,2,0,0,13,0,,,,,,,,,,,,,,,754710,686cbe7d
2202,Umar Sadiq,ng NGA,FW,Real Sociedad,es La Liga,29.0,1997.0,5,2,153,1.7,0,0,0,0,0,0,1,0,0.0,4,0,0.0,2.35,0.0,0.0,,0,0,1,0,0,2,1,0,0,2,0,,,,,,,,,,,,,,,754710,686cbe7d
2203,Alexis Saelemaekers,be BEL,MF,Milan,it Serie A,26.0,1999.0,27,26,2192,24.4,2,3,5,2,0,0,4,0,0.21,35,6,17.1,1.44,0.25,0.06,0.33,0,0,70,30,27,53,4,0,0,20,0,,,,,,,,,,,,,,,901891,ee251371
2204,Matvei Safonov,ru RUS,GK,Paris Saint-Germain,fr Ligue 1,27.0,1999.0,8,8,720,8.0,0,0,0,0,0,0,0,0,0.0,0,0,,0.0,0.0,,,0,0,0,0,0,1,0,0,0,0,0,9.0,1.13,24.0,16.0,62.5,6.0,0.0,2.0,4.0,50.0,1.0,0.0,1.0,0.0,800749,
2205,Emir Sahiti,xk KVX,FW,Hamburger SV,de Bundesliga,27.0,1998.0,2,2,120,1.3,0,0,0,0,0,0,0,0,0.0,0,0,,0.0,0.0,,,0,0,1,0,0,1,0,0,0,0,0,,,,,,,,,,,,,,,841985,866408c6
2206,Osame Sahraoui,ma MAR,MF,Lille,fr Ligue 1,24.0,2001.0,16,4,463,5.1,1,2,3,1,0,0,0,0,0.58,11,4,36.4,2.14,0.78,0.09,0.25,0,0,2,3,4,24,0,0,0,3,0,,,,,,,,,,,,,,,965357,
2207,Wesley Saïd,fr FRA,MF,Lens,fr Ligue 1,30.0,1995.0,23,20,1604,17.8,10,2,12,9,1,1,2,0,0.62,45,20,44.4,2.52,1.12,0.2,0.45,1,1,18,14,8,13,2,0,0,30,0,,,,,,,,,,,,,,,227862,90fcf472
2208,Allan Saint-Maximin,fr FRA,MF,Lens,fr Ligue 1,29.0,1997.0,4,1,158,1.8,1,2,3,1,0,0,0,0,1.71,5,1,20.0,2.85,0.57,0.2,1.0,0,0,3,0,0,2,0,0,0,3,0,,,,,,,,,,,,,,,347010,b15e93aa
2209,Bukayo Saka,eng ENG,FW,MF,Arsenal,eng Premier League,24.0,2001.0,27,22,1998,22.2,6,3,9,5,1,1,1,0,0.36,63,26,41.3,2.84,1.17,0.08,0.19,1,1,111,15,14,51,1,0,0,28,0,,,,,,,,,,,,,,934235,bc7dc64d
2210,Mathis Saka,fr FRA,FW,Toulouse,fr Ligue 1,19.0,2006.0,1,0,8,0.1,0,0,0,0,0,0,0,0,0.0,0,0,,0.0,0.0,,,0,0,0,0,0,0,0,0,0,1,0,,,,,,,,,,,,,,,1884150,
2211,Álex Sala,es ESP,MF,Lecce,it Serie A,24.0,2001.0,7,2,154,1.7,0,1,1,0,0,0,0,0,0.58,4,2,50.0,2.34,1.17,0.0,0.0,0,0,7,2,3,4,0,0,0,5,0,,,,,,,,,,,,,,,1157382,29c5b91e
2212,Ibrahim Salah,ma MAR,FW,Rennes,fr Ligue 1,24.0,2001.0,2,0,35,0.4,0,0,0,0,0,0,0,0,0.0,1,0,0.0,2.57,0.0,0.0,,0,0,0,1,0,2,0,0,0,0,0,,,,,,,,,,,,,,,1386639,1fe85145
2213,Mohamed Salah,eg EGY,MF,FW,Liverpool,eng Premier League,33.0,1992.0,22,19,1819,20.2,5,6,11,4,1,1,1,0,0.49,57,14,24.6,2.82,0.69,0.07,0.29,1,1,98,8,3,16,1,0,0,10,0,,,,,,,,,,,,,,159665,e342ad68
2214,Jan Salas,es ESP,MF,Mallorca,es La Liga,20.0,2005.0,2,0,17,0.2,0,0,0,0,0,0,0,0,0.0,0,0,,0.0,0.0,,,0,0,0,0,0,1,0,0,0,0,0,,,,,,,,,,,,,,,1905699,95098ed4
2215,Kike Salas,es ESP,DF,Sevilla,es La Liga,23.0,2002.0,16,14,1303,14.5,1,0,1,1,0,0,0,0,0.07,11,6,54.5,0.76,0.41,0.09,0.17,0,0,8,19,28,9,0,0,0,23,0,,,,,,,,,,,,,,,1097719,
2216,Manolis Saliakas,gr GRE,MF,St Pauli,de Bundesliga,29.0,1996.0,15,11,1018,11.3,1,3,4,1,0,0,3,0,0.35,14,3,21.4,1.24,0.27,0.07,0.33,0,0,39,18,12,6,3,0,0,4,0,,,,,,,,,,,,,,,280551,18fe6d90
2217,William Saliba,fr FRA,DF,Arsenal,eng Premier League,24.0,2001.0,25,24,2074,23.0,1,0,1,1,0,0,1,0,0.04,5,1,20.0,0.22,0.04,0.2,1.0,0,0,9,17,13,15,1,0,0,17,0,,,,,,,,,,,,,,,941168,972aeb2a
2218,José Salinas,es ESP,DF,Espanyol,es La Liga,25.0,2000.0,10,2,241,2.7,0,0,0,0,0,0,2,0,0.0,0,0,,0.0,0.0,,,0,0,7,2,2,4,2,0,0,8,1,,,,,,,,,,,,,,,1068891,903b6e8b
2219,Mohammed Salisu,gh GHA,DF,Monaco,fr Ligue 1,26.0,1999.0,12,12,1080,12.0,1,0,1,1,0,0,3,0,0.08,8,2,25.0,0.67,0.17,0.13,0.5,0,0,0,11,19,3,3,0,0,17,1,,,,,,,,,,,,,,,946158,0b33f6ad
2220,Lazar Samardzic,rs SRB,MF,Atalanta,it Serie A,24.0,2002.0,22,10,937,10.4,2,1,3,2,0,0,1,0,0.29,22,7,31.8,2.11,0.67,0.09,0.29,0,0,64,7,9,8,1,0,0,16,0,,,,,,,,,,,,,,,980624,
2221,Mbwana Samatta,tz TAN,FW,Le Havre,fr Ligue 1,33.0,1992.0,19,11,995,11.1,0,0,0,0,0,0,4,0,0.0,28,9,32.1,2.53,0.81,0.0,0.0,0,0,6,3,3,12,4,0,0,24,0,,,,,,,,,,,,,,,825088,dae8623e
2222,Mama Samba Baldé,gw GNB,FW,MF,Brest,fr Ligue 1,30.0,1995.0,13,8,635,7.1,2,2,4,2,0,0,0,0,0.57,27,5,18.5,3.83,0.71,0.07,0.4,0,0,3,6,3,10,0,0,0,11,0,,,,,,,,,,,,,,,fb14aa28
2223,Brice Samba,fr FRA,GK,Rennes,fr Ligue 1,31.0,1994.0,25,25,2250,25.0,0,0,0,0,0,0,3,0,0.0,0,0,,0.0,0.0,,,0,0,0,0,0,5,3,0,0,0,0,34.0,1.36,99.0,68.0,68.7,12.0,7.0,6.0,8.0,32.0,4.0,3.0,1.0,0.0,164055,60d90c55
2224,Albert Sambi Lokonga,be BEL,MF,Hamburger SV,de Bundesliga,26.0,1999.0,20,15,1267,14.1,4,0,4,4,0,0,2,0,0.28,14,8,57.1,0.99,0.57,0.29,0.5,0,0,12,9,10,21,2,0,0,13,0,,,,,,,,,,,,,,,901892,1b4f1169
2225,Antonio Sanabria,py PAR,FW,Cremonese,it Serie A,30.0,1996.0,20,7,694,7.7,1,1,2,1,0,0,2,0,0.26,9,4,44.4,1.17,0.52,0.11,0.25,0,0,1,2,1,14,2,0,0,13,0,,,,,,,,,,,,,,,333261,0a447501
2226,Oihan Sancet,es ESP,MF,Athletic Club,es La Liga,25.0,2000.0,21,18,1419,15.8,2,0,2,0,2,2,4,1,0.0,40,12,30.0,2.54,0.76,0.0,0.0,2,2,18,5,2,21,4,1,0,25,0,,,,,,,,,,,,,,,966801,bdb624a3
2227,Álex Sánchez,es ESP,FW,Elche,es La Liga,20.0,2006.0,1,0,6,0.1,0,1,1,0,0,0,0,0,15.0,0,0,,0.0,0.0,,,0,0,0,1,0,0,0,0,0,0,0,,,,,,,,,,,,,,,2216007,927c7264
2228,Alexis Sánchez,cl CHI,FW,MF,Sevilla,es La Liga,37.0,1988.0,20,9,1020,11.3,3,1,4,2,1,1,1,0,0.26,20,7,35.0,1.76,0.62,0.1,0.29,1,1,20,8,4,20,1,0,0,12,0,,,,,,,,,,,,,,34120,2c0f8e9e
2229,Antonio Sánchez,es ESP,MF,Mallorca,es La Liga,29.0,1997.0,23,8,877,9.7,0,0,0,0,0,0,4,1,0.0,6,3,50.0,0.62,0.31,0.0,0.0,0,0,19,7,13,9,4,1,1,13,0,,,,,,,,,,,,,,,949722,a254bbe0
2230,Juanlu Sánchez,es ESP,MF,DF,Sevilla,es La Liga,22.0,2003.0,23,19,1599,17.8,0,3,3,0,0,0,4,1,0.17,11,1,9.1,0.62,0.06,0.0,0.0,0,0,47,31,8,31,4,1,1,20,0,,,,,,,,,,,,,,1010655,94b88487
2231,Borja Sánchez Laborde,es ESP,MF,Oviedo,es La Liga,30.0,1996.0,1,0,14,0.2,0,0,0,0,0,0,0,0,0.0,0,0,,0.0,0.0,,,0,0,0,0,0,0,0,0,0,0,0,,,,,,,,,,,,,,,,01cab116
2232,Manu Sánchez,es ESP,DF,Levante,es La Liga,25.0,2000.0,24,23,2083,23.1,1,1,2,1,0,0,7,0,0.09,10,3,30.0,0.43,0.13,0.1,0.33,0,0,60,46,31,16,7,0,0,26,0,,,,,,,,,,,,,,,984789,248b0b19
2233,Robert Sánchez,es ESP,GK,Chelsea,eng Premier League,28.0,1997.0,28,28,2434,27.0,0,1,1,0,0,0,3,1,0.04,0,0,,0.0,0.0,,,0,0,0,0,1,10,3,1,0,2,0,33.0,1.22,107.0,74.0,70.1,12.0,8.0,8.0,9.0,32.1,1.0,1.0,0.0,0.0,920546,6a713852
2234,Selton Sánchez,es ESP,MF,Athletic Club,es La Liga,19.0,2007.0,7,2,196,2.2,0,1,1,0,0,0,0,0,0.46,4,1,25.0,1.84,0.46,0.0,0.0,0,0,0,2,1,5,0,0,0,5,0,,,,,,,,,,,,,,,1953923,
2235,Jadon Sancho,eng ENG,MF,Aston Villa,eng Premier League,25.0,2000.0,18,7,697,7.7,0,1,1,0,0,0,0,0,0.13,9,3,33.3,1.16,0.39,0.0,0.0,0,0,20,2,2,2,0,0,0,3,0,,,,,,,,,,,,,,,851100,dbf053da
2236,Álex Sancris,es ESP,MF,FW,Getafe,es La Liga,29.0,1997.0,15,5,630,7.0,0,1,1,0,0,0,3,1,0.14,11,4,36.4,1.57,0.57,0.0,0.0,0,0,49,5,2,11,3,1,1,13,0,,,,,,,,,,,,,,1398518,823a6cc9
2237,Philipp Sander,de GER,DF,MF,Gladbach,de Bundesliga,28.0,1998.0,22,21,1730,19.2,1,0,1,1,0,0,1,0,0.05,20,6,30.0,1.04,0.31,0.05,0.17,0,0,24,35,38,9,1,0,0,18,1,,,,,,,,,,,,,,939880,
2238,James Sands,us USA,MF,St Pauli,de Bundesliga,25.0,2000.0,24,23,1934,21.5,1,0,1,1,0,0,4,0,0.05,16,4,25.0,0.74,0.19,0.06,0.25,0,0,9,23,41,38,4,0,0,26,0,,,,,,,,,,,,,,,885892,dccd127f
2239,Ibou Sané,sn SEN,FW,MF,Metz,fr Ligue 1,20.0,2005.0,16,5,541,6.0,1,1,2,1,0,0,2,0,0.33,6,3,50.0,1.0,0.5,0.17,0.33,0,0,14,3,1,15,2,0,0,9,0,,,,,,,,,,,,,,1470032,22d90df9
2240,Sadibou Sané,sn SEN,DF,Metz,fr Ligue 1,21.0,2004.0,15,14,1220,13.6,2,0,2,2,0,0,3,2,0.15,3,2,66.7,0.22,0.15,0.67,1.0,0,0,0,21,23,9,3,2,0,13,1,,,,,,,,,,,,,,,1471683,b2009f99
2241,Arouna Sangante,sn SEN,DF,Le Havre,fr Ligue 1,23.0,2002.0,22,22,1801,20.0,1,1,2,1,0,0,3,1,0.1,7,5,71.4,0.35,0.25,0.14,0.2,0,0,3,18,22,30,3,1,0,33,0,,,,,,,,,,,,,,,1035988,
2242,Buba Sangaré,es ESP,MF,DF,Elche,es La Liga,18.0,2007.0,3,2,105,1.2,0,0,0,0,0,0,0,0,0.0,1,0,0.0,0.86,0.0,0.0,,0,0,3,4,3,0,0,0,0,5,0,,,,,,,,,,,,,,1542721,
2243,Ibrahim Sangaré,ci CIV,MF,Nottingham Forest,eng Premier League,28.0,1997.0,22,20,1675,18.6,2,2,4,2,0,0,4,0,0.21,16,5,31.3,0.86,0.27,0.13,0.4,0,0,8,24,17,13,4,0,0,32,0,,,,,,,,,,,,,,,843754,46c879ca
2244,Mamadou Sangare,ml MLI,MF,Lens,fr Ligue 1,23.0,2002.0,23,21,1828,20.3,2,3,5,2,0,0,4,0,0.25,37,9,24.3,1.82,0.44,0.05,0.22,0,0,7,45,31,37,4,0,0,31,0,,,,,,,,,,,,,,,1064697,
2245,Nhoa Sangui,fr FRA,DF,Paris FC,fr Ligue 1,20.0,2006.0,19,12,1194,13.3,0,0,0,0,0,0,0,0,0.0,2,0,0.0,0.15,0.0,0.0,,0,0,26,10,12,11,0,0,0,4,0,,,,,,,,,,,,,,,1426221,
2246,Maroan Sannadi,ma MAR,FW,Athletic Club,es La Liga,25.0,2001.0,8,2,259,2.9,1,0,1,1,0,0,2,0,0.35,7,4,57.1,2.43,1.39,0.14,0.25,0,0,1,0,1,5,2,0,0,7,0,,,,,,,,,,,,,,,1520799,bea2537a
2247,Kaishu Sano,jp JPN,MF,Mainz 05,de Bundesliga,25.0,2000.0,26,26,2339,26.0,1,1,2,1,0,0,1,0,0.08,15,4,26.7,0.58,0.15,0.07,0.25,0,0,13,27,59,23,1,0,0,9,0,,,,,,,,,,,,,,,1028307,7a7a6361
2248,Morgan Sanson,fr FRA,MF,Nice,fr Ligue 1,31.0,1994.0,24,13,1253,13.9,0,2,2,0,0,0,3,0,0.14,13,4,30.8,0.93,0.29,0.0,0.0,0,0,31,17,16,9,3,0,0,25,0,,,,,,,,,,,,,,,250133,6e7f1353
2249,Baptiste Santamaria,fr FRA,MF,Valencia,es La Liga,31.0,1995.0,19,7,754,8.4,1,1,2,1,0,0,2,0,0.24,6,2,33.3,0.72,0.24,0.17,0.5,0,0,3,5,8,10,2,0,0,13,0,,,,,,,,,,,,,,,344751,5e22e2a4
2250,Yago Santiago,es ESP,MF,Elche,es La Liga,22.0,2003.0,8,3,273,3.0,0,0,0,0,0,0,1,0,0.0,2,0,0.0,0.66,0.0,0.0,,0,0,6,1,1,2,1,0,0,3,0,,,,,,,,,,,,,,,1092515,77ee5b27
2251,Yellu Santiago,es ESP,MF,Hellas Verona,it Serie A,21.0,2004.0,2,0,6,0.1,0,0,0,0,0,0,0,0,0.0,2,1,50.0,30.0,15.0,0.0,0.0,0,0,0,0,0,1,0,0,0,0,0,,,,,,,,,,,,,,,1211005,77ee5b27
2252,Alisson Santos,br BRA,MF,Napoli,it Serie A,23.0,2002.0,5,4,339,3.8,2,0,2,2,0,0,0,0,0.53,13,9,69.2,3.45,2.39,0.15,0.22,0,0,16,6,0,3,0,0,0,0,0,,,,,,,,,,,,,,,1122835,
2253,Andrey Santos,br BRA,MF,Chelsea,eng Premier League,21.0,2004.0,22,10,975,10.8,0,0,0,0,0,0,4,0,0.0,8,1,12.5,0.74,0.09,0.0,0.0,0,0,1,13,17,19,4,0,0,11,0,,,,,,,,,,,,,,,1105779,dd745366
2254,Kauã Santos,br BRA,GK,Eintracht Frankfurt,de Bundesliga,22.0,2003.0,13,13,1084,12.0,0,0,0,0,0,0,0,0,0.0,0,0,,0.0,0.0,,,0,0,0,1,0,3,0,0,0,0,0,32.0,2.66,68.0,37.0,54.4,3.0,4.0,6.0,2.0,15.4,1.0,1.0,0.0,0.0,1134203,c7c50cb5
2255,Tiago Santos,pt POR,DF,Lille,fr Ligue 1,23.0,2002.0,13,8,694,7.7,0,0,0,0,0,0,0,0,0.0,8,0,0.0,1.04,0.0,0.0,,0,0,30,8,4,21,0,0,0,12,0,,,,,,,,,,,,,,,1087364,3eeebc87
2256,Alejo Sarco,ar ARG,FW,Gladbach,de Bundesliga,20.0,2006.0,2,0,49,0.5,0,0,0,0,0,0,0,0,0.0,1,0,0.0,1.84,0.0,0.0,,0,0,0,0,0,0,0,0,0,0,0,,,,,,,,,,,,,,,1482433,e47d11f8
2257,Alejo Sarco,ar ARG,FW,Leverkusen,de Bundesliga,20.0,2006.0,3,0,74,0.8,0,0,0,0,0,0,0,0,0.0,2,0,0.0,2.43,0.0,0.0,,0,0,0,0,0,2,0,0,0,2,0,,,,,,,,,,,,,,,1482433,e47d11f8
2258,Jeremy Sarmiento,ec ECU,MF,Cremonese,it Serie A,23.0,2002.0,7,0,142,1.6,0,0,0,0,0,0,0,0,0.0,2,2,100.0,1.27,1.27,0.0,0.0,0,0,2,2,2,1,0,0,0,0,0,,,,,,,,,,,,,,,983816,ac0d576d
2259,Amin Sarr,se SWE,FW,MF,Hellas Verona,it Serie A,25.0,2001.0,28,9,976,10.8,0,1,1,0,0,0,2,1,0.09,17,5,29.4,1.57,0.46,0.0,0.0,0,0,8,8,4,17,2,1,1,23,0,,,,,,,,,,,,,,1022204,d5326924
2260,Bouna Sarr,sn SEN,MF,DF,Metz,fr Ligue 1,34.0,1992.0,4,3,242,2.7,0,0,0,0,0,0,0,0,0.0,2,1,50.0,0.74,0.37,0.0,0.0,0,0,12,3,2,5,0,0,0,3,0,,,,,,,,,,,,,,158233,1a4b9094
2261,Ismaila Sarr,sn SEN,MF,FW,Crystal Palace,eng Premier League,28.0,1998.0,20,20,1725,19.2,7,1,8,5,2,2,2,0,0.31,34,14,41.2,1.77,0.73,0.15,0.36,2,2,16,9,7,35,2,0,0,11,0,,,,,,,,,,,,,,845286,bfdb33aa
2262,Malang Sarr,fr FRA,DF,Lens,fr Ligue 1,27.0,1999.0,25,25,2250,25.0,0,1,1,0,0,0,2,0,0.04,15,4,26.7,0.6,0.16,0.0,0.0,0,0,7,31,60,14,2,0,0,16,0,,,,,,,,,,,,,,,826203,4315f30d
2263,Mamadou Sarr,sn SEN,DF,Strasbourg,fr Ligue 1,20.0,2005.0,15,15,1305,14.5,0,0,0,0,0,0,3,0,0.0,1,0,0.0,0.07,0.0,0.0,,0,0,0,13,5,11,3,0,0,16,0,,,,,,,,,,,,,,,1154657,61f80c89
2264,Mamadou Sarr,sn SEN,DF,Chelsea,eng Premier League,20.0,2005.0,2,1,92,1.0,0,0,0,0,0,0,0,0,0.0,1,0,0.0,0.98,0.0,0.0,,0,0,0,0,1,0,0,0,0,0,0,,,,,,,,,,,,,,,1154657,61f80c89
2265,Martin Satriano,uy URU,FW,MF,Getafe,es La Liga,25.0,2001.0,9,9,793,8.8,3,0,3,3,0,0,4,0,0.34,17,9,52.9,1.93,1.02,0.18,0.33,0,0,9,7,7,8,4,0,0,14,0,,,,,,,,,,,,,,973536,86383d0e
2266,Martin Satriano,uy URU,FW,Lyon,fr Ligue 1,25.0,2001.0,11,8,692,7.7,2,1,3,2,0,0,1,0,0.39,16,7,43.8,2.08,0.91,0.13,0.29,0,0,5,3,5,13,1,0,0,11,0,,,,,,,,,,,,,,,973536,86383d0e
2267,Mario Sauer,sk SVK,MF,Toulouse,fr Ligue 1,21.0,2004.0,20,6,600,6.7,1,0,1,1,0,0,2,0,0.15,12,3,25.0,1.8,0.45,0.08,0.33,0,0,7,6,8,3,2,0,0,7,0,,,,,,,,,,,,,,,1386065,5af313d7
2268,Razvan Sava,ro ROU,GK,Udinese,it Serie A,23.0,2002.0,7,6,620,6.9,0,0,0,0,0,0,1,0,0.0,0,0,,0.0,0.0,,,0,0,0,0,0,0,1,0,0,0,0,14.0,2.03,28.0,14.0,50.0,2.0,2.0,2.0,1.0,16.7,0.0,0.0,0.0,0.0,1001997,41efbd34
2269,Sávio,br BRA,MF,Manchester City,eng Premier League,21.0,2004.0,17,5,573,6.4,0,1,1,0,0,0,2,0,0.16,14,9,64.3,2.2,1.41,0.0,0.0,0,0,28,3,5,10,2,0,0,8,0,,,,,,,,,,,,,,,866369,4abe5c93
2270,Nicolò Savona,it ITA,DF,Nottingham Forest,eng Premier League,22.0,2003.0,14,11,1028,11.4,2,0,2,2,0,0,2,0,0.18,5,3,60.0,0.44,0.26,0.4,0.67,0,0,27,12,5,5,2,0,0,12,0,,,,,,,,,,,,,,,1010220,
2271,Joe Scally,us USA,DF,MF,Gladbach,de Bundesliga,23.0,2002.0,24,21,1912,21.2,1,3,4,1,0,0,6,0,0.19,12,7,58.3,0.56,0.33,0.08,0.14,0,0,37,19,15,42,6,0,0,25,1,,,,,,,,,,,,,,1002920,236f02cd
2272,Giorgio Scalvini,it ITA,DF,Atalanta,it Serie A,22.0,2003.0,15,14,1111,12.3,2,0,2,2,0,0,2,0,0.16,12,5,41.7,0.97,0.41,0.17,0.4,0,0,2,15,23,6,2,0,0,21,0,,,,,,,,,,,,,,,1012176,1e9aa637
2273,Gianluca Scamacca,it ITA,FW,Atalanta,it Serie A,27.0,1999.0,20,14,1140,12.7,8,1,9,6,2,2,2,0,0.55,51,19,37.3,4.03,1.5,0.12,0.32,2,2,0,4,3,17,2,0,0,21,0,,,,,,,,,,,,,,,807301,8790f988
2274,Oliver Scarles,eng ENG,DF,MF,West Ham United,eng Premier League,20.0,2005.0,12,9,656,7.3,0,0,0,0,0,0,1,0,0.0,3,0,0.0,0.41,0.0,0.0,,0,0,35,18,13,7,1,0,0,6,0,,,,,,,,,,,,,,1150952,
2275,Dane Scarlett,eng ENG,FW,Tottenham Hotspur,eng Premier League,21.0,2004.0,2,0,9,0.1,0,0,0,0,0,0,0,0,0.0,0,0,,0.0,0.0,,,0,0,0,0,0,0,0,0,0,1,0,,,,,,,,,,,,,,,998772,21945a9e
2276,Kevin Schade,de GER,MF,FW,Brentford,eng Premier League,24.0,2001.0,27,25,2130,23.7,7,3,10,7,0,1,6,1,0.42,44,21,47.7,1.86,0.89,0.16,0.33,0,1,18,21,18,35,6,1,0,37,0,,,,,,,,,,,,,,1006387,52afb588
2277,András Schäfer,hu HUN,MF,Union Berlin,de Bundesliga,26.0,1999.0,21,11,987,11.0,1,0,1,1,0,0,2,1,0.09,20,7,35.0,1.82,0.64,0.05,0.14,0,0,13,18,16,18,2,1,0,29,0,,,,,,,,,,,,,,,877302,049751d7
2278,Fabian Schär,ch SUI,DF,Newcastle United,eng Premier League,34.0,1991.0,16,11,1091,12.1,0,0,0,0,0,0,1,0,0.0,17,4,23.5,1.4,0.33,0.0,0.0,0,0,4,9,16,7,1,0,0,15,0,,,,,,,,,,,,,,,101882,c8aa95da
2279,Fynn Schenten,de GER,FW,Köln,de Bundesliga,18.0,2007.0,7,1,100,1.1,0,0,0,0,0,0,0,0,0.0,1,0,0.0,0.9,0.0,0.0,,0,0,3,0,0,0,0,0,0,2,0,,,,,,,,,,,,,,,2245371,
2280,Derry Scherhant,de GER,MF,Freiburg,de Bundesliga,23.0,2002.0,23,7,841,9.3,4,1,5,4,0,0,2,0,0.54,29,11,37.9,3.1,1.18,0.14,0.36,0,0,58,6,4,29,2,0,0,11,0,,,,,,,,,,,,,,,1131002,
2281,Patrik Schick,cz CZE,FW,Leverkusen,de Bundesliga,30.0,1996.0,20,17,1367,15.2,7,3,10,5,2,2,1,0,0.53,42,16,38.1,2.77,1.05,0.12,0.31,2,2,0,2,2,13,1,0,0,16,0,,,,,,,,,,,,,,,280609,5d4f7d61
2282,Stefan Schimmer,de GER,FW,Heidenheim,de Bundesliga,31.0,1994.0,21,2,694,7.7,5,1,6,5,0,0,1,0,0.78,28,11,39.3,3.63,1.43,0.18,0.45,0,0,10,3,3,5,1,0,0,12,0,,,,,,,,,,,,,,,842922,
2283,Xaver Schlager,at AUT,MF,RB Leipzig,de Bundesliga,28.0,1997.0,20,15,1322,14.7,2,1,3,2,0,0,4,0,0.2,16,5,31.3,1.09,0.34,0.13,0.4,0,0,10,16,7,8,4,0,0,19,0,,,,,,,,,,,,,,,791079,8f056768
2284,Keven Schlotterbeck,de GER,DF,Augsburg,de Bundesliga,28.0,1997.0,21,20,1835,20.4,0,1,1,0,0,1,6,1,0.05,12,3,25.0,0.59,0.15,0.0,0.0,0,1,6,19,22,18,6,1,1,22,0,,,,,,,,,,,,,,,891651,f6bdc830
2285,Nico Schlotterbeck,de GER,DF,Dortmund,de Bundesliga,26.0,1999.0,20,20,1800,20.0,4,1,5,4,0,0,6,0,0.25,29,8,27.6,1.45,0.4,0.14,0.5,0,0,22,29,13,19,6,0,0,20,0,,,,,,,,,,,,,,,940871,34e12499
2286,Mick Schmetgens,de GER,MF,Werder Bremen,de Bundesliga,18.0,2007.0,1,0,36,0.4,0,0,0,0,0,0,0,0,0.0,0,0,,0.0,0.0,,,0,0,2,0,1,0,0,0,0,0,0,,,,,,,,,,,,,,,1568521,
2287,Romano Schmid,at AUT,MF,FW,Werder Bremen,de Bundesliga,26.0,2000.0,26,26,2284,25.4,2,7,9,0,2,3,4,0,0.28,44,15,34.1,1.73,0.59,0.0,0.0,2,3,136,23,9,23,4,0,0,17,0,,,,,,,,,,,,,,830127,220ace7e
2288,Isaac Schmidt,ch SUI,MF,Werder Bremen,de Bundesliga,26.0,1999.0,16,5,550,6.1,1,0,1,1,0,0,2,0,0.16,4,2,50.0,0.65,0.33,0.25,0.5,0,0,7,7,8,3,2,0,0,7,0,,,,,,,,,,,,,,,1015164,f8b9b94d
2289,Joël Schmied,ch SUI,DF,Köln,de Bundesliga,27.0,1998.0,13,11,952,10.6,0,0,0,0,0,0,4,0,0.0,4,0,0.0,0.38,0.0,0.0,,0,0,5,9,10,5,4,0,0,13,0,,,,,,,,,,,,,,,965950,f6ad6b97
2290,Tim Schnitzer,de GER,MF,Augsburg,de Bundesliga,18.0,2008.0,1,0,6,0.1,0,0,0,0,0,0,0,0,0.0,0,0,,0.0,0.0,,,0,0,0,0,0,0,0,0,0,0,0,,,,,,,,,,,,,,,1861987,
2291,Jan Schöppner,de GER,MF,Heidenheim,de Bundesliga,26.0,1999.0,24,22,1670,18.6,1,1,2,1,0,0,4,0,0.11,19,5,26.3,1.02,0.27,0.05,0.2,0,0,11,10,27,13,4,0,0,18,0,,,,,,,,,,,,,,,933707,
2292,Marvin Schwäbe,de GER,GK,Köln,de Bundesliga,30.0,1995.0,26,26,2340,26.0,0,0,0,0,0,0,0,0,0.0,0,0,,0.0,0.0,,,0,0,0,1,2,2,0,0,0,1,0,44.0,1.69,115.0,76.0,64.3,6.0,7.0,13.0,3.0,11.5,5.0,3.0,2.0,0.0,187185,
2293,Léo Scienza,br BRA,MF,Heidenheim,de Bundesliga,27.0,1998.0,2,2,180,2.0,1,0,1,1,0,0,0,0,0.5,4,1,25.0,2.0,0.5,0.25,1.0,0,0,13,2,0,7,0,0,0,1,0,,,,,,,,,,,,,,,1386651,79064bc9
2294,Alex Scott,eng ENG,MF,Bournemouth,eng Premier League,22.0,2003.0,30,27,2220,24.7,2,1,3,2,0,0,3,0,0.12,37,10,27.0,1.5,0.41,0.05,0.2,0,0,64,30,30,52,3,0,0,35,0,,,,,,,,,,,,,,,1104986,3ffc7693
2295,Simone Scuffet,it ITA,GK,Pisa,it Serie A,29.0,1996.0,7,7,630,7.0,0,0,0,0,0,0,0,0,0.0,0,0,,0.0,0.0,,,0,0,0,0,0,4,0,0,0,0,0,15.0,2.14,26.0,14.0,53.8,0.0,3.0,4.0,1.0,14.3,3.0,3.0,0.0,0.0,284349,41bd99ea
2296,Sebastian Sebulonsen,no NOR,DF,MF,Köln,de Bundesliga,26.0,2000.0,24,21,1885,20.9,0,0,0,0,0,0,5,0,0.0,24,3,12.5,1.15,0.14,0.0,0.0,0,0,53,19,13,8,5,0,0,8,0,,,,,,,,,,,,,,1020206,d62063b7
2297,Jenson Seelt,nl NED,DF,Wolfsburg,de Bundesliga,22.0,2003.0,9,8,681,7.6,0,0,0,0,0,0,0,0,0.0,2,0,0.0,0.26,0.0,0.0,,0,0,0,9,5,6,0,0,0,5,1,,,,,,,,,,,,,,,,ec75ee25
2298,Jenson Seelt,nl NED,DF,Sunderland,eng Premier League,22.0,2003.0,2,1,134,1.5,0,0,0,0,0,0,0,0,0.0,0,0,,0.0,0.0,,,0,0,1,0,0,1,0,0,0,1,0,,,,,,,,,,,,,,,,ec75ee25
2299,Alidu Seidu,gh GHA,DF,Rennes,fr Ligue 1,25.0,2000.0,15,8,815,9.1,0,1,1,0,0,0,1,0,0.11,4,1,25.0,0.44,0.11,0.0,0.0,0,0,7,18,14,21,1,0,0,9,0,,,,,,,,,,,,,,,1049515,cea59f02
2300,Nicolas Seiwald,at AUT,MF,RB Leipzig,de Bundesliga,24.0,2001.0,26,25,2189,24.3,0,2,2,0,0,0,1,0,0.08,16,5,31.3,0.66,0.21,0.0,0.0,0,0,5,31,52,5,1,0,0,13,0,,,,,,,,,,,,,,,976575,28c6e925
2301,Ayumu Seko,jp JPN,MF,DF,Le Havre,fr Ligue 1,25.0,2000.0,23,22,1995,22.2,0,0,0,0,0,0,3,0,0.0,14,4,28.6,0.63,0.18,0.0,0.0,0,0,4,21,23,17,3,0,0,21,0,,,,,,,,,,,,,,873221,5c6a4059
2302,Matz Sels,be BEL,GK,Nottingham Forest,eng Premier League,34.0,1992.0,23,22,1948,21.6,0,0,0,0,0,0,2,0,0.0,0,0,,0.0,0.0,,,0,0,0,1,0,3,2,0,0,0,0,31.0,1.43,90.0,63.0,70.0,6.0,7.0,9.0,5.0,22.7,4.0,4.0,0.0,0.0,78152,834b5c4c
2303,Antoine Semenyo,gh GHA,MF,Bournemouth,eng Premier League,26.0,2000.0,20,20,1798,20.0,10,3,13,9,1,2,6,0,0.6,49,27,55.1,2.45,1.35,0.18,0.33,1,2,28,20,6,14,6,0,0,37,0,,,,,,,,,,,,,,,934354,efd2ec23
2304,Antoine Semenyo,gh GHA,MF,FW,Manchester City,eng Premier League,26.0,2000.0,9,9,789,8.8,5,1,6,5,0,0,0,0,0.68,19,9,47.4,2.17,1.03,0.26,0.56,0,0,11,8,2,5,0,0,0,12,0,,,,,,,,,,,,,,934354,efd2ec23
2305,Adrian Šemper,hr CRO,GK,Pisa,it Serie A,28.0,1998.0,17,17,1530,17.0,0,0,0,0,0,0,0,0,0.0,0,0,,0.0,0.0,,,0,0,0,0,0,2,0,0,0,0,0,25.0,1.47,84.0,60.0,71.4,1.0,9.0,7.0,4.0,23.5,1.0,1.0,0.0,0.0,814876,f02dde20
2306,Marvin Senaya,tg TOG,DF,MF,Auxerre,fr Ligue 1,25.0,2001.0,20,17,1536,17.1,1,0,1,1,0,0,5,0,0.06,13,4,30.8,0.76,0.23,0.08,0.25,0,0,37,23,29,30,5,0,0,21,0,,,,,,,,,,,,,,1087805,1d383c10
2307,Marcos Senesi,ar ARG,DF,Bournemouth,eng Premier League,28.0,1997.0,29,29,2568,28.5,0,4,4,0,0,0,8,0,0.14,15,5,33.3,0.53,0.18,0.0,0.0,0,0,22,29,42,27,8,0,0,26,0,,,,,,,,,,,,,,,830659,35141f4c
2308,Suat Serdar,de GER,MF,Hellas Verona,it Serie A,28.0,1997.0,20,12,1108,12.3,2,0,2,2,0,0,3,0,0.16,19,7,36.8,1.54,0.57,0.11,0.29,0,0,7,20,10,12,3,0,0,19,0,,,,,,,,,,,,,,,800408,
2309,Nicolás Serrano,es ESP,MF,Athletic Club,es La Liga,23.0,2003.0,12,4,330,3.7,1,0,1,1,0,0,0,0,0.27,13,2,15.4,3.55,0.55,0.08,0.5,0,0,32,4,2,5,0,0,0,7,0,,,,,,,,,,,,,,,1019318,
2310,Benjamin Šeško,si SVN,FW,Manchester Utd,eng Premier League,22.0,2003.0,25,13,1322,14.7,9,1,10,9,0,0,1,0,0.68,53,28,52.8,3.61,1.91,0.17,0.32,0,0,2,3,3,4,1,0,0,14,0,,,,,,,,,,,,,,,986397,3260690c
2311,Ryan Sessegnon,eng ENG,DF,MF,Fulham,eng Premier League,25.0,2000.0,23,18,1611,17.9,2,1,3,2,0,0,0,0,0.17,13,3,23.1,0.73,0.17,0.15,0.67,0,0,44,22,20,3,0,0,0,30,0,,,,,,,,,,,,,,836698,6aa3e78b
2312,Stephan El Shaarawy,it ITA,MF,FW,Roma,it Serie A,33.0,1992.0,14,4,444,4.9,0,2,2,0,0,0,2,0,0.41,13,5,38.5,2.64,1.01,0.0,0.0,0,0,12,5,5,6,2,0,0,7,0,,,,,,,,,,,,,,45925,d3aaad90
2313,Luke Shaw,eng ENG,DF,Manchester Utd,eng Premier League,30.0,1995.0,30,30,2525,28.1,0,1,1,0,0,0,5,0,0.04,5,2,40.0,0.18,0.07,0.0,0.0,0,0,45,30,31,10,5,0,0,37,0,,,,,,,,,,,,,,,190839,9c94165b
2314,Kento Shiogai,jp JPN,MF,Wolfsburg,de Bundesliga,20.0,2005.0,7,2,267,3.0,1,0,1,1,0,0,1,0,0.34,8,5,62.5,2.7,1.69,0.13,0.2,0,0,0,4,2,2,1,0,0,6,0,,,,,,,,,,,,,,,1499696,6bc2fef7
2315,Kwasi Sibo,gh GHA,MF,Oviedo,es La Liga,27.0,1998.0,19,15,1245,13.8,0,0,0,0,0,0,3,0,0.0,8,2,25.0,0.58,0.14,0.0,0.0,0,0,0,16,10,4,3,0,0,21,0,,,,,,,,,,,,,,,905639,be834ad7
2316,Djibril Sidibé,fr FRA,MF,DF,Toulouse,fr Ligue 1,33.0,1992.0,26,22,1877,20.9,3,3,6,2,1,2,1,0,0.24,7,4,57.1,0.34,0.19,0.29,0.5,1,2,52,29,15,11,1,0,0,27,0,,,,,,,,,,,,,,123388,4c5b714f
2317,Armindo Sieb,de GER,FW,Mainz 05,de Bundesliga,23.0,2003.0,16,3,441,4.9,2,0,2,2,0,0,1,0,0.41,14,6,42.9,2.86,1.22,0.14,0.33,0,0,8,4,0,2,1,0,0,13,0,,,,,,,,,,,,,,,1005834,228c1d94
2318,Jamil Siebert,de GER,DF,Lecce,it Serie A,23.0,2002.0,12,9,891,9.9,1,0,1,1,0,0,2,0,0.1,4,2,50.0,0.4,0.2,0.25,0.5,0,0,2,9,6,3,2,0,0,17,0,,,,,,,,,,,,,,,1014287,
2319,Francisco Sierralta,cl CHI,DF,Auxerre,fr Ligue 1,28.0,1997.0,10,9,861,9.6,1,0,1,1,0,0,2,0,0.1,7,2,28.6,0.73,0.21,0.14,0.5,0,0,0,6,9,5,2,0,0,8,0,,,,,,,,,,,,,,,805096,0f933743
2320,Tim Siersleben,de GER,DF,Heidenheim,de Bundesliga,26.0,2000.0,14,12,1079,12.0,0,0,0,0,0,0,2,0,0.0,5,3,60.0,0.42,0.25,0.0,0.0,0,0,13,16,21,13,2,0,0,13,0,,,,,,,,,,,,,,,988252,f761c901
2321,Mathys Silestrie,fr FRA,GK,Rennes,fr Ligue 1,20.0,2005.0,1,1,90,1.0,0,0,0,0,0,0,0,0,0.0,0,0,,0.0,0.0,,,0,0,0,0,0,0,0,0,0,0,0,3.0,3.0,3.0,0.0,0.0,0.0,0.0,1.0,0.0,0.0,0.0,0.0,0.0,0.0,,
2322,André Silva,pt POR,FW,Elche,es La Liga,30.0,1995.0,22,15,1290,14.3,7,0,7,6,1,1,2,0,0.42,39,19,48.7,2.72,1.33,0.15,0.32,1,1,2,3,2,27,2,0,0,16,0,,,,,,,,,,,,,,,190159,3effaa34
2323,Bernardo Silva,pt POR,MF,Manchester City,eng Premier League,31.0,1994.0,30,26,2245,24.9,2,4,6,2,0,0,9,0,0.24,17,5,29.4,0.68,0.2,0.12,0.4,0,0,51,14,15,19,9,0,0,34,0,,,,,,,,,,,,,,,331209,3eb22ec9
2324,Caio Henrique Oliveira Silva,br BRA,DF,MF,Monaco,fr Ligue 1,28.0,1997.0,21,17,1529,17.0,0,1,1,0,0,0,2,0,0.06,2,0,0.0,0.12,0.0,0.0,,0,0,89,10,12,17,2,0,0,13,0,,,,,,,,,,,,,,,30af8b93
2325,Fábio Silva,pt POR,FW,MF,Dortmund,de Bundesliga,23.0,2002.0,20,5,592,6.6,1,5,6,1,0,0,3,0,0.91,17,5,29.4,2.58,0.76,0.06,0.2,0,0,8,2,2,8,3,0,0,14,0,,,,,,,,,,,,,,954076,e7aa9d7c
2326,Jota Silva,pt POR,FW,Nottingham Forest,eng Premier League,26.0,1999.0,1,0,12,0.1,0,0,0,0,0,0,0,0,0.0,0,0,,0.0,0.0,,,0,0,1,1,0,1,0,0,0,0,0,,,,,,,,,,,,,,,1011895,4d77e622
2327,Marco Silvestri,it ITA,GK,Cremonese,it Serie A,35.0,1991.0,4,4,360,4.0,0,0,0,0,0,0,0,0,0.0,0,0,,0.0,0.0,,,0,0,0,0,0,0,0,0,0,0,0,7.0,1.75,22.0,15.0,68.2,0.0,3.0,1.0,0.0,0.0,0.0,0.0,0.0,0.0,43970,0d422df7
2328,Abdallah Sima,sn SEN,MF,Lens,fr Ligue 1,24.0,2001.0,15,3,427,4.7,1,1,2,1,0,0,2,0,0.42,12,4,33.3,2.53,0.84,0.08,0.25,0,0,9,5,0,8,2,0,0,7,0,,,,,,,,,,,,,,,1029018,fdbde523
2329,Giovanni Simeone,ar ARG,FW,Torino,it Serie A,30.0,1995.0,23,18,1488,16.5,7,0,7,7,0,0,1,0,0.42,50,22,44.0,3.02,1.33,0.14,0.32,0,0,4,6,1,29,1,0,0,22,0,,,,,,,,,,,,,,,341143,343c0d52
2330,Giuliano Simeone,ar ARG,MF,Atlético Madrid,es La Liga,23.0,2002.0,25,20,1779,19.8,3,5,8,3,0,0,1,0,0.4,32,11,34.4,1.62,0.56,0.09,0.27,0,0,40,19,17,39,1,0,0,19,0,,,,,,,,,,,,,,,1099352,
2331,Moses Simon,ng NGA,MF,FW,Paris FC,fr Ligue 1,30.0,1995.0,23,19,1519,16.9,3,2,5,3,0,0,1,0,0.3,28,9,32.1,1.66,0.53,0.11,0.33,0,0,99,7,7,13,1,0,0,10,0,,,,,,,,,,,,,,330051,5f3eaaf5
2332,Unai Simón,es ESP,GK,Athletic Club,es La Liga,28.0,1997.0,28,28,2520,28.0,0,0,0,0,0,0,0,0,0.0,0,0,,0.0,0.0,,,0,0,0,0,0,5,0,0,0,0,0,40.0,1.43,113.0,77.0,67.3,10.0,5.0,13.0,5.0,17.9,4.0,3.0,1.0,0.0,797291,5dcf3e90
2333,Xavi Simons,nl NED,MF,FW,Tottenham Hotspur,eng Premier League,22.0,2003.0,24,17,1573,17.5,1,4,5,1,0,0,4,1,0.29,36,9,25.0,2.06,0.51,0.03,0.11,0,0,49,17,15,37,4,1,0,19,0,,,,,,,,,,,,,,997183,da4d670f
2334,Xavi Simons,nl NED,MF,RB Leipzig,de Bundesliga,22.0,2003.0,1,1,90,1.0,0,0,0,0,0,0,0,0,0.0,0,0,,0.0,0.0,,,0,0,2,0,1,3,0,0,0,1,0,,,,,,,,,,,,,,,997183,da4d670f
2335,Jahmai Simpson-Pusey,eng ENG,DF,Köln,de Bundesliga,20.0,2005.0,6,5,413,4.6,0,0,0,0,0,0,0,1,0.0,5,3,60.0,1.09,0.65,0.0,0.0,0,0,0,4,7,2,0,1,0,2,0,,,,,,,,,,,,,,,1402924,383b10fd
2336,Danel Sinani,lu LUX,MF,FW,St Pauli,de Bundesliga,28.0,1997.0,23,17,1575,17.5,4,3,7,1,3,3,3,0,0.23,41,16,39.0,2.34,0.91,0.02,0.06,3,3,103,13,5,22,3,0,0,34,0,,,,,,,,,,,,,,887500,96ddfa79
2337,Dan Sinaté,fr FRA,DF,Angers,fr Ligue 1,19.0,2006.0,1,0,12,0.1,0,0,0,0,0,0,0,0,0.0,1,0,0.0,7.5,0.0,0.0,,0,0,0,0,0,0,0,0,0,0,0,,,,,,,,,,,,,,,1493480,
2338,Lassine Sinayoko,ml MLI,FW,MF,Auxerre,fr Ligue 1,26.0,1999.0,24,24,2066,23.0,6,3,9,3,3,4,6,0,0.26,61,24,39.3,2.66,1.05,0.05,0.13,3,4,24,20,19,37,6,0,0,24,0,,,,,,,,,,,,,,927005,
2339,Ibrahima Sissoko,ml MLI,MF,DF,Nantes,fr Ligue 1,28.0,1997.0,5,3,255,2.8,0,0,0,0,0,0,2,0,0.0,3,0,0.0,1.06,0.0,0.0,,0,0,2,3,1,3,2,0,0,12,0,,,,,,,,,,,,,,829093,a170541f
2340,Antonio Sivera,es ESP,GK,Alavés,es La Liga,29.0,1996.0,28,28,2520,28.0,0,0,0,0,0,0,2,0,0.0,0,0,,0.0,0.0,,,0,0,0,1,0,1,2,0,0,1,0,38.0,1.36,109.0,75.0,68.8,7.0,7.0,14.0,3.0,10.7,4.0,4.0,0.0,0.0,369004,9970da54
2341,Telli Siwe,fr FRA,DF,Auxerre,fr Ligue 1,21.0,2004.0,3,3,225,2.5,0,0,0,0,0,0,0,0,0.0,1,0,0.0,0.4,0.0,0.0,,0,0,0,3,4,0,0,0,0,2,0,,,,,,,,,,,,,,,1897492,
2342,Tim Skarke,de GER,MF,Union Berlin,de Bundesliga,29.0,1996.0,16,3,479,5.3,1,0,1,1,0,0,0,0,0.19,12,5,41.7,2.25,0.94,0.08,0.2,0,0,8,4,1,7,0,0,0,6,0,,,,,,,,,,,,,,,800252,
2343,Ellyes Skhiri,tn TUN,MF,Eintracht Frankfurt,de Bundesliga,30.0,1995.0,17,12,1034,11.5,0,0,0,0,0,0,2,1,0.0,5,0,0.0,0.44,0.0,0.0,,0,0,2,3,17,9,2,1,1,8,0,,,,,,,,,,,,,,,591706,c2211709
2344,Leo Skiri Østigård,no NOR,DF,Genoa,it Serie A,26.0,1999.0,23,23,1992,22.1,5,1,6,5,0,0,6,0,0.27,18,11,61.1,0.81,0.5,0.28,0.45,0,0,0,21,19,11,6,0,0,29,0,,,,,,,,,,,,,,,,b35a7399
2345,Laurs Skjellerup,dk DEN,FW,Sassuolo,it Serie A,23.0,2002.0,1,0,10,0.1,0,0,0,0,0,0,0,0,0.0,1,0,0.0,9.0,0.0,0.0,,0,0,0,0,0,0,0,0,0,0,0,,,,,,,,,,,,,,,1034241,
2346,Łukasz Skorupski,pl POL,GK,Bologna,it Serie A,34.0,1991.0,17,17,1412,15.7,0,0,0,0,0,0,1,1,0.0,0,0,,0.0,0.0,,,0,0,0,0,0,8,1,1,0,1,0,15.0,0.96,43.0,30.0,69.8,9.0,3.0,5.0,7.0,41.2,2.0,2.0,0.0,0.0,44906,ab4449d6
2347,Andreas Skov Olsen,dk DEN,MF,Wolfsburg,de Bundesliga,26.0,1999.0,8,4,362,4.0,1,0,1,1,0,0,1,0,0.25,7,2,28.6,1.74,0.5,0.14,0.5,0,0,6,1,1,4,1,0,0,1,0,,,,,,,,,,,,,,,888537,c50cee19
2348,Robert Skov,dk DEN,DF,MF,Union Berlin,de Bundesliga,29.0,1996.0,3,3,220,2.4,0,0,0,0,0,0,0,0,0.0,1,0,0.0,0.41,0.0,0.0,,0,0,12,5,2,3,0,0,0,5,0,,,,,,,,,,,,,,327863,ff98492b
2349,Tobias Slotsager,dk DEN,DF,Hellas Verona,it Serie A,20.0,2006.0,7,4,426,4.7,0,0,0,0,0,0,0,0,0.0,3,1,33.3,0.63,0.21,0.0,0.0,0,0,2,7,3,5,0,0,0,2,0,,,,,,,,,,,,,,,1133236,
2350,Adam Smith,eng ENG,DF,Bournemouth,eng Premier League,34.0,1991.0,17,11,790,8.8,0,1,1,0,0,0,2,0,0.11,0,0,,0.0,0.0,,,0,0,10,8,7,7,2,0,0,13,0,,,,,,,,,,,,,,,44566,20b104bc
2351,Eric Smith,se SWE,DF,MF,St Pauli,de Bundesliga,29.0,1997.0,23,23,2024,22.5,2,2,4,2,0,0,4,1,0.18,11,5,45.5,0.49,0.22,0.18,0.4,0,0,51,19,20,27,4,1,0,14,0,,,,,,,,,,,,,,542038,8817312f
2352,Emile Smith Rowe,eng ENG,MF,Fulham,eng Premier League,25.0,2000.0,29,16,1457,16.2,3,0,3,3,0,0,1,0,0.19,28,9,32.1,1.73,0.56,0.11,0.33,0,0,10,15,20,9,1,0,0,4,0,,,,,,,,,,,,,,,867445,17695062
2353,Ivan Smolčić,hr CRO,DF,Como,it Serie A,25.0,2000.0,20,14,1173,13.0,0,0,0,0,0,0,7,0,0.0,9,4,44.4,0.69,0.31,0.0,0.0,0,0,20,16,17,16,7,0,0,20,0,,,,,,,,,,,,,,,974581,b5cf91dc
2354,Simon Sohm,ch SUI,MF,Bologna,it Serie A,24.0,2001.0,6,4,364,4.0,0,0,0,0,0,0,1,0,0.0,1,1,100.0,0.25,0.25,0.0,0.0,0,0,1,3,2,1,1,0,0,3,0,,,,,,,,,,,,,,,909991,a5f458d9
2355,Simon Sohm,ch SUI,MF,Fiorentina,it Serie A,24.0,2001.0,16,9,708,7.9,0,1,1,0,0,0,2,0,0.13,5,0,0.0,0.64,0.0,0.0,,0,0,5,7,6,11,2,0,0,15,0,,,,,,,,,,,,,,,909991,a5f458d9
2356,Alex Sola,es ESP,DF,MF,Getafe,es La Liga,26.0,1999.0,1,0,13,0.1,0,0,0,0,0,0,0,0,0.0,0,0,,0.0,0.0,,,0,0,0,0,0,2,0,0,0,0,0,,,,,,,,,,,,,,966836,5fa714d5
2357,Dominic Solanke,eng ENG,FW,Tottenham Hotspur,eng Premier League,28.0,1997.0,11,7,692,7.7,3,0,3,3,0,0,1,0,0.39,12,6,50.0,1.56,0.78,0.25,0.5,0,0,2,13,3,5,1,0,0,8,0,,,,,,,,,,,,,,,361420,e77dc3b2
2358,Carlos Soler,es ESP,MF,Real Sociedad,es La Liga,29.0,1997.0,23,17,1514,16.8,4,2,6,4,0,0,2,1,0.36,25,15,60.0,1.49,0.89,0.16,0.27,0,0,43,14,9,13,2,1,0,24,0,,,,,,,,,,,,,,,832427,fed17f5a
2359,Julio Soler,ar ARG,DF,Bournemouth,eng Premier League,21.0,2005.0,3,0,35,0.4,0,0,0,0,0,0,0,0,0.0,0,0,,0.0,0.0,,,0,0,2,0,0,2,0,0,0,2,0,,,,,,,,,,,,,,,1201520,f3541f8a
2360,Oumar Solet,fr FRA,DF,Udinese,it Serie A,26.0,2000.0,26,25,2149,23.9,3,1,4,2,1,1,0,0,0.13,25,4,16.0,1.05,0.17,0.08,0.5,1,1,10,36,35,22,0,0,0,24,1,,,,,,,,,,,,,,,892979,0670ee51
2361,Jhon Solis,co COL,MF,Girona,es La Liga,21.0,2004.0,12,3,380,4.2,0,0,0,0,0,0,0,0,0.0,3,2,66.7,0.71,0.47,0.0,0.0,0,0,0,3,4,7,0,0,0,2,0,,,,,,,,,,,,,,,1106573,38722457
2362,Manor Solomon,il ISR,MF,Villarreal,es La Liga,26.0,1999.0,6,1,150,1.7,1,1,2,1,0,0,0,0,1.2,2,1,50.0,1.2,0.6,0.5,1.0,0,0,10,1,0,2,0,0,0,0,0,,,,,,,,,,,,,,,862223,886f9aac
2363,Manor Solomon,il ISR,FW,MF,Fiorentina,it Serie A,26.0,1999.0,9,5,477,5.3,2,0,2,2,0,0,0,0,0.38,5,2,40.0,0.94,0.38,0.4,1.0,0,0,30,6,0,11,0,0,0,1,0,,,,,,,,,,,,,,862223,886f9aac
2364,Hugo Solozabal,es ESP,MF,Getafe,es La Liga,23.0,2003.0,1,0,11,0.1,0,0,0,0,0,0,0,0,0.0,0,0,,0.0,0.0,,,0,0,0,0,0,0,0,0,0,0,0,,,,,,,,,,,,,,,1429059,
2365,Daniele Sommariva,it ITA,GK,Genoa,it Serie A,28.0,1997.0,2,1,176,2.0,0,0,0,0,0,0,0,0,0.0,0,0,,0.0,0.0,,,0,0,0,0,0,1,0,0,0,0,0,4.0,2.05,12.0,8.0,66.7,0.0,0.0,1.0,0.0,0.0,0.0,0.0,0.0,0.0,595572,a8e7f7e9
2366,Yann Sommer,ch SUI,GK,Inter,it Serie A,37.0,1988.0,27,27,2430,27.0,0,0,0,0,0,0,0,0,0.0,0,0,,0.0,0.0,,,0,0,0,0,0,1,0,0,0,0,0,22.0,0.81,71.0,50.0,71.8,20.0,2.0,5.0,14.0,51.9,2.0,2.0,0.0,0.0,16206,420c18a1
2367,Oliver Sonne,pe PER,DF,Burnley,eng Premier League,25.0,2000.0,7,1,169,1.9,1,0,1,1,0,0,0,0,0.53,3,1,33.3,1.6,0.53,0.33,1.0,0,0,5,1,1,0,0,0,0,4,0,,,,,,,,,,,,,,,1008456,b66b8d5e
2368,David Soria,es ESP,GK,Getafe,es La Liga,32.0,1993.0,28,28,2520,28.0,0,0,0,0,0,0,2,0,0.0,0,0,,0.0,0.0,,,0,0,0,0,0,1,2,0,0,0,0,30.0,1.07,119.0,89.0,75.6,10.0,5.0,13.0,8.0,28.6,1.0,1.0,0.0,0.0,604258,8f8c6934
2369,Borna Sosa,hr CRO,DF,MF,Crystal Palace,eng Premier League,28.0,1998.0,5,0,55,0.6,0,0,0,0,0,0,0,0,0.0,0,0,,0.0,0.0,,,0,0,5,0,1,0,0,0,0,3,0,,,,,,,,,,,,,,357584,af0d79a9
2370,Hugo Sotelo,es ESP,MF,Celta Vigo,es La Liga,22.0,2003.0,15,12,998,11.1,0,1,1,0,0,0,2,0,0.09,2,1,50.0,0.18,0.09,0.0,0.0,0,0,35,11,12,9,2,0,0,21,0,,,,,,,,,,,,,,,1120669,
2371,Florian Sotoca,fr FRA,FW,MF,Lens,fr Ligue 1,35.0,1990.0,19,0,151,1.7,0,0,0,0,0,0,1,0,0.0,4,0,0.0,2.38,0.0,0.0,,0,0,2,1,3,5,1,0,0,6,0,,,,,,,,,,,,,,788921,7a42d0df
2372,Riccardo Sottil,it ITA,FW,MF,Lecce,it Serie A,26.0,1999.0,21,13,1066,11.8,1,2,3,1,0,0,1,0,0.25,20,3,15.0,1.69,0.25,0.05,0.33,0,0,100,2,2,27,1,0,0,10,0,,,,,,,,,,,,,,893640,94816803
2373,Tomáš Souček,cz CZE,MF,West Ham United,eng Premier League,31.0,1995.0,27,16,1516,16.8,4,0,4,4,0,0,2,1,0.24,18,11,61.1,1.07,0.65,0.22,0.36,0,0,11,15,15,14,2,1,0,28,0,,,,,,,,,,,,,,,799041,6613c819
2374,Matìas Soulé,ar ARG,MF,FW,Roma,it Serie A,22.0,2003.0,25,21,1675,18.6,6,4,10,6,0,0,1,0,0.54,42,14,33.3,2.26,0.75,0.14,0.43,0,0,59,11,9,31,1,0,0,5,0,,,,,,,,,,,,,,1082406,c13ddd3e
2375,Aboubaka Soumahoro,fr FRA,MF,DF,Hamburger SV,de Bundesliga,21.0,2005.0,4,2,136,1.5,0,0,0,0,0,0,1,0,0.0,0,0,,0.0,0.0,,,0,0,1,0,0,0,1,0,0,3,0,,,,,,,,,,,,,,1605225,
2376,Sambou Soumano,sn SEN,FW,Lorient,fr Ligue 1,25.0,2001.0,25,8,860,9.6,4,2,6,4,0,1,2,0,0.63,27,10,37.0,2.83,1.05,0.15,0.4,0,1,0,3,4,18,2,0,0,14,0,,,,,,,,,,,,,,,1103141,7cc00776
2377,Issa Soumaré,sn SEN,FW,MF,Le Havre,fr Ligue 1,25.0,2000.0,26,25,2228,24.8,6,2,8,5,1,3,2,0,0.28,59,21,35.6,2.38,0.85,0.08,0.24,1,3,54,12,8,57,2,0,0,40,0,,,,,,,,,,,,,,1001458,1d8aa290
2378,Souza,br BRA,MF,Tottenham Hotspur,eng Premier League,19.0,2006.0,4,2,144,1.6,0,0,0,0,0,0,1,0,0.0,1,1,100.0,0.62,0.62,0.0,0.0,0,0,3,0,2,2,1,0,0,3,0,,,,,,,,,,,,,,,1482340,8e562fe7
2379,Vinicius Souza,br BRA,MF,Wolfsburg,de Bundesliga,26.0,1999.0,16,14,1092,12.1,0,0,0,0,0,0,3,0,0.0,4,1,25.0,0.33,0.08,0.0,0.0,0,0,2,20,17,16,3,0,0,24,0,,,,,,,,,,,,,,,979290,6a8a7af8
2380,Djibril Sow,ch SUI,MF,Sevilla,es La Liga,29.0,1997.0,24,21,1655,18.4,5,1,6,5,0,0,3,0,0.33,16,8,50.0,0.87,0.44,0.31,0.63,0,0,21,17,18,22,3,0,0,30,0,,,,,,,,,,,,,,,799054,4c6facae
2381,Djed Spence,eng ENG,DF,MF,Tottenham Hotspur,eng Premier League,25.0,2000.0,23,20,1763,19.6,0,0,0,0,0,0,4,0,0.0,11,7,63.6,0.56,0.36,0.0,0.0,0,0,42,20,11,18,4,0,0,22,0,,,,,,,,,,,,,,945798,9bc9a519
2382,Leonardo Spinazzola,it ITA,MF,DF,Napoli,it Serie A,32.0,1993.0,25,18,1566,17.4,3,3,6,3,0,0,2,0,0.34,19,7,36.8,1.09,0.4,0.16,0.43,0,0,54,8,4,8,2,0,0,8,0,,,,,,,,,,,,,,148899,3626daea
2383,Anton Stach,de GER,MF,Leeds United,eng Premier League,27.0,1998.0,25,24,2046,22.7,4,3,7,4,0,0,3,0,0.31,46,13,28.3,2.02,0.57,0.09,0.31,0,0,123,32,17,20,3,0,0,31,0,,,,,,,,,,,,,,,889861,c59ba0f4
2384,Jens Stage,dk DEN,MF,Werder Bremen,de Bundesliga,29.0,1996.0,24,24,2062,22.9,7,2,9,7,0,0,5,0,0.39,45,16,35.6,1.96,0.7,0.16,0.44,0,0,13,27,17,27,5,0,0,27,0,,,,,,,,,,,,,,,830142,1fffae99
2385,Benjamin Stambouli,fr FRA,MF,Metz,fr Ligue 1,35.0,1990.0,14,8,737,8.2,0,0,0,0,0,0,0,0,0.0,5,1,20.0,0.61,0.12,0.0,0.0,0,0,5,14,5,8,0,0,0,12,0,,,,,,,,,,,,,,,105951,5939baa2
2386,Nicolae Stanciu,ro ROU,MF,Genoa,it Serie A,32.0,1993.0,4,2,180,2.0,0,0,0,0,0,1,0,0,0.0,5,0,0.0,2.5,0.0,0.0,,0,1,9,3,3,2,0,0,0,1,0,,,,,,,,,,,,,,,108673,
2387,Otto Stange,de GER,DF,Hamburger SV,de Bundesliga,19.0,2007.0,3,0,66,0.7,0,0,0,0,0,0,0,0,0.0,3,1,33.3,4.09,1.36,0.0,0.0,0,0,1,0,0,1,0,0,0,1,0,,,,,,,,,,,,,,,1568535,
2388,Josip Stanišić,hr CRO,DF,Bayern Munich,de Bundesliga,25.0,2000.0,18,14,1346,15.0,2,3,5,2,0,0,1,0,0.33,6,4,66.7,0.4,0.27,0.33,0.5,0,0,27,18,14,10,1,0,0,5,0,,,,,,,,,,,,,,,927407,7ed08d5c
2389,Carl Starfelt,se SWE,DF,Celta Vigo,es La Liga,30.0,1995.0,19,17,1491,16.6,0,0,0,0,0,0,3,1,0.0,4,1,25.0,0.24,0.06,0.0,0.0,0,0,0,16,16,8,3,1,1,19,1,,,,,,,,,,,,,,,360718,5cfec13d
2390,Niklas Stark,de GER,DF,Werder Bremen,de Bundesliga,30.0,1995.0,11,7,571,6.3,0,0,0,0,0,0,8,2,0.0,3,1,33.3,0.47,0.16,0.0,0.0,0,0,1,10,12,7,8,2,2,11,0,,,,,,,,,,,,,,,229544,
2391,Orri Steinn Óskarsson,is ISL,FW,Real Sociedad,es La Liga,21.0,2004.0,11,2,290,3.2,4,0,4,4,0,0,2,0,1.24,9,6,66.7,2.79,1.86,0.44,0.67,0,0,1,3,1,1,2,0,0,7,0,,,,,,,,,,,,,,,1026015,
2392,Calvin Stengs,nl NED,FW,MF,Pisa,it Serie A,27.0,1998.0,3,0,19,0.2,0,0,0,0,0,0,0,0,0.0,2,1,50.0,9.47,4.74,0.0,0.0,0,0,3,0,0,2,0,0,0,0,0,,,,,,,,,,,,,,857480,8f7e6783
2393,Pascal Stenzel,de GER,MF,Stuttgart,de Bundesliga,29.0,1996.0,2,2,106,1.2,0,0,0,0,0,0,2,0,0.0,3,1,33.3,2.55,0.85,0.0,0.0,0,0,5,0,2,2,2,0,0,2,0,,,,,,,,,,,,,,,352562,
2394,Leonidas Stergiou,ch SUI,DF,Heidenheim,de Bundesliga,24.0,2002.0,3,1,149,1.7,0,0,0,0,0,0,0,0,0.0,1,0,0.0,0.6,0.0,0.0,,0,0,1,1,1,1,0,0,0,2,0,,,,,,,,,,,,,,,962898,08391d76
2395,Leonidas Stergiou,ch SUI,DF,Stuttgart,de Bundesliga,24.0,2002.0,1,0,1,0.0,0,0,0,0,0,0,0,0,0.0,0,0,,0.0,0.0,,,0,0,0,0,0,0,0,0,0,0,0,,,,,,,,,,,,,,,962898,08391d76
2396,Angelo Stiller,de GER,MF,Stuttgart,de Bundesliga,24.0,2001.0,26,22,2052,22.8,1,5,6,1,0,1,1,0,0.26,9,4,44.4,0.39,0.18,0.11,0.25,0,1,94,14,23,33,1,0,0,12,0,,,,,,,,,,,,,,,901882,3b1ed320
2397,Kevin Stöger,at AUT,MF,Gladbach,de Bundesliga,32.0,1993.0,21,9,867,9.6,1,1,2,1,0,1,2,0,0.21,14,5,35.7,1.45,0.52,0.07,0.2,0,1,37,13,10,15,2,0,0,17,0,,,,,,,,,,,,,,,95381,e5649a78
2398,Filip Stojilković,ch SUI,FW,MF,Pisa,it Serie A,26.0,2000.0,6,3,267,3.0,0,0,0,0,0,0,0,0,0.0,4,2,50.0,1.35,0.67,0.0,0.0,0,0,0,0,0,0,0,0,0,2,0,,,,,,,,,,,,,,959003,0cbe584d
2399,John Stones,eng ENG,DF,Manchester City,eng Premier League,31.0,1994.0,7,4,353,3.9,0,0,0,0,0,0,0,0,0.0,0,0,,0.0,0.0,,,0,0,4,0,2,0,0,0,0,0,0,,,,,,,,,,,,,,,152077,5eecec3d
2400,Jørgen Strand Larsen,no NOR,FW,Crystal Palace,eng Premier League,26.0,2000.0,6,6,466,5.2,3,0,3,3,0,0,2,0,0.58,11,5,45.5,2.12,0.97,0.27,0.6,0,0,0,0,1,6,2,0,0,15,0,,,,,,,,,,,,,,,876599,f553b2b3
2401,Jørgen Strand Larsen,no NOR,FW,Wolves,eng Premier League,26.0,2000.0,22,14,1404,15.6,1,1,2,0,1,2,2,0,0.06,21,7,33.3,1.35,0.45,0.0,0.0,1,2,3,2,3,11,2,0,0,30,0,,,,,,,,,,,,,,,876599,f553b2b3
2402,Gabriel Strefezza,br BRA,FW,Parma,it Serie A,28.0,1997.0,6,5,452,5.0,0,1,1,0,0,0,1,0,0.2,12,3,25.0,2.39,0.6,0.0,0.0,0,0,24,5,4,14,1,0,0,10,0,,,,,,,,,,,,,,,877201,
2403,Pascal Struijk,nl NED,DF,Leeds United,eng Premier League,26.0,1999.0,27,26,2349,26.1,0,1,1,0,0,0,3,0,0.04,24,4,16.7,0.92,0.15,0.0,0.0,0,0,1,18,27,17,3,0,0,20,0,,,,,,,,,,,,,,,836675,f4d296e4
2404,Cristhian Stuani,uy URU,FW,Girona,es La Liga,39.0,1986.0,13,1,226,2.5,3,0,3,0,3,4,2,0,0.0,8,6,75.0,3.19,2.39,0.0,0.0,3,4,0,3,1,6,2,0,0,7,0,,,,,,,,,,,,,,,32048,220c11f1
2405,Nikola Štulić,rs SRB,FW,Lecce,it Serie A,24.0,2001.0,27,17,1463,16.3,3,0,3,2,1,1,1,0,0.12,27,7,25.9,1.66,0.43,0.07,0.29,1,1,1,7,2,23,1,0,0,28,0,,,,,,,,,,,,,,,1029748,557ada13
2406,Denis Suárez,es ESP,MF,Alavés,es La Liga,32.0,1994.0,21,11,1017,11.3,1,1,2,1,0,0,4,0,0.18,6,3,50.0,0.53,0.27,0.17,0.33,0,0,21,10,7,19,4,0,0,17,0,,,,,,,,,,,,,,,138383,12c50af5
2407,Gabriel Suazo,cl CHI,DF,MF,Sevilla,es La Liga,28.0,1997.0,20,18,1474,16.4,0,2,2,0,0,0,6,0,0.12,4,2,50.0,0.24,0.12,0.0,0.0,0,0,80,49,19,10,6,0,0,23,0,,,,,,,,,,,,,,818986,39b326ed
2408,Luka Sučić,hr CRO,FW,MF,Real Sociedad,es La Liga,23.0,2002.0,13,6,534,5.9,1,1,2,1,0,0,1,0,0.34,12,4,33.3,2.02,0.67,0.08,0.25,0,0,2,3,1,3,1,0,0,3,0,,,,,,,,,,,,,,949156,1e1378e1
2409,Petar Sucic,hr CRO,MF,Inter,it Serie A,22.0,2003.0,26,16,1287,14.3,1,2,3,1,0,0,4,0,0.21,18,4,22.2,1.26,0.28,0.06,0.25,0,0,22,16,6,21,4,0,0,22,0,,,,,,,,,,,,,,,1091303,
2410,Yukinari Sugawara,jp JPN,DF,MF,Werder Bremen,de Bundesliga,25.0,2000.0,24,23,2001,22.2,0,4,4,0,0,0,1,0,0.18,27,9,33.3,1.21,0.4,0.0,0.0,0,0,66,15,12,8,1,0,0,16,0,,,,,,,,,,,,,,905347,580bcd18
2411,Pavel Šulc,cz CZE,FW,MF,Lyon,fr Ligue 1,25.0,2000.0,21,14,1254,13.9,10,3,13,10,0,0,2,0,0.93,36,15,41.7,2.58,1.08,0.28,0.67,0,0,13,10,6,13,2,0,0,25,0,,,,,,,,,,,,,,957604,e9b893af
2412,Niklas Süle,de GER,DF,Dortmund,de Bundesliga,30.0,1995.0,9,6,442,4.9,0,1,1,0,0,0,3,0,0.2,2,1,50.0,0.41,0.2,0.0,0.0,0,0,6,4,6,1,3,0,0,7,0,,,,,,,,,,,,,,,168937,e33c06cf
2413,Ibrahim Sulemana,gh GHA,MF,Bologna,it Serie A,22.0,2003.0,3,0,45,0.5,0,0,0,0,0,0,1,0,0.0,0,0,,0.0,0.0,,,0,0,0,0,0,0,1,0,0,1,0,,,,,,,,,,,,,,,,
2414,Ibrahim Sulemana,gh GHA,MF,Cagliari,it Serie A,22.0,2003.0,8,5,530,5.9,1,0,1,1,0,0,1,0,0.17,8,2,25.0,1.36,0.34,0.13,0.5,0,0,2,9,5,5,1,0,0,10,0,,,,,,,,,,,,,,,,
2415,Kamaldeen Sulemana,gh GHA,MF,Atalanta,it Serie A,24.0,2002.0,22,8,893,9.9,2,1,3,2,0,0,3,0,0.3,20,9,45.0,2.02,0.91,0.1,0.22,0,0,19,5,2,14,3,0,0,10,0,,,,,,,,,,,,,,,1019442,a62f8bf1
2416,Crysencio Summerville,nl NED,MF,FW,West Ham United,eng Premier League,24.0,2001.0,24,22,1856,20.6,5,1,6,5,0,0,4,0,0.29,43,15,34.9,2.09,0.73,0.12,0.33,0,0,40,19,12,50,4,0,0,37,0,,,,,,,,,,,,,,917005,df04eb4b
2417,Tomáš Suslov,sk SVK,FW,MF,Hellas Verona,it Serie A,23.0,2002.0,4,0,73,0.8,0,0,0,0,0,0,1,0,0.0,2,0,0.0,2.47,0.0,0.0,,0,0,6,1,1,1,1,0,0,3,0,,,,,,,,,,,,,,964154,83fe71b8
2418,Yuito Suzuki,jp JPN,MF,Freiburg,de Bundesliga,24.0,2001.0,21,15,1350,15.0,4,2,6,4,0,0,2,0,0.4,33,14,42.4,2.2,0.93,0.12,0.29,0,0,16,11,10,7,2,0,0,18,0,,,,,,,,,,,,,,,1020422,c25a7a2a
2419,Zion Suzuki,jp JPN,GK,Parma,it Serie A,23.0,2002.0,12,12,1080,12.0,0,0,0,0,0,0,1,0,0.0,0,0,,0.0,0.0,,,0,0,0,0,0,2,1,0,0,0,0,18.0,1.5,54.0,38.0,68.5,1.0,5.0,6.0,3.0,25.0,2.0,1.0,1.0,0.0,905351,51e1f4f5
2420,Mattias Svanberg,se SWE,MF,Wolfsburg,de Bundesliga,27.0,1999.0,20,7,743,8.3,3,1,4,3,0,0,5,1,0.48,17,7,41.2,2.06,0.85,0.18,0.43,0,0,8,7,7,18,5,1,1,17,0,,,,,,,,,,,,,,,796987,92d83c27
2421,Daniel Svensson,se SWE,MF,Dortmund,de Bundesliga,24.0,2002.0,26,22,2041,22.7,2,2,4,2,0,0,0,0,0.18,9,3,33.3,0.4,0.13,0.22,0.67,0,0,112,22,16,18,0,0,0,25,0,,,,,,,,,,,,,,,1021272,b28d9a6f
2422,Mile Svilar,rs SRB,GK,Roma,it Serie A,26.0,1999.0,29,29,2610,29.0,0,0,0,0,0,0,0,0,0.0,0,0,,0.0,0.0,,,0,0,0,1,1,7,0,0,0,0,0,23.0,0.79,108.0,86.0,79.6,16.0,3.0,10.0,12.0,41.4,1.0,1.0,0.0,0.0,793986,bcf5058a
2423,Williot Swedberg,se SWE,FW,MF,Celta Vigo,es La Liga,22.0,2004.0,21,9,880,9.8,3,2,5,3,0,0,2,0,0.51,18,9,50.0,1.84,0.92,0.17,0.33,0,0,6,10,2,27,2,0,0,24,0,,,,,,,,,,,,,,1126779,
2424,Lamine Sy,mr MTN,DF,Auxerre,fr Ligue 1,23.0,2002.0,17,12,1051,11.7,0,0,0,0,0,0,0,0,0.0,5,1,20.0,0.43,0.09,0.0,0.0,0,0,34,21,14,12,0,0,0,11,0,,,,,,,,,,,,,,,1177351,83383fd4
2425,Abakar Sylla,ci CIV,DF,Strasbourg,fr Ligue 1,23.0,2002.0,1,0,2,0.0,0,0,0,0,0,0,0,0,0.0,0,0,,0.0,0.0,,,0,0,0,0,0,0,0,0,0,0,0,,,,,,,,,,,,,,,1170197,
2426,Abakar Sylla,ci CIV,DF,Nantes,fr Ligue 1,23.0,2002.0,2,1,65,0.7,0,0,0,0,0,0,0,0,0.0,2,0,0.0,2.77,0.0,0.0,,0,0,0,0,0,0,0,0,0,2,0,,,,,,,,,,,,,,,1170197,
2427,Fodé Sylla,fr FRA,MF,Lens,fr Ligue 1,19.0,2006.0,2,1,63,0.7,0,0,0,0,0,0,0,0,0.0,0,0,,0.0,0.0,,,0,0,0,5,1,0,0,0,0,2,0,,,,,,,,,,,,,,,1426222,
2428,Wojciech Szczęsny,pl POL,GK,Barcelona,es La Liga,35.0,1990.0,6,6,540,6.0,0,0,0,0,0,0,0,0,0.0,0,0,,0.0,0.0,,,0,0,0,0,0,0,0,0,0,0,0,11.0,1.83,25.0,16.0,60.0,4.0,0.0,2.0,0.0,0.0,2.0,1.0,1.0,0.0,50490,01b8a2b2
2429,Dominik Szoboszlai,hu HUN,MF,DF,Liverpool,eng Premier League,25.0,2000.0,28,28,2511,27.9,5,3,8,5,0,1,6,1,0.29,55,19,34.5,1.97,0.68,0.09,0.26,0,1,153,29,19,23,6,1,0,26,0,,,,,,,,,,,,,,869856,934e1968
2430,Sebastian Szymański,pl POL,MF,Rennes,fr Ligue 1,26.0,1999.0,8,5,401,4.5,1,2,3,1,0,0,0,0,0.67,6,2,33.3,1.35,0.45,0.17,0.5,0,0,16,6,0,7,0,0,0,8,0,,,,,,,,,,,,,,,847983,bb718263
2431,Alexander Sørloth,no NOR,FW,Atlético Madrid,es La Liga,30.0,1995.0,27,17,1526,17.0,10,0,10,10,0,0,4,1,0.59,52,27,51.9,3.07,1.59,0.19,0.37,0,0,10,6,0,12,4,1,0,24,0,,,,,,,,,,,,,,,309078,e92cd3f7
2432,Jocelin Ta Bi,ci CIV,MF,Sunderland,eng Premier League,21.0,2005.0,1,1,38,0.4,0,0,0,0,0,0,0,0,0.0,0,0,,0.0,0.0,,,0,0,5,0,0,1,0,0,0,0,0,,,,,,,,,,,,,,,2138729,e47d11f8
2433,Musa Al-Taamari,jo JOR,MF,FW,Rennes,fr Ligue 1,28.0,1997.0,25,18,1638,18.2,3,5,8,3,0,0,4,0,0.44,43,15,34.9,2.36,0.82,0.07,0.2,0,0,69,12,8,19,4,0,0,15,0,,,,,,,,,,,,,,,f15f8b2b
2434,Haris Tabakovic,ba BIH,FW,Gladbach,de Bundesliga,31.0,1994.0,25,22,1845,20.5,11,3,14,11,0,2,1,0,0.68,52,21,40.4,2.54,1.02,0.21,0.52,0,2,2,4,0,15,1,0,0,35,0,,,,,,,,,,,,,,,259803,723b19c7
2435,Nicolás Tagliafico,ar ARG,DF,Lyon,fr Ligue 1,33.0,1992.0,18,13,1208,13.4,0,3,3,0,0,0,5,1,0.22,14,1,7.1,1.04,0.07,0.0,0.0,0,0,19,12,15,28,5,1,1,34,0,,,,,,,,,,,,,,,158243,f0661424
2436,Jonathan Tah,de GER,DF,Bayern Munich,de Bundesliga,30.0,1996.0,22,20,1752,19.5,2,1,3,2,0,0,5,0,0.15,8,5,62.5,0.41,0.26,0.25,0.4,0,0,1,14,23,6,5,0,0,23,0,,,,,,,,,,,,,,,227672,e47d11f8
2437,Kōta Takai,jp JPN,DF,Gladbach,de Bundesliga,21.0,2004.0,6,3,337,3.7,0,0,0,0,0,0,1,0,0.0,3,2,66.7,0.8,0.53,0.0,0.0,0,0,0,4,4,3,1,0,0,3,0,,,,,,,,,,,,,,,1144143,9f59ff55
2438,Chemsdine Talbi,ma MAR,MF,FW,Sunderland,eng Premier League,20.0,2005.0,22,13,1236,13.7,3,1,4,3,0,0,0,0,0.29,18,7,38.9,1.31,0.51,0.17,0.43,0,0,36,4,3,1,0,0,0,3,0,,,,,,,,,,,,,,1142675,
2439,Montassar Talbi,tn TUN,DF,Lorient,fr Ligue 1,27.0,1998.0,25,25,2250,25.0,0,1,1,0,0,0,3,0,0.04,11,2,18.2,0.44,0.08,0.0,0.0,0,0,4,17,24,13,3,0,0,7,0,,,,,,,,,,,,,,,879618,a4a44eb0
2440,Adrien Tameze,cm CMR,DF,Torino,it Serie A,32.0,1994.0,22,12,1111,12.3,0,0,0,0,0,0,3,0,0.0,5,0,0.0,0.41,0.0,0.0,,0,0,14,12,19,7,3,0,0,15,0,,,,,,,,,,,,,,,139235,8da74c05
2441,Ao Tanaka,jp JPN,MF,Leeds United,eng Premier League,27.0,1998.0,20,7,746,8.3,2,0,2,2,0,0,1,0,0.24,11,3,27.3,1.33,0.36,0.18,0.67,0,0,11,9,12,4,1,0,0,8,0,,,,,,,,,,,,,,,871886,1d36d6b6
2442,Axel Tapé,fr FRA,MF,DF,Leverkusen,de Bundesliga,18.0,2007.0,6,2,222,2.5,0,0,0,0,0,0,1,0,0.0,3,1,33.3,1.22,0.41,0.0,0.0,0,0,0,1,1,7,1,0,0,7,0,,,,,,,,,,,,,,1937795,75cde619
2443,Edmond Tapsoba,bf BFA,DF,Leverkusen,de Bundesliga,27.0,1999.0,22,22,1945,21.6,4,2,6,4,0,0,5,0,0.28,23,7,30.4,1.06,0.32,0.17,0.57,0,0,9,9,18,1,5,0,0,22,0,,,,,,,,,,,,,,,883262,a73c8f95
2444,James Tarkowski,eng ENG,DF,Everton,eng Premier League,33.0,1992.0,29,29,2610,29.0,1,1,2,1,0,0,5,0,0.07,13,6,46.2,0.45,0.21,0.08,0.17,0,0,7,24,25,29,5,0,0,21,0,,,,,,,,,,,,,,,145188,15ea812b
2445,César Tárrega,es ESP,DF,Valencia,es La Liga,24.0,2002.0,22,19,1698,18.9,0,0,0,0,0,0,5,0,0.0,7,1,14.3,0.37,0.05,0.0,0.0,0,0,0,18,14,5,5,0,0,26,1,,,,,,,,,,,,,,,996928,
2446,Tylel Tati,fr FRA,DF,Nantes,fr Ligue 1,18.0,2008.0,18,18,1593,17.7,0,0,0,0,0,0,5,0,0.0,3,0,0.0,0.17,0.0,0.0,,0,0,1,12,14,14,5,0,0,21,0,,,,,,,,,,,,,,,2193204,
2447,Nuno Tavares,pt POR,DF,Lazio,it Serie A,26.0,2000.0,16,11,926,10.3,0,0,0,0,0,0,3,0,0.0,10,0,0.0,0.97,0.0,0.0,,0,0,64,12,10,19,3,0,0,12,0,,,,,,,,,,,,,,,944973,a65c844b
2448,Marcus Tavernier,eng ENG,MF,Bournemouth,eng Premier League,26.0,1999.0,26,23,2032,22.6,5,4,9,3,2,2,4,0,0.31,56,18,32.1,2.48,0.8,0.05,0.17,2,2,82,17,13,26,4,0,0,26,0,,,,,,,,,,,,,,,895576,5c0da4a4
2449,Kenneth Taylor,nl NED,MF,Lazio,it Serie A,23.0,2002.0,10,10,870,9.7,1,0,1,1,0,0,2,0,0.1,12,4,33.3,1.24,0.41,0.08,0.25,0,0,7,8,7,9,2,0,0,12,0,,,,,,,,,,,,,,,959806,ad9b2747
2450,Loum Tchaouna,fr FRA,MF,FW,Burnley,eng Premier League,22.0,2003.0,22,9,854,9.5,1,0,1,1,0,0,1,0,0.11,15,6,40.0,1.58,0.63,0.07,0.17,0,0,18,7,2,12,1,0,0,4,0,,,,,,,,,,,,,,1004505,
2451,Jackson Tchatchoua,cm CMR,MF,DF,Wolves,eng Premier League,24.0,2001.0,28,17,1705,18.9,0,1,1,0,0,0,3,0,0.05,3,1,33.3,0.16,0.05,0.0,0.0,0,0,84,14,13,8,3,0,0,8,0,,,,,,,,,,,,,,1096210,671164a8
2452,Aurélien Tchouaméni,fr FRA,MF,Real Madrid,es La Liga,26.0,2000.0,25,24,2056,22.8,1,0,1,1,0,0,7,0,0.04,32,6,18.8,1.4,0.26,0.03,0.17,0,0,7,32,32,21,7,0,0,23,0,,,,,,,,,,,,,,,859025,4f255115
2453,Mathys Tel,fr FRA,MF,FW,Tottenham Hotspur,eng Premier League,20.0,2005.0,23,8,840,9.3,3,0,3,3,0,0,0,0,0.32,25,6,24.0,2.68,0.64,0.12,0.5,0,0,50,9,1,16,0,0,0,11,0,,,,,,,,,,,,,,1048888,829aa60c
2454,Nathan Tella,ng NGA,MF,Leverkusen,de Bundesliga,26.0,1999.0,11,5,451,5.0,0,2,2,0,0,0,2,0,0.4,8,2,25.0,1.6,0.4,0.0,0.0,0,0,14,3,1,10,2,0,0,9,0,,,,,,,,,,,,,,,920379,f1e94cd6
2455,Nahuel Tenaglia,ar ARG,DF,Alavés,es La Liga,30.0,1996.0,26,26,2339,26.0,1,0,1,1,0,0,2,0,0.04,16,4,25.0,0.62,0.15,0.06,0.25,0,0,16,30,32,27,2,0,0,19,0,,,,,,,,,,,,,,,896073,66654daa
2456,Arnau Tenas,es ESP,GK,Villarreal,es La Liga,24.0,2001.0,3,3,270,3.0,0,0,0,0,0,0,0,0,0.0,0,0,,0.0,0.0,,,0,0,0,1,0,0,0,0,0,0,0,6.0,2.0,11.0,6.0,54.5,1.0,1.0,1.0,0.0,0.0,1.0,1.0,0.0,0.0,908714,30670b0e
2457,Marc-André ter Stegen,de GER,GK,Girona,es La Liga,33.0,1992.0,2,2,180,2.0,0,0,0,0,0,0,0,0,0.0,0,0,,0.0,0.0,,,0,0,0,0,0,0,0,0,0,0,0,2.0,1.0,6.0,4.0,66.7,0.0,1.0,1.0,0.0,0.0,0.0,0.0,0.0,0.0,88625,6f51e382
2458,Filippo Terracciano,it ITA,DF,Cremonese,it Serie A,23.0,2003.0,27,24,2227,24.7,2,0,2,2,0,0,5,0,0.08,13,4,30.8,0.53,0.16,0.15,0.5,0,0,21,14,43,20,5,0,0,12,1,,,,,,,,,,,,,,,1034303,5cbb5ad6
2459,Pietro Terracciano,it ITA,GK,Milan,it Serie A,36.0,1990.0,2,1,125,1.4,0,0,0,0,0,0,0,0,0.0,0,0,,0.0,0.0,,,0,0,0,0,0,0,0,0,0,0,0,0.0,0.0,4.0,4.0,100.0,1.0,0.0,0.0,2.0,200.0,0.0,0.0,0.0,0.0,136856,e1b0a70d
2460,Ramón Terrats,es ESP,MF,Espanyol,es La Liga,25.0,2000.0,20,7,660,7.3,1,1,2,1,0,0,0,0,0.27,9,3,33.3,1.23,0.41,0.11,0.33,0,0,20,12,8,15,0,0,0,9,0,,,,,,,,,,,,,,,1088565,f36016a5
2461,Martin Terrier,fr FRA,MF,FW,Leverkusen,de Bundesliga,29.0,1997.0,17,7,667,7.4,4,1,5,4,0,0,1,0,0.67,17,6,35.3,2.29,0.81,0.24,0.67,0,0,5,4,1,13,1,0,0,1,0,,,,,,,,,,,,,,846445,5148dcc5
2462,Tanner Tessmann,us USA,MF,Lyon,fr Ligue 1,24.0,2001.0,24,21,1797,20.0,1,0,1,1,0,0,2,0,0.05,25,8,32.0,1.25,0.4,0.04,0.13,0,0,15,19,12,18,2,0,0,20,0,,,,,,,,,,,,,,,1022084,ac277993
2463,Kenny Tete,nl NED,DF,Fulham,eng Premier League,30.0,1995.0,22,21,1791,19.9,1,0,1,1,0,0,2,0,0.05,16,3,18.8,0.8,0.15,0.06,0.33,0,0,34,38,26,31,2,0,0,27,0,,,,,,,,,,,,,,,190877,77d7c96f
2464,Jordan Teze,nl NED,MF,DF,Monaco,fr Ligue 1,26.0,1999.0,25,20,1863,20.7,0,0,0,0,0,0,8,0,0.0,9,2,22.2,0.43,0.1,0.0,0.0,0,0,44,39,22,23,8,0,0,26,0,,,,,,,,,,,,,,825846,82e9b1bb
2465,Florian Thauvin,fr FRA,MF,Lens,fr Ligue 1,33.0,1993.0,26,25,2057,22.9,8,3,11,6,2,3,5,0,0.39,62,24,38.7,2.71,1.05,0.1,0.25,2,3,167,15,11,31,5,0,0,17,0,,,,,,,,,,,,,,,148824,2b9fdeea
2466,Arthur Theate,be BEL,DF,Eintracht Frankfurt,de Bundesliga,25.0,2000.0,19,19,1701,18.9,1,0,1,1,0,0,8,0,0.05,9,4,44.4,0.48,0.21,0.11,0.25,0,0,11,17,28,13,8,0,0,11,0,,,,,,,,,,,,,,,965778,df8d6029
2467,Thiago,br BRA,FW,Brentford,eng Premier League,24.0,2001.0,30,29,2562,28.5,19,1,20,13,6,7,6,0,0.49,70,37,52.9,2.46,1.3,0.19,0.35,6,7,8,14,9,21,6,0,0,56,0,,,,,,,,,,,,,,,1016907,550d5704
2468,Malick Thiaw,de GER,DF,Newcastle United,eng Premier League,24.0,2001.0,27,26,2298,25.5,4,0,4,4,0,0,3,0,0.16,25,12,48.0,0.98,0.47,0.16,0.33,0,0,8,22,24,8,3,0,0,18,0,,,,,,,,,,,,,,,1014286,ff5ea0bf
2469,Jan Thielmann,de GER,MF,FW,Köln,de Bundesliga,23.0,2002.0,19,17,1271,14.1,3,1,4,3,0,0,3,0,0.28,21,10,47.6,1.49,0.71,0.14,0.3,0,0,28,10,10,21,3,0,0,8,0,,,,,,,,,,,,,,,
2470,Adrien Thomasson,fr FRA,MF,Lens,fr Ligue 1,32.0,1993.0,25,25,2153,23.9,2,7,9,2,0,0,8,0,0.38,31,8,25.8,1.3,0.33,0.06,0.25,0,0,99,42,16,36,8,0,0,45,0,,,,,,,,,,,,,,,231946,c76b7567
2471,Morten Thorsby,no NOR,MF,Genoa,it Serie A,29.0,1996.0,13,8,731,8.1,2,1,3,2,0,0,2,0,0.37,10,4,40.0,1.23,0.49,0.2,0.5,0,0,5,1,3,5,2,0,0,15,0,,,,,,,,,,,,,,,280991,d1b49282
2472,Morten Thorsby,no NOR,MF,Cremonese,it Serie A,29.0,1996.0,6,6,466,5.2,1,0,1,1,0,0,1,0,0.19,11,4,36.4,2.12,0.77,0.09,0.25,0,0,0,5,2,5,1,0,0,9,0,,,,,,,,,,,,,,,280991,d1b49282
2473,Kristian Thorstvedt,no NOR,MF,Sassuolo,it Serie A,27.0,1999.0,24,19,1740,19.3,3,3,6,3,0,0,6,0,0.31,32,11,34.4,1.66,0.57,0.09,0.27,0,0,12,11,22,39,6,0,0,23,0,,,,,,,,,,,,,,,924973,76ff8d0d
2474,Khéphren Thuram,fr FRA,MF,Juventus,it Serie A,24.0,2001.0,27,24,1970,21.9,2,2,4,2,0,0,0,0,0.18,39,13,33.3,1.78,0.59,0.05,0.15,0,0,14,25,11,10,0,0,0,33,0,,,,,,,,,,,,,,,904832,7d9397f8
2475,Marcus Thuram,fr FRA,FW,Inter,it Serie A,28.0,1997.0,22,17,1403,15.6,7,3,10,7,0,0,2,0,0.64,57,22,38.6,3.66,1.41,0.12,0.32,0,0,14,11,0,29,2,0,0,36,0,,,,,,,,,,,,,,,791702,6f8cd6d0
2476,Cheikh Tidiane Sabaly,sn SEN,MF,FW,Metz,fr Ligue 1,27.0,1999.0,14,12,967,10.7,0,2,2,0,0,0,2,0,0.19,8,4,50.0,0.74,0.37,0.0,0.0,0,0,14,13,3,16,2,0,0,14,0,,,,,,,,,,,,,,,9ddf7fae
2477,Youri Tielemans,be BEL,MF,Aston Villa,eng Premier League,28.0,1997.0,17,15,1298,14.4,0,4,4,0,0,0,0,0,0.28,17,4,23.5,1.18,0.28,0.0,0.0,0,0,29,25,8,26,0,0,0,22,0,,,,,,,,,,,,,,,331737,56f7a928
2478,Phillip Tietz,de GER,FW,Augsburg,de Bundesliga,28.0,1997.0,10,0,198,2.2,1,0,1,1,0,0,2,0,0.45,6,3,50.0,2.73,1.36,0.17,0.33,0,0,0,1,0,4,2,0,0,6,0,,,,,,,,,,,,,,,822340,b9c52f4a
2479,Phillip Tietz,de GER,FW,Mainz 05,de Bundesliga,28.0,1997.0,11,11,936,10.4,1,1,2,1,0,1,1,0,0.19,31,12,38.7,2.98,1.15,0.03,0.08,0,1,1,2,4,14,1,0,0,18,0,,,,,,,,,,,,,,,822340,b9c52f4a
2480,Malik Tillman,us USA,MF,Leverkusen,de Bundesliga,23.0,2002.0,21,16,1456,16.2,4,1,5,4,0,0,1,0,0.31,29,8,27.6,1.79,0.49,0.14,0.5,0,0,13,27,16,26,1,0,0,15,0,,,,,,,,,,,,,,,975798,
2481,Jurriën Timber,nl NED,DF,Arsenal,eng Premier League,24.0,2001.0,30,28,2454,27.3,3,5,8,3,0,0,5,0,0.29,25,7,28.0,0.92,0.26,0.12,0.43,0,0,46,35,24,29,5,0,0,38,0,,,,,,,,,,,,,,,958959,41034650
2482,Quinten Timber,nl NED,MF,Marseille,fr Ligue 1,24.0,2001.0,8,8,625,6.9,0,0,0,0,0,0,2,0,0.0,5,1,20.0,0.72,0.14,0.0,0.0,0,0,4,10,3,14,2,0,0,6,0,,,,,,,,,,,,,,,959805,803e7aca
2483,Jean-Clair Todibo,fr FRA,DF,West Ham United,eng Premier League,26.0,1999.0,20,20,1698,18.9,0,1,1,0,0,0,4,1,0.05,2,0,0.0,0.11,0.0,0.0,,0,0,1,24,16,3,4,1,0,8,0,,,,,,,,,,,,,,,945217,88f130ed
2484,Umut Tohumcu,de GER,MF,Hoffenheim,de Bundesliga,21.0,2004.0,5,1,136,1.5,0,0,0,0,0,0,2,0,0.0,2,0,0.0,1.32,0.0,0.0,,0,0,1,1,0,2,2,0,0,2,0,,,,,,,,,,,,,,,1083410,
2485,Corentin Tolisso,fr FRA,MF,Lyon,fr Ligue 1,31.0,1994.0,23,21,1801,20.0,7,1,8,6,1,2,4,0,0.35,40,20,50.0,2.0,1.0,0.15,0.3,1,2,40,17,14,42,4,0,0,33,0,,,,,,,,,,,,,,,343067,652d4c37
2486,Jeremy Toljan,de GER,DF,Levante,es La Liga,31.0,1994.0,27,27,2332,25.9,1,3,4,1,0,0,7,0,0.15,7,1,14.3,0.27,0.04,0.14,1.0,0,0,51,30,22,15,7,0,0,24,0,,,,,,,,,,,,,,,149606,
2487,Tiago Tomás,pt POR,MF,Stuttgart,de Bundesliga,23.0,2002.0,19,7,727,8.1,3,2,5,3,0,0,3,0,0.62,27,8,29.6,3.34,0.99,0.11,0.38,0,0,9,5,3,23,3,0,0,12,0,,,,,,,,,,,,,,,983540,b492126a
2488,Fikayo Tomori,eng ENG,DF,Milan,it Serie A,28.0,1997.0,26,24,2090,23.2,0,2,2,0,0,0,4,0,0.09,9,2,22.2,0.39,0.09,0.0,0.0,0,0,16,34,24,7,4,0,0,27,0,,,,,,,,,,,,,,,788255,7edfbb8a
2489,Sandro Tonali,it ITA,MF,Newcastle United,eng Premier League,25.0,2000.0,29,25,2038,22.6,0,2,2,0,0,0,3,0,0.09,28,7,25.0,1.24,0.31,0.0,0.0,0,0,79,19,24,35,3,0,0,18,0,,,,,,,,,,,,,,,892673,0db169ae
2490,Keke Topp,de GER,FW,Werder Bremen,de Bundesliga,21.0,2004.0,20,7,638,7.1,1,1,2,1,0,0,4,0,0.28,25,3,12.0,3.53,0.42,0.04,0.33,0,0,5,5,1,7,4,0,0,16,0,,,,,,,,,,,,,,,1166832,
2491,Pablo Torre,es ESP,MF,FW,Mallorca,es La Liga,22.0,2003.0,25,10,913,10.1,2,2,4,2,0,0,3,0,0.39,11,6,54.5,1.08,0.59,0.18,0.33,0,0,52,6,7,25,3,0,0,20,0,,,,,,,,,,,,,,1082981,b57d06fd
2492,Jofre Torrents,es ESP,DF,Barcelona,es La Liga,19.0,2007.0,3,0,50,0.6,0,0,0,0,0,0,0,0,0.0,0,0,,0.0,0.0,,,0,0,4,2,0,0,0,0,0,0,0,,,,,,,,,,,,,,,1587196,5ec25d0e
2493,Ferrán Torres,es ESP,FW,Barcelona,es La Liga,26.0,2000.0,25,19,1514,16.8,12,1,13,12,0,0,2,0,0.77,56,28,50.0,3.33,1.66,0.21,0.43,0,0,2,4,3,12,2,0,0,9,0,,,,,,,,,,,,,,,855833,9e1035f8
2494,Pau Torres,es ESP,DF,Aston Villa,eng Premier League,29.0,1997.0,16,14,1298,14.4,0,0,0,0,0,0,0,0,0.0,7,0,0.0,0.49,0.0,0.0,,0,0,4,11,11,4,0,0,0,4,1,,,,,,,,,,,,,,,864169,532e1e4f
2495,Lucas Torró,es ESP,MF,Osasuna,es La Liga,31.0,1994.0,26,25,1838,20.4,0,1,1,0,0,0,6,0,0.05,19,5,26.3,0.93,0.24,0.0,0.0,0,0,1,14,25,24,6,0,0,28,0,,,,,,,,,,,,,,,187313,0e4fef6e
2496,Jordan Torunarigha,de GER,DF,Hamburger SV,de Bundesliga,28.0,1997.0,17,14,1342,14.9,0,0,0,0,0,0,1,0,0.0,3,1,33.3,0.2,0.07,0.0,0.0,0,0,2,15,19,10,1,0,0,16,0,,,,,,,,,,,,,,,801003,e47d11f8
2497,Alex Tóth,hu HUN,MF,Bournemouth,eng Premier League,20.0,2005.0,4,1,74,0.8,0,0,0,0,0,0,1,0,0.0,1,0,0.0,1.22,0.0,0.0,,0,0,3,0,1,2,1,0,0,1,0,,,,,,,,,,,,,,,1476524,61fa0ea3
2498,Abdoulaye Touré,gn GUI,MF,Le Havre,fr Ligue 1,32.0,1994.0,11,8,740,8.2,2,0,2,2,0,1,2,0,0.24,13,4,30.8,1.58,0.49,0.15,0.5,0,1,13,6,10,17,2,0,0,13,0,,,,,,,,,,,,,,,149732,
2499,Alpha Touré,sn SEN,MF,Metz,fr Ligue 1,20.0,2006.0,26,12,1301,14.5,0,1,1,0,0,0,4,0,0.07,15,1,6.7,1.04,0.07,0.0,0.0,0,0,12,19,6,18,4,0,0,24,0,,,,,,,,,,,,,,,1597191,3437d224
2500,Bazoumana Touré,ci CIV,MF,FW,Hoffenheim,de Bundesliga,20.0,2006.0,22,21,1696,18.8,2,7,9,2,0,0,2,0,0.48,31,8,25.8,1.65,0.42,0.06,0.25,0,0,89,14,6,22,2,0,0,33,0,,,,,,,,,,,,,,1568123,
2501,Idrissa Touré,de GER,MF,Pisa,it Serie A,27.0,1998.0,25,23,1988,22.1,1,0,1,1,0,0,3,1,0.05,27,7,25.9,1.22,0.32,0.04,0.14,0,0,64,25,22,16,3,1,0,20,0,,,,,,,,,,,,,,,826326,
2502,Ousmane Toure,fr FRA,DF,Lille,fr Ligue 1,21.0,2005.0,1,1,51,0.6,0,0,0,0,0,0,0,0,0.0,0,0,,0.0,0.0,,,0,0,0,0,2,0,0,0,0,0,0,,,,,,,,,,,,,,,1513466,2a0f917e
2503,Lucas Tousart,fr FRA,MF,Brest,fr Ligue 1,28.0,1997.0,18,4,483,5.4,0,0,0,0,0,0,0,0,0.0,6,2,33.3,1.12,0.37,0.0,0.0,0,0,3,11,7,4,0,0,0,16,0,,,,,,,,,,,,,,,787889,71ec39ef
2504,James Trafford,eng ENG,GK,Manchester City,eng Premier League,23.0,2002.0,3,3,270,3.0,0,0,0,0,0,0,0,0,0.0,0,0,,0.0,0.0,,,0,0,0,1,0,1,0,0,0,0,0,4.0,1.33,14.0,11.0,78.6,1.0,0.0,2.0,1.0,33.3,1.0,1.0,0.0,0.0,980643,
2505,Mattéo Tramoni,fr FRA,MF,FW,Pisa,it Serie A,26.0,2000.0,23,17,1293,14.4,2,2,4,1,1,1,3,0,0.21,25,7,28.0,1.74,0.49,0.04,0.14,1,1,61,16,11,11,3,0,0,16,0,,,,,,,,,,,,,,887275,
2506,Adama Traoré,es ESP,FW,MF,West Ham United,eng Premier League,30.0,1996.0,6,0,46,0.5,0,0,0,0,0,0,1,0,0.0,1,0,0.0,1.96,0.0,0.0,,0,0,1,0,0,0,1,0,0,1,0,,,,,,,,,,,,,,286165,f9edc384
2507,Adama Traoré,es ESP,MF,Fulham,eng Premier League,30.0,1996.0,15,1,274,3.0,0,0,0,0,0,0,0,0,0.0,5,1,20.0,1.64,0.33,0.0,0.0,0,0,15,1,0,8,0,0,0,6,0,,,,,,,,,,,,,,,286165,f9edc384
2508,Bertrand Traoré,bf BFA,MF,FW,Sunderland,eng Premier League,30.0,1995.0,12,9,632,7.0,1,0,1,1,0,0,1,0,0.14,12,6,50.0,1.71,0.85,0.08,0.17,0,0,13,4,2,12,1,0,0,11,0,,,,,,,,,,,,,,218160,c47541e0
2509,Boubacar Traoré,ml MLI,MF,Metz,fr Ligue 1,24.0,2001.0,19,16,1361,15.1,1,0,1,1,0,0,3,0,0.07,18,3,16.7,1.19,0.2,0.06,0.33,0,0,2,26,15,5,3,0,0,29,0,,,,,,,,,,,,,,,982613,999ceb5f
2510,Hamari Traoré,ml MLI,DF,Paris FC,fr Ligue 1,34.0,1992.0,11,11,860,9.6,0,1,1,0,0,0,3,0,0.1,4,0,0.0,0.42,0.0,0.0,,0,0,18,17,13,3,3,0,0,19,0,,,,,,,,,,,,,,,362014,
2511,Omar Traoré,de GER,DF,MF,Heidenheim,de Bundesliga,28.0,1998.0,24,15,1381,15.3,0,2,2,0,0,0,2,0,0.13,10,2,20.0,0.65,0.13,0.0,0.0,0,0,33,10,15,18,2,0,0,20,0,,,,,,,,,,,,,,,
2512,Kevin Trapp,de GER,GK,Paris FC,fr Ligue 1,35.0,1990.0,15,15,1350,15.0,0,0,0,0,0,0,2,0,0.0,0,0,,0.0,0.0,,,0,0,0,0,1,5,2,0,0,0,0,21.0,1.4,55.0,38.0,70.9,4.0,7.0,4.0,6.0,40.0,7.0,5.0,1.0,1.0,38440,ce17b5eb
2513,Óscar Trejo,ar ARG,FW,MF,Rayo Vallecano,es La Liga,37.0,1988.0,6,0,79,0.9,0,0,0,0,0,0,2,0,0.0,1,1,100.0,1.14,1.14,0.0,0.0,0,0,7,0,0,3,2,0,0,2,0,,,,,,,,,,,,,,21949,fc647b34
2514,Yael Trepy,,FW,Cagliari,it Serie A,,,6,0,81,0.9,1,0,1,1,0,0,0,0,1.11,5,1,20.0,5.56,1.11,0.2,1.0,0,0,6,0,0,2,0,0,0,1,0,,,,,,,,,,,,,,,1615784,20c36c00
2515,Mike Trésor,be BEL,FW,MF,Burnley,eng Premier League,26.0,1999.0,4,0,23,0.3,0,0,0,0,0,0,0,0,0.0,0,0,,0.0,0.0,,,0,0,2,0,0,0,0,0,0,0,0,,,,,,,,,,,,,,826183,b2a81fc6
2516,Philipp Treu,de GER,DF,MF,Freiburg,de Bundesliga,25.0,2000.0,22,19,1709,19.0,1,2,3,1,0,0,2,0,0.16,15,4,26.7,0.79,0.21,0.07,0.25,0,0,25,21,5,28,2,0,0,13,0,,,,,,,,,,,,,,979820,
2517,Christopher Trimmel,at AUT,MF,DF,Union Berlin,de Bundesliga,39.0,1987.0,23,17,1463,16.3,0,2,2,0,0,0,7,0,0.12,3,0,0.0,0.18,0.0,0.0,,0,0,137,21,7,7,7,0,0,24,0,,,,,,,,,,,,,,48557,056d2d95
2518,Kieran Trippier,eng ENG,DF,Newcastle United,eng Premier League,35.0,1990.0,17,16,1392,15.5,0,1,1,0,0,0,3,0,0.06,2,0,0.0,0.13,0.0,0.0,,0,0,82,11,7,17,3,0,0,20,0,,,,,,,,,,,,,,,69256,21512407
2519,Mariano Troilo,ar ARG,DF,Parma,it Serie A,22.0,2003.0,13,10,905,10.1,1,0,1,1,0,0,6,2,0.1,6,2,33.3,0.6,0.2,0.17,0.5,0,0,1,11,10,15,6,2,1,18,0,,,,,,,,,,,,,,,1516324,c8b64bc7
2520,Leandro Trossard,be BEL,FW,MF,Arsenal,eng Premier League,31.0,1994.0,26,18,1677,18.6,5,5,10,5,0,0,1,0,0.54,44,11,25.0,2.36,0.59,0.11,0.45,0,0,53,14,8,31,1,0,0,13,0,,,,,,,,,,,,,,135666,38ceb24a
2521,Adrien Truffert,fr FRA,DF,Bournemouth,eng Premier League,24.0,2001.0,30,30,2659,29.5,0,2,2,0,0,0,3,0,0.07,11,1,9.1,0.37,0.03,0.0,0.0,0,0,122,43,38,23,3,0,0,31,0,,,,,,,,,,,,,,,999028,5d0e0a1f
2522,Kostas Tsimikas,gr GRE,MF,Roma,it Serie A,29.0,1996.0,15,5,524,5.8,0,0,0,0,0,0,1,0,0.0,5,0,0.0,0.86,0.0,0.0,,0,0,37,3,7,7,1,0,0,8,0,,,,,,,,,,,,,,,786259,f315ca93
2523,Heorhii Tsitaishvili,ge GEO,MF,Metz,fr Ligue 1,25.0,2000.0,26,21,1825,20.3,2,2,4,2,0,0,2,0,0.2,23,5,21.7,1.13,0.25,0.09,0.4,0,0,127,9,12,27,2,0,0,17,0,,,,,,,,,,,,,,,875677,
2524,Viktor Tsyhankov,ua UKR,MF,Girona,es La Liga,28.0,1997.0,22,21,1746,19.4,5,4,9,5,0,0,1,0,0.46,33,15,45.5,1.7,0.77,0.15,0.33,0,0,80,16,15,25,1,0,0,13,0,,,,,,,,,,,,,,,,f7e87032
2525,Axel Tuanzebe,cd COD,DF,Burnley,eng Premier League,28.0,1997.0,11,11,931,10.3,1,0,1,1,0,0,1,0,0.1,2,1,50.0,0.19,0.1,0.5,1.0,0,0,1,6,9,2,1,0,0,10,1,,,,,,,,,,,,,,,817979,2baec6ce
2526,Kareem Tunde,es ESP,MF,Levante,es La Liga,20.0,2005.0,12,10,724,8.0,0,0,0,0,0,0,2,0,0.0,11,1,9.1,1.37,0.12,0.0,0.0,0,0,4,8,8,15,2,0,0,12,0,,,,,,,,,,,,,,,1649919,
2527,Stefano Turati,it ITA,GK,Sassuolo,it Serie A,24.0,2001.0,1,1,90,1.0,0,0,0,0,0,0,0,0,0.0,0,0,,0.0,0.0,,,0,0,0,0,0,0,0,0,0,0,0,2.0,2.0,4.0,2.0,50.0,0.0,0.0,1.0,0.0,0.0,0.0,0.0,0.0,0.0,893752,bf168004
2528,Beñat Turrientes,es ESP,MF,Real Sociedad,es La Liga,24.0,2002.0,19,10,853,9.5,0,3,3,0,0,0,5,0,0.32,15,5,33.3,1.58,0.53,0.0,0.0,0,0,8,20,5,13,5,0,0,20,0,,,,,,,,,,,,,,,980410,068f4dec
2529,Stefanos Tzimas,gr GRE,FW,Brighton,eng Premier League,20.0,2006.0,9,1,139,1.5,1,1,2,1,0,0,0,0,1.29,4,1,25.0,2.59,0.65,0.25,1.0,0,0,1,1,0,1,0,0,0,4,0,,,,,,,,,,,,,,,1155321,
2530,Christantus Uche,ng NGA,FW,Crystal Palace,eng Premier League,22.0,2003.0,14,0,173,1.9,0,0,0,0,0,0,0,0,0.0,6,2,33.3,3.12,1.04,0.0,0.0,0,0,6,1,0,7,0,0,0,4,0,,,,,,,,,,,,,,,1884145,
2531,Christantus Uche,ng NGA,FW,Getafe,es La Liga,22.0,2003.0,3,3,270,3.0,1,1,2,1,0,0,1,0,0.67,6,1,16.7,2.0,0.33,0.17,1.0,0,0,1,2,0,8,1,0,0,10,0,,,,,,,,,,,,,,,1884145,
2532,Destiny Udogie,it ITA,DF,MF,Tottenham Hotspur,eng Premier League,23.0,2002.0,13,8,798,8.9,0,1,1,0,0,0,2,0,0.11,3,1,33.3,0.34,0.11,0.0,0.0,0,0,13,11,3,12,2,0,0,10,0,,,,,,,,,,,,,,983572,7cd520e8
2533,Matthieu Udol,fr FRA,MF,DF,Lens,fr Ligue 1,29.0,1996.0,26,26,2327,25.9,0,7,7,0,0,0,2,0,0.27,34,11,32.4,1.31,0.43,0.0,0.0,0,0,87,14,40,23,2,0,0,25,0,,,,,,,,,,,,,,787827,cc41f558
2534,Manuel Ugarte,uy URU,MF,Manchester Utd,eng Premier League,24.0,2001.0,20,7,788,8.8,0,0,0,0,0,0,1,0,0.0,11,1,9.1,1.26,0.11,0.0,0.0,0,0,0,27,17,12,1,0,0,21,0,,,,,,,,,,,,,,,846425,c9817014
2535,Lesley Ugochukwu,fr FRA,MF,Burnley,eng Premier League,21.0,2004.0,29,22,1900,21.1,3,1,4,3,0,0,3,1,0.19,20,7,35.0,0.95,0.33,0.15,0.43,0,0,5,25,14,26,3,1,1,25,0,,,,,,,,,,,,,,,1048916,1df4a109
2536,Filip Ugrinic,ch SUI,MF,Valencia,es La Liga,27.0,1999.0,18,12,1030,11.4,0,3,3,0,0,0,3,0,0.26,15,2,13.3,1.31,0.17,0.0,0.0,0,0,35,9,7,11,3,0,0,12,0,,,,,,,,,,,,,,,857482,8d4baac4
2537,Lukas Ullrich,de GER,MF,DF,Gladbach,de Bundesliga,22.0,2004.0,18,12,1113,12.4,0,0,0,0,0,0,2,0,0.0,9,2,22.2,0.73,0.16,0.0,0.0,0,0,34,13,19,9,2,0,0,16,0,,,,,,,,,,,,,,1083382,
2538,Sven Ulreich,de GER,GK,Bayern Munich,de Bundesliga,37.0,1988.0,1,1,90,1.0,0,0,0,0,0,0,1,0,0.0,0,0,,0.0,0.0,,,0,0,0,0,0,1,1,0,0,0,0,1.0,1.0,7.0,6.0,85.7,0.0,1.0,0.0,0.0,0.0,0.0,0.0,0.0,0.0,26768,7d3e7da6
2539,Enes Ünal,tr TUR,FW,Bournemouth,eng Premier League,28.0,1997.0,17,0,186,2.1,1,0,1,1,0,0,1,0,0.48,12,2,16.7,5.81,0.97,0.08,0.5,0,0,2,1,0,4,1,0,0,6,0,,,,,,,,,,,,,,,336655,f8eca1b6
2540,Deniz Undav,de GER,FW,MF,Stuttgart,de Bundesliga,29.0,1996.0,22,18,1643,18.3,16,5,21,16,0,0,4,0,1.15,96,38,39.6,5.26,2.08,0.17,0.42,0,0,13,10,4,15,4,0,0,25,0,,,,,,,,,,,,,,794298,dd549382
2541,Dayot Upamecano,fr FRA,DF,Bayern Munich,de Bundesliga,27.0,1998.0,21,19,1599,17.8,1,1,2,1,0,0,3,0,0.11,8,2,25.0,0.45,0.11,0.13,0.5,0,0,5,22,19,5,3,0,0,14,0,,,,,,,,,,,,,,,798583,d248cd8f
2542,Jan Urbich,de GER,DF,Gladbach,de Bundesliga,21.0,2004.0,3,0,39,0.4,0,0,0,0,0,0,0,0,0.0,0,0,,0.0,0.0,,,0,0,0,0,0,2,0,0,0,1,0,,,,,,,,,,,,,,,1521250,
2543,Jonas Urbig,de GER,GK,Bayern Munich,de Bundesliga,22.0,2003.0,8,6,630,7.0,0,0,0,0,0,0,0,0,0.0,0,0,,0.0,0.0,,,0,0,0,0,0,0,0,0,0,0,0,7.0,1.0,19.0,13.0,68.4,5.0,0.0,1.0,4.0,66.7,2.0,1.0,0.0,1.0,1130647,e47d11f8
2544,Can Uzun,tr TUR,MF,Eintracht Frankfurt,de Bundesliga,20.0,2005.0,14,11,799,8.9,6,3,9,5,1,1,2,0,0.9,27,10,37.0,3.04,1.13,0.19,0.5,1,1,13,6,2,18,2,0,0,12,0,,,,,,,,,,,,,,,1440948,
2545,Josha Vagnoman,de GER,DF,MF,Stuttgart,de Bundesliga,25.0,2000.0,21,16,1408,15.6,1,3,4,1,0,0,3,0,0.26,19,11,57.9,1.21,0.7,0.05,0.09,0,0,30,18,3,14,3,0,0,17,0,,,,,,,,,,,,,,906278,fb377d11
2546,Victor Valdepeñas,es ESP,DF,Real Madrid,es La Liga,19.0,2006.0,1,1,77,0.9,0,0,0,0,0,0,0,0,0.0,0,0,,0.0,0.0,,,0,0,1,3,0,1,0,0,0,3,0,,,,,,,,,,,,,,,1901143,b5cf91dc
2547,Hákon Valdimarsson,is ISL,GK,Brentford,eng Premier League,24.0,2001.0,1,1,90,1.0,0,0,0,0,0,0,0,0,0.0,0,0,,0.0,0.0,,,0,0,0,0,0,0,0,0,0,0,0,3.0,3.0,4.0,1.0,25.0,1.0,0.0,0.0,0.0,0.0,0.0,0.0,0.0,0.0,1005959,b5cf91dc
2548,Lautaro Valenti,ar ARG,DF,Parma,it Serie A,27.0,1999.0,21,19,1742,19.4,0,0,0,0,0,0,5,0,0.0,16,4,25.0,0.83,0.21,0.0,0.0,0,0,19,25,25,15,5,0,0,18,0,,,,,,,,,,,,,,,958517,55db5c36
2549,Óscar Valentín,es ESP,MF,Rayo Vallecano,es La Liga,31.0,1994.0,24,18,1578,17.5,1,0,1,1,0,0,2,1,0.06,13,4,30.8,0.74,0.23,0.08,0.25,0,0,2,27,19,16,2,1,0,20,0,,,,,,,,,,,,,,,900008,57fe98dd
2550,Nicolás Valentini,ar ARG,DF,Hellas Verona,it Serie A,24.0,2001.0,14,10,929,10.3,0,0,0,0,0,0,2,0,0.0,7,3,42.9,0.68,0.29,0.0,0.0,0,0,7,11,9,5,2,0,0,13,0,,,,,,,,,,,,,,,1116570,a43e4f9c
2551,Germán Valera,es ESP,MF,DF,Elche,es La Liga,24.0,2002.0,27,25,2129,23.7,4,3,7,4,0,0,3,0,0.3,21,7,33.3,0.89,0.3,0.19,0.57,0,0,72,33,14,55,3,0,0,29,0,,,,,,,,,,,,,,962710,84f55b4a
2552,Emanuele Valeri,it ITA,MF,DF,Parma,it Serie A,27.0,1998.0,25,21,1941,21.6,0,2,2,0,0,0,2,0,0.09,17,3,17.6,0.79,0.14,0.0,0.0,0,0,187,25,16,22,2,0,0,18,0,,,,,,,,,,,,,,891346,ec52b661
2553,Martin Valjent,sk SVK,DF,Mallorca,es La Liga,30.0,1995.0,28,28,2520,28.0,0,0,0,0,0,0,4,0,0.0,14,7,50.0,0.5,0.25,0.0,0.0,0,0,2,21,15,9,4,0,0,27,0,,,,,,,,,,,,,,,300522,f2c6ac01
2554,Álex Valle,es ESP,DF,Como,it Serie A,21.0,2004.0,23,18,1653,18.4,0,4,4,0,0,0,2,0,0.22,10,1,10.0,0.54,0.05,0.0,0.0,0,0,36,27,22,15,2,0,0,31,0,,,,,,,,,,,,,,,1142238,97022551
2555,Álvaro Vallés,es ESP,GK,Real Betis,es La Liga,28.0,1997.0,20,20,1800,20.0,0,0,0,0,0,0,1,0,0.0,0,0,,0.0,0.0,,,0,0,0,0,0,3,1,0,0,0,0,26.0,1.3,84.0,60.0,70.2,7.0,9.0,4.0,6.0,30.0,3.0,1.0,1.0,1.0,964983,0166a73e
2556,Federico Valverde,uy URU,MF,DF,Real Madrid,es La Liga,27.0,1998.0,27,25,2214,24.6,3,7,10,3,0,0,2,0,0.41,39,13,33.3,1.59,0.53,0.08,0.23,0,0,25,22,20,11,2,0,0,14,0,,,,,,,,,,,,,,831808,0959c2a2
2557,Ignace Van Der Brempt,be BEL,DF,MF,Como,it Serie A,23.0,2002.0,13,8,665,7.4,0,1,1,0,0,0,2,0,0.14,1,0,0.0,0.14,0.0,0.0,,0,0,8,7,7,11,2,0,0,18,0,,,,,,,,,,,,,,989186,2bf50b37
2558,Virgil van Dijk,nl NED,DF,Liverpool,eng Premier League,34.0,1991.0,30,30,2700,30.0,3,0,3,3,0,0,4,0,0.1,22,10,45.5,0.73,0.33,0.14,0.3,0,0,1,13,16,15,4,0,0,13,0,,,,,,,,,,,,,,,151545,e06683ca
2559,Vladyslav Vanat,ua UKR,FW,Girona,es La Liga,24.0,2002.0,25,25,1857,20.6,9,1,10,6,3,3,4,0,0.34,27,18,66.7,1.31,0.87,0.22,0.33,3,3,5,3,2,16,4,0,0,28,0,,,,,,,,,,,,,,,976374,7287ea6b
2560,Jari Vandeputte,be BEL,MF,Cremonese,it Serie A,30.0,1996.0,24,18,1495,16.6,0,4,4,0,0,0,2,0,0.24,15,5,33.3,0.9,0.3,0.0,0.0,0,0,123,19,17,22,2,0,0,24,0,,,,,,,,,,,,,,,318645,68e75bf4
2561,Vanderson,br BRA,DF,MF,Monaco,fr Ligue 1,24.0,2001.0,14,7,616,6.8,0,2,2,0,0,0,4,0,0.29,3,0,0.0,0.44,0.0,0.0,,0,0,33,13,19,2,4,0,0,15,0,,,,,,,,,,,,,,1090694,ee45fd85
2562,Maarten Vandevoordt,be BEL,GK,RB Leipzig,de Bundesliga,24.0,2002.0,5,4,422,4.7,0,0,0,0,0,0,0,0,0.0,0,0,,0.0,0.0,,,0,0,0,0,0,1,0,0,0,0,0,7.0,1.49,19.0,13.0,63.2,2.0,1.0,1.0,0.0,0.0,1.0,0.0,1.0,0.0,934385,f9e0c603
2563,Charles Vanhoutte,be BEL,MF,Nice,fr Ligue 1,27.0,1998.0,21,19,1606,17.8,0,2,2,0,0,0,7,0,0.11,3,1,33.3,0.17,0.06,0.0,0.0,0,0,13,24,19,7,7,0,0,30,0,,,,,,,,,,,,,,,928033,b5cf91dc
2564,Jamie Vardy,eng ENG,FW,Cremonese,it Serie A,39.0,1987.0,24,21,1803,20.0,5,1,6,5,0,0,4,0,0.3,26,12,46.2,1.3,0.6,0.19,0.42,0,0,13,8,3,18,4,0,0,17,0,,,,,,,,,,,,,,,173827,45963054
2565,Obed Vargas,mx MEX,MF,Atlético Madrid,es La Liga,20.0,2005.0,3,1,128,1.4,0,0,0,0,0,0,1,0,0.0,0,0,,0.0,0.0,,,0,0,4,4,0,2,1,0,0,1,0,,,,,,,,,,,,,,,1119345,9cc1fde4
2566,Ruben Vargas,ch SUI,MF,Sevilla,es La Liga,27.0,1998.0,14,11,916,10.2,3,4,7,2,1,1,1,0,0.59,23,6,26.1,2.26,0.59,0.09,0.33,1,1,36,9,6,9,1,0,0,7,0,,,,,,,,,,,,,,,872919,6ecbddf6
2567,Nikola Vasilj,ba BIH,GK,St Pauli,de Bundesliga,30.0,1995.0,26,26,2340,26.0,0,0,0,0,0,0,0,0,0.0,0,0,,0.0,0.0,,,0,0,0,1,1,1,0,0,0,0,0,42.0,1.62,129.0,91.0,69.0,6.0,6.0,14.0,5.0,19.2,4.0,2.0,2.0,0.0,325061,f038585f
2568,Johan Vásquez,mx MEX,DF,Genoa,it Serie A,27.0,1998.0,29,29,2592,28.8,0,0,0,0,0,0,2,0,0.0,22,5,22.7,0.76,0.17,0.0,0.0,0,0,12,25,37,33,2,0,0,21,0,,,,,,,,,,,,,,,889785,95faf556
2569,Denis Vavro,sk SVK,DF,Wolfsburg,de Bundesliga,29.0,1996.0,10,6,558,6.2,1,0,1,1,0,0,1,0,0.16,6,3,50.0,0.97,0.48,0.17,0.33,0,0,2,4,3,4,1,0,0,5,0,,,,,,,,,,,,,,,293127,08990838
2570,José Luis García Vayá,es ESP,MF,Valencia,es La Liga,27.0,1998.0,22,20,1701,18.9,2,0,2,1,1,3,3,0,0.05,22,3,13.6,1.16,0.16,0.05,0.33,1,3,42,25,15,11,3,0,0,27,0,,,,,,,,,,,,,,,903761,27dc1378
2571,Robinio Vaz,fr FRA,FW,Marseille,fr Ligue 1,19.0,2007.0,14,3,379,4.2,4,2,6,4,0,0,2,0,1.42,8,6,75.0,1.9,1.42,0.5,0.67,0,0,4,4,3,9,2,0,0,8,0,,,,,,,,,,,,,,,1514800,74fb9321
2572,Robinio Vaz,fr FRA,FW,Roma,it Serie A,19.0,2007.0,6,0,98,1.1,0,0,0,0,0,0,0,0,0.0,3,1,33.3,2.76,0.92,0.0,0.0,0,0,0,0,1,6,0,0,0,1,0,,,,,,,,,,,,,,,1514800,74fb9321
2573,Franco Vázquez,ar ARG,FW,MF,Cremonese,it Serie A,37.0,1989.0,15,4,524,5.8,1,1,2,1,0,0,1,0,0.34,12,4,33.3,2.06,0.69,0.08,0.25,0,0,19,12,4,16,1,0,0,9,0,,,,,,,,,,,,,,215246,467bae22
2574,Jesus Vazquez,es ESP,DF,MF,Valencia,es La Liga,23.0,2003.0,16,5,676,7.5,0,0,0,0,0,0,2,0,0.0,6,2,33.3,0.8,0.27,0.0,0.0,0,0,19,6,1,6,2,0,0,14,0,,,,,,,,,,,,,,996929,96b3239f
2575,Lucas Vázquez,es ESP,MF,Leverkusen,de Bundesliga,34.0,1991.0,9,5,393,4.4,1,2,3,1,0,0,2,0,0.69,3,1,33.3,0.69,0.23,0.33,1.0,0,0,12,4,2,8,2,0,0,6,0,,,,,,,,,,,,,,,255239,fd51b456
2576,Luis Vázquez,ar ARG,FW,Getafe,es La Liga,25.0,2001.0,8,8,620,6.9,2,0,2,2,0,0,0,0,0.29,11,5,45.5,1.6,0.73,0.18,0.4,0,0,2,2,2,17,0,0,0,8,0,,,,,,,,,,,,,,,974713,77e293cd
2577,Matías Vecino,uy URU,MF,Lazio,it Serie A,34.0,1991.0,13,5,603,6.7,0,1,1,0,0,0,1,0,0.15,7,1,14.3,1.04,0.15,0.0,0.0,0,0,0,9,7,3,1,0,0,8,0,,,,,,,,,,,,,,,158615,44ac04e9
2578,Matías Vecino,uy URU,MF,Celta Vigo,es La Liga,34.0,1991.0,3,1,72,0.8,0,0,0,0,0,0,0,0,0.0,2,0,0.0,2.5,0.0,0.0,,0,0,1,3,2,0,0,0,0,2,0,,,,,,,,,,,,,,,158615,44ac04e9
2579,Danilo Veiga,pt POR,DF,Lecce,it Serie A,23.0,2002.0,27,24,2261,25.1,0,1,1,0,0,0,6,0,0.04,6,2,33.3,0.24,0.08,0.0,0.0,0,0,60,44,22,33,6,0,0,27,0,,,,,,,,,,,,,,,1002045,94b2001f
2580,Renato Veiga,pt POR,DF,Villarreal,es La Liga,22.0,2003.0,24,19,1761,19.6,0,0,0,0,0,0,3,1,0.0,8,3,37.5,0.41,0.15,0.0,0.0,0,0,2,5,18,4,3,1,0,15,0,,,,,,,,,,,,,,,1087359,
2581,Joël Veltman,nl NED,DF,Brighton,eng Premier League,34.0,1992.0,18,8,849,9.4,1,0,1,1,0,0,4,0,0.11,3,1,33.3,0.32,0.11,0.33,1.0,0,0,11,17,18,19,4,0,0,9,0,,,,,,,,,,,,,,,219572,dad4b285
2582,Micky van de Ven,nl NED,DF,Tottenham Hotspur,eng Premier League,24.0,2001.0,27,27,2366,26.3,4,1,5,4,0,0,7,1,0.19,15,6,40.0,0.57,0.23,0.27,0.67,0,0,2,16,20,16,7,1,0,21,0,,,,,,,,,,,,,,,998247,8fe2a392
2583,Unai Vencedor Paris,es ESP,MF,Levante,es La Liga,25.0,2000.0,16,11,812,9.0,0,0,0,0,0,0,3,1,0.0,0,0,,0.0,0.0,,,0,0,23,13,4,8,3,1,0,25,0,,,,,,,,,,,,,,,,4112ace5
2584,Lorenzo Venturino,it ITA,FW,Genoa,it Serie A,19.0,2006.0,2,0,40,0.4,0,0,0,0,0,0,0,0,0.0,1,1,100.0,2.25,2.25,0.0,0.0,0,0,8,0,0,0,0,0,0,1,0,,,,,,,,,,,,,,,1618563,
2585,Lorenzo Venturino,it ITA,MF,Roma,it Serie A,19.0,2006.0,6,1,143,1.6,0,0,0,0,0,0,0,0,0.0,2,0,0.0,1.26,0.0,0.0,,0,0,17,0,0,1,0,0,0,0,0,,,,,,,,,,,,,,,1618563,
2586,Nikolas Veratschnig,at AUT,MF,DF,Mainz 05,de Bundesliga,23.0,2003.0,16,4,446,5.0,0,1,1,0,0,0,2,0,0.2,3,1,33.3,0.61,0.2,0.0,0.0,0,0,15,4,8,7,2,0,0,10,0,,,,,,,,,,,,,,1138150,
2587,Bart Verbruggen,nl NED,GK,Brighton,eng Premier League,23.0,2002.0,30,30,2700,30.0,0,0,0,0,0,0,3,0,0.0,0,0,,0.0,0.0,,,0,0,0,1,0,2,3,0,0,2,1,36.0,1.2,112.0,80.0,72.3,10.0,10.0,10.0,7.0,23.3,6.0,5.0,1.0,0.0,994363,cf134113
2588,Calvin Verdonk,id IDN,DF,Lille,fr Ligue 1,28.0,1997.0,12,6,640,7.1,0,0,0,0,0,0,2,1,0.0,2,0,0.0,0.28,0.0,0.0,,0,0,25,7,11,3,2,1,0,12,0,,,,,,,,,,,,,,,361780,bf2b4026
2589,Antonio Vergara,it ITA,MF,Napoli,it Serie A,23.0,2003.0,11,8,601,6.7,1,2,3,1,0,0,2,0,0.45,10,3,30.0,1.5,0.45,0.1,0.33,0,0,11,9,4,20,2,0,0,16,0,,,,,,,,,,,,,,,1069560,
2590,Arthur Vermeeren,be BEL,MF,Marseille,fr Ligue 1,21.0,2005.0,14,8,624,6.9,0,1,1,0,0,0,1,1,0.14,2,0,0.0,0.29,0.0,0.0,,0,0,3,8,5,1,1,1,0,12,0,,,,,,,,,,,,,,,1149127,722494dc
2591,Ioan Vermeșan,ro ROU,FW,Hellas Verona,it Serie A,19.0,2006.0,1,0,9,0.1,0,0,0,0,0,0,0,0,0.0,0,0,,0.0,0.0,,,0,0,0,0,0,0,0,0,0,0,0,,,,,,,,,,,,,,,1152477,
2592,Jozhua Vertrouwd,nl NED,DF,Rayo Vallecano,es La Liga,21.0,2004.0,7,1,276,3.1,0,0,0,0,0,0,0,0,0.0,1,0,0.0,0.33,0.0,0.0,,0,0,0,2,3,2,0,0,0,2,1,,,,,,,,,,,,,,,1120947,e47d11f8
2593,Mikel Vesga,es ESP,MF,Athletic Club,es La Liga,32.0,1993.0,18,1,362,4.0,0,0,0,0,0,0,0,0,0.0,2,0,0.0,0.5,0.0,0.0,,0,0,2,9,9,7,0,0,0,8,0,,,,,,,,,,,,,,,359742,b0fce72c
2594,Guglielmo Vicario,it ITA,GK,Tottenham Hotspur,eng Premier League,29.0,1996.0,30,30,2700,30.0,0,0,0,0,0,0,1,0,0.0,0,0,,0.0,0.0,,,0,0,0,1,0,3,1,0,0,0,0,47.0,1.57,124.0,79.0,63.7,7.0,9.0,14.0,7.0,23.3,2.0,2.0,0.0,0.0,553606,77d6fd4d
2595,Carlos Vicente,es ESP,MF,Alavés,es La Liga,26.0,1999.0,21,11,1258,14.0,5,0,5,2,3,3,1,0,0.14,12,6,50.0,0.86,0.43,0.17,0.33,3,3,128,18,7,42,1,0,0,12,0,,,,,,,,,,,,,,,1084399,ab8fda0c
2596,Nacho Vidal,es ESP,DF,Oviedo,es La Liga,31.0,1995.0,19,18,1496,16.6,0,0,0,0,0,0,4,0,0.0,8,3,37.5,0.48,0.18,0.0,0.0,0,0,26,24,18,22,4,0,0,20,0,,,,,,,,,,,,,,,844752,2946f9a1
2597,Fabio Vieira,pt POR,MF,FW,Hamburger SV,de Bundesliga,25.0,2000.0,21,17,1525,16.9,5,4,9,4,1,1,4,2,0.47,42,13,31.0,2.48,0.77,0.1,0.31,1,1,35,4,12,26,4,2,1,13,0,,,,,,,,,,,,,,904835,6412cc03
2598,Julián Vignolo,ar ARG,MF,Toulouse,fr Ligue 1,19.0,2006.0,12,1,194,2.2,2,0,2,2,0,0,0,0,0.93,8,7,87.5,3.71,3.25,0.25,0.29,0,0,10,3,0,1,0,0,0,3,0,,,,,,,,,,,,,,,1657108,93226c86
2599,Gonzalo Villar,es ESP,MF,Elche,es La Liga,27.0,1998.0,2,0,35,0.4,0,0,0,0,0,0,1,0,0.0,0,0,,0.0,0.0,,,0,0,0,0,0,1,1,0,0,1,0,,,,,,,,,,,,,,,914765,bdc74a8f
2600,Federico Viñas,uy URU,FW,MF,Oviedo,es La Liga,27.0,1998.0,24,19,1698,18.9,5,1,6,4,1,1,4,3,0.27,39,17,43.6,2.07,0.9,0.1,0.24,1,1,3,24,10,50,4,3,1,34,0,,,,,,,,,,,,,,976104,d30c7094
2601,Jan Virgili,es ESP,MF,FW,Mallorca,es La Liga,19.0,2006.0,22,17,1445,16.1,0,4,4,0,0,0,0,1,0.25,26,11,42.3,1.62,0.69,0.0,0.0,0,0,30,8,5,21,0,1,0,14,0,,,,,,,,,,,,,,1939173,b6e654a6
2602,Mattia Viti,it ITA,MF,DF,Fiorentina,it Serie A,24.0,2002.0,10,2,265,2.9,0,0,0,0,0,0,3,1,0.0,0,0,,0.0,0.0,,,0,0,0,4,3,4,3,1,1,9,0,,,,,,,,,,,,,,1009268,75438a9a
2603,Martin Vitík,cz CZE,DF,Bologna,it Serie A,23.0,2003.0,16,12,1131,12.6,0,0,0,0,0,0,3,0,0.0,6,0,0.0,0.48,0.0,0.0,,0,0,2,15,6,3,3,0,0,19,0,,,,,,,,,,,,,,,1085913,b6b6bfc4
2604,Vitinha,pt POR,MF,Paris Saint-Germain,fr Ligue 1,26.0,2000.0,24,21,1855,20.6,1,7,8,1,0,0,2,0,0.39,31,10,32.3,1.5,0.49,0.03,0.1,0,0,19,17,24,19,2,0,0,13,0,,,,,,,,,,,,,,,902029,8532d306
2605,Vitinha,pt POR,FW,MF,Genoa,it Serie A,26.0,2000.0,27,21,1623,18.0,5,1,6,5,0,0,4,0,0.33,48,16,33.3,2.66,0.89,0.1,0.31,0,0,55,21,11,54,4,0,0,27,0,,,,,,,,,,,,,,902029,8532d306
2606,Rayan Vitor,br BRA,MF,Bournemouth,eng Premier League,19.0,2006.0,7,6,537,6.0,2,1,3,2,0,0,1,0,0.5,12,3,25.0,2.01,0.5,0.17,0.67,0,0,15,2,1,4,1,0,0,3,0,,,,,,,,,,,,,,,,dc620005
2607,Daniel Vivian,es ESP,DF,Athletic Club,es La Liga,26.0,1999.0,23,22,2008,22.3,0,0,0,0,0,0,8,1,0.0,13,4,30.8,0.58,0.18,0.0,0.0,0,0,6,29,30,12,8,1,0,35,0,,,,,,,,,,,,,,,910978,ab7bf91d
2608,Odysseas Vlachodimos,gr GRE,GK,Sevilla,es La Liga,31.0,1994.0,24,24,2160,24.0,0,0,0,0,0,0,1,0,0.0,0,0,,0.0,0.0,,,0,0,0,0,1,0,1,0,0,0,0,40.0,1.67,101.0,70.0,68.3,7.0,6.0,11.0,4.0,16.7,10.0,8.0,1.0,1.0,138149,03df04ff
2609,Dušan Vlahović,rs SRB,FW,Juventus,it Serie A,26.0,2000.0,13,8,680,7.6,3,1,4,2,1,1,0,0,0.4,30,11,36.7,3.97,1.46,0.07,0.18,1,1,3,3,2,15,0,0,0,7,0,,,,,,,,,,,,,,,832208,79443529
2610,Nikola Vlašić,hr CRO,MF,FW,Torino,it Serie A,28.0,1997.0,28,27,2248,25.0,6,3,9,3,3,3,7,0,0.24,36,14,38.9,1.44,0.56,0.08,0.21,3,3,36,28,16,37,7,0,0,34,0,,,,,,,,,,,,,,357596,aa8e289e
2611,Mërgim Vojvoda,xk KVX,MF,DF,Como,it Serie A,31.0,1995.0,25,18,1456,16.2,2,2,4,2,0,0,2,0,0.25,17,7,41.2,1.05,0.43,0.12,0.29,0,0,52,4,13,11,2,0,0,15,0,,,,,,,,,,,,,,798147,be2706c0
2612,Cristian Volpato,it ITA,FW,Sassuolo,it Serie A,22.0,2003.0,15,6,667,7.4,1,4,5,1,0,0,2,0,0.67,11,4,36.4,1.48,0.54,0.09,0.25,0,0,36,6,3,5,2,0,0,11,0,,,,,,,,,,,,,,,1155625,72f87f25
2613,Alexis Vossah,fr FRA,MF,Toulouse,fr Ligue 1,18.0,2008.0,18,8,767,8.5,1,1,2,1,0,0,3,1,0.23,8,2,25.0,0.94,0.23,0.13,0.5,0,0,5,5,5,7,3,1,0,14,0,,,,,,,,,,,,,,,2193194,70c9a61a
2614,Aster Vranckx,be BEL,MF,Sassuolo,it Serie A,23.0,2002.0,14,8,609,6.8,0,0,0,0,0,0,2,0,0.0,3,1,33.3,0.44,0.15,0.0,0.0,0,0,5,6,0,17,2,0,0,14,0,,,,,,,,,,,,,,,989371,f86cd5df
2615,Stefan de Vrij,nl NED,DF,Inter,it Serie A,34.0,1992.0,8,5,410,4.6,0,0,0,0,0,0,1,0,0.0,5,2,40.0,1.1,0.44,0.0,0.0,0,0,0,7,1,1,1,0,0,3,0,,,,,,,,,,,,,,,91046,d0d8dd44
2616,İsak Vural,tr TUR,MF,Pisa,it Serie A,19.0,2006.0,9,5,434,4.8,0,0,0,0,0,0,3,0,0.0,3,0,0.0,0.62,0.0,0.0,,0,0,5,3,2,21,3,0,0,9,0,,,,,,,,,,,,,,,1210995,
2617,Luka Vušković,hr CRO,DF,Hamburger SV,de Bundesliga,19.0,2007.0,23,23,2070,23.0,5,0,5,4,1,1,5,0,0.17,28,8,28.6,1.22,0.35,0.14,0.5,1,1,2,14,28,27,5,0,0,22,0,,,,,,,,,,,,,,,1405212,fd6bdbce
2618,Yannik Wagner,de GER,FW,Heidenheim,de Bundesliga,18.0,2007.0,4,0,49,0.5,0,0,0,0,0,0,0,0,0.0,1,0,0.0,1.84,0.0,0.0,,0,0,2,0,0,0,0,0,0,0,0,,,,,,,,,,,,,,,2189165,
2619,Elye Wahi,fr FRA,FW,Nice,fr Ligue 1,23.0,2003.0,7,5,400,4.4,4,1,5,4,0,0,2,0,1.13,14,10,71.4,3.15,2.25,0.29,0.4,0,0,6,0,1,2,2,0,0,12,0,,,,,,,,,,,,,,,979315,0d7b6576
2620,Elye Wahi,fr FRA,FW,Eintracht Frankfurt,de Bundesliga,23.0,2003.0,10,3,324,3.6,0,1,1,0,0,0,1,0,0.28,7,3,42.9,1.94,0.83,0.0,0.0,0,0,5,1,0,4,1,0,0,2,0,,,,,,,,,,,,,,,979315,0d7b6576
2621,Hauke Wahl,de GER,DF,St Pauli,de Bundesliga,31.0,1994.0,22,22,1935,21.5,2,0,2,2,0,0,1,0,0.09,6,4,66.7,0.28,0.19,0.33,0.5,0,0,9,29,23,11,1,0,0,9,0,,,,,,,,,,,,,,,253469,
2622,Luca Waldschmidt,de GER,FW,MF,Köln,de Bundesliga,29.0,1996.0,17,6,514,5.7,3,3,6,2,1,1,0,0,0.88,14,7,50.0,2.45,1.23,0.14,0.29,1,1,14,2,1,5,0,0,0,3,0,,,,,,,,,,,,,,319861,e5a35ae9
2623,Kyle Walker,eng ENG,DF,MF,Burnley,eng Premier League,35.0,1990.0,28,28,2461,27.3,0,2,2,0,0,0,8,0,0.07,3,0,0.0,0.11,0.0,0.0,,0,0,29,21,34,18,8,0,0,27,0,,,,,,,,,,,,,,44614,86dd77d1
2624,Kyle Walker-Peters,eng ENG,DF,West Ham United,eng Premier League,28.0,1997.0,18,10,959,10.7,1,0,1,1,0,0,2,0,0.09,5,3,60.0,0.47,0.28,0.2,0.33,0,0,9,23,7,18,2,0,0,9,0,,,,,,,,,,,,,,,823085,984a5a64
2625,Sebastian Walukiewicz,pl POL,DF,Sassuolo,it Serie A,25.0,2000.0,27,26,2246,25.0,0,1,1,0,0,0,6,0,0.04,6,0,0.0,0.24,0.0,0.0,,0,0,43,26,18,10,6,0,0,27,0,,,,,,,,,,,,,,,886243,217875a4
2626,Aaron Wan-Bissaka,cd COD,DF,MF,West Ham United,eng Premier League,28.0,1997.0,21,20,1821,20.2,0,2,2,0,0,0,3,0,0.1,0,0,,0.0,0.0,,,0,0,40,21,38,12,3,0,0,21,0,,,,,,,,,,,,,,863653,9e525177
2627,James Ward-Prowse,eng ENG,MF,West Ham United,eng Premier League,31.0,1994.0,5,5,413,4.6,0,0,0,0,0,0,0,0,0.0,2,0,0.0,0.44,0.0,0.0,,0,0,22,2,6,2,0,0,0,4,0,,,,,,,,,,,,,,,161717,3515d404
2628,James Ward-Prowse,eng ENG,MF,Burnley,eng Premier League,31.0,1994.0,5,2,240,2.7,0,1,1,0,0,0,0,0,0.37,0,0,,0.0,0.0,,,0,0,22,2,3,4,0,0,0,2,0,,,,,,,,,,,,,,,161717,3515d404
2629,Ollie Watkins,eng ENG,FW,Aston Villa,eng Premier League,30.0,1995.0,29,26,2207,24.5,8,1,9,8,0,0,3,0,0.37,57,25,43.9,2.32,1.02,0.14,0.32,0,0,5,11,5,26,3,0,0,28,0,,,,,,,,,,,,,,,555386,aed3a70f
2630,Tom Watson,eng ENG,MF,Brighton,eng Premier League,19.0,2006.0,6,0,62,0.7,0,0,0,0,0,0,1,0,0.0,1,1,100.0,1.45,1.45,0.0,0.0,0,0,0,1,0,0,1,0,0,3,0,,,,,,,,,,,,,,,1167066,
2631,Timothy Weah,us USA,MF,DF,Marseille,fr Ligue 1,26.0,2000.0,23,21,1763,19.6,2,2,4,2,0,0,3,0,0.2,21,8,38.1,1.07,0.41,0.1,0.25,0,0,46,27,11,17,3,0,0,28,0,,,,,,,,,,,,,,,8eec784d
2632,Tobias Weigel,de GER,FW,Heidenheim,de Bundesliga,18.0,2007.0,1,0,2,0.0,0,0,0,0,0,0,0,0,0.0,0,0,,0.0,0.0,,,0,0,0,0,0,0,0,0,0,0,0,,,,,,,,,,,,,,,2255188,
2633,Nelson Weiper,de GER,FW,Mainz 05,de Bundesliga,21.0,2005.0,17,3,489,5.4,0,0,0,0,0,0,1,0,0.0,11,5,45.5,2.02,0.92,0.0,0.0,0,0,5,2,3,2,1,0,0,5,0,,,,,,,,,,,,,,,1152505,
2634,Danny Welbeck,eng ENG,FW,Brighton,eng Premier League,35.0,1990.0,29,19,1744,19.4,10,0,10,9,1,3,4,0,0.46,40,18,45.0,2.06,0.93,0.23,0.5,1,3,3,11,7,7,4,0,0,23,0,,,,,,,,,,,,,,,33902,ce5143da
2635,Timo Werner,de GER,FW,MF,RB Leipzig,de Bundesliga,30.0,1996.0,3,0,14,0.2,0,0,0,0,0,0,0,0,0.0,0,0,,0.0,0.0,,,0,0,2,0,0,0,0,0,0,0,0,,,,,,,,,,,,,,232306,49fe9070
2636,Wesley,br BRA,MF,Roma,it Serie A,22.0,2003.0,26,24,2109,23.4,4,0,4,4,0,0,7,1,0.17,22,10,45.5,0.94,0.43,0.18,0.4,0,0,84,39,18,50,7,1,1,31,0,,,,,,,,,,,,,,,1134200,434de3a3
2637,Wesley,br BRA,MF,Real Sociedad,es La Liga,21.0,2005.0,3,1,66,0.7,0,0,0,0,0,0,0,0,0.0,0,0,,0.0,0.0,,,0,0,1,0,0,0,0,0,0,2,0,,,,,,,,,,,,,,,1134200,434de3a3
2638,Adam Wharton,eng ENG,MF,Crystal Palace,eng Premier League,22.0,2004.0,27,26,2163,24.0,0,5,5,0,0,0,6,1,0.21,26,4,15.4,1.08,0.17,0.0,0.0,0,0,74,33,22,26,6,1,1,29,0,,,,,,,,,,,,,,,1109771,4b542852
2639,Ben White,eng ENG,DF,Arsenal,eng Premier League,28.0,1997.0,7,5,411,4.6,0,1,1,0,0,0,0,0,0.22,4,1,25.0,0.88,0.22,0.0,0.0,0,0,13,7,3,4,0,0,0,5,0,,,,,,,,,,,,,,,846036,35e413f1
2640,Silvan Widmer,ch SUI,MF,Mainz 05,de Bundesliga,33.0,1993.0,20,17,1409,15.7,2,0,2,2,0,0,5,0,0.13,17,3,17.6,1.09,0.19,0.12,0.67,0,0,25,24,14,10,5,0,0,13,0,,,,,,,,,,,,,,,157377,f68b64fc
2641,Mats Wieffer,nl NED,DF,Brighton,eng Premier League,26.0,1999.0,20,17,1481,16.5,0,3,3,0,0,0,6,0,0.18,14,4,28.6,0.85,0.24,0.0,0.0,0,0,9,36,23,16,6,0,0,25,0,,,,,,,,,,,,,,,959628,4876c9ab
2642,Iñaki Williams,gh GHA,MF,FW,Athletic Club,es La Liga,31.0,1994.0,20,16,1400,15.6,2,2,4,1,1,1,1,0,0.19,43,14,32.6,2.76,0.9,0.02,0.07,1,1,39,7,2,19,1,0,0,17,0,,,,,,,,,,,,,,783374,6a99e0b1
2643,Neco Williams,wls WAL,DF,Nottingham Forest,eng Premier League,24.0,2001.0,29,29,2528,28.1,1,1,2,1,0,0,5,1,0.07,33,13,39.4,1.17,0.46,0.03,0.08,0,0,101,49,32,46,5,1,0,22,0,,,,,,,,,,,,,,,927356,dd323728
2644,Nico Williams,es ESP,MF,Athletic Club,es La Liga,23.0,2002.0,19,15,1308,14.5,4,2,6,3,1,2,1,0,0.34,37,13,35.1,2.55,0.89,0.08,0.23,1,2,50,6,6,23,1,0,0,17,0,,,,,,,,,,,,,,,1085400,afdc14d7
2645,Estêvão Willian,br BRA,MF,FW,Chelsea,eng Premier League,18.0,2007.0,19,10,746,8.3,2,2,4,2,0,0,3,0,0.48,26,7,26.9,3.14,0.84,0.08,0.29,0,0,12,6,3,7,3,0,0,11,0,,,,,,,,,,,,,,,2eda11b1
2646,Joe Willock,eng ENG,MF,Newcastle United,eng Premier League,26.0,1999.0,19,7,677,7.5,0,1,1,0,0,0,3,0,0.13,10,3,30.0,1.33,0.4,0.0,0.0,0,0,11,15,4,8,3,0,0,15,0,,,,,,,,,,,,,,,888550,a3b03921
2647,Callum Wilson,eng ENG,FW,MF,West Ham United,eng Premier League,34.0,1992.0,24,10,1004,11.2,5,1,6,5,0,0,0,0,0.54,32,12,37.5,2.87,1.08,0.16,0.42,0,0,4,1,3,12,0,0,0,10,0,,,,,,,,,,,,,,113956,c596fcb0
2648,Harry Wilson,wls WAL,MF,Fulham,eng Premier League,28.0,1997.0,28,26,2173,24.1,9,6,15,9,0,0,6,0,0.62,60,22,36.7,2.49,0.91,0.15,0.41,0,0,91,14,14,30,6,0,0,11,0,,,,,,,,,,,,,,,355528,c6dc9ecd
2649,Patrick Wimmer,at AUT,MF,Wolfsburg,de Bundesliga,24.0,2001.0,18,15,1168,13.0,3,3,6,3,0,0,4,0,0.46,15,6,40.0,1.16,0.46,0.2,0.5,0,0,21,14,16,24,4,0,0,20,0,,,,,,,,,,,,,,,987504,cb11b429
2650,Jonas Wind,dk DEN,FW,Wolfsburg,de Bundesliga,27.0,1999.0,9,3,329,3.7,0,0,0,0,0,0,1,0,0.0,7,4,57.1,1.91,1.09,0.0,0.0,0,0,0,0,0,11,1,0,0,1,0,,,,,,,,,,,,,,,826069,2077ae86
2651,Ben Winterburn,eng ENG,MF,Bournemouth,eng Premier League,21.0,2004.0,1,0,7,0.1,0,0,0,0,0,0,0,0,0.0,0,0,,0.0,0.0,,,0,0,0,0,0,0,0,0,0,0,0,,,,,,,,,,,,,,,2007889,
2652,Florian Wirtz,de GER,MF,Liverpool,eng Premier League,22.0,2003.0,26,22,1914,21.3,4,2,6,4,0,0,1,0,0.28,41,15,36.6,1.93,0.71,0.1,0.27,0,0,29,23,9,17,1,0,0,19,0,,,,,,,,,,,,,,,1019322,e7fcf289
2653,Yoane Wissa,cd COD,FW,Newcastle United,eng Premier League,29.0,1996.0,12,4,429,4.8,1,0,1,1,0,0,1,0,0.21,11,5,45.5,2.31,1.05,0.09,0.2,0,0,1,2,0,1,1,0,0,4,0,,,,,,,,,,,,,,,805123,2500cef9
2654,Axel Witsel,be BEL,MF,Girona,es La Liga,37.0,1989.0,22,20,1728,19.2,1,2,3,1,0,0,2,1,0.16,18,4,22.2,0.94,0.21,0.06,0.25,0,0,1,18,20,25,2,1,1,29,0,,,,,,,,,,,,,,,35612,5dfc6ad5
2655,Marius Wolf,de GER,MF,FW,Augsburg,de Bundesliga,30.0,1995.0,22,8,677,7.5,1,0,1,1,0,0,2,0,0.13,11,4,36.4,1.46,0.53,0.09,0.25,0,0,28,6,10,2,2,0,0,6,0,,,,,,,,,,,,,,254119,fa661778
2656,Nick Woltemade,de GER,MF,Stuttgart,de Bundesliga,24.0,2002.0,1,1,90,1.0,0,0,0,0,0,0,0,0,0.0,0,0,,0.0,0.0,,,0,0,0,0,0,3,0,0,0,1,0,,,,,,,,,,,,,,,980623,7ca196eb
2657,Nick Woltemade,de GER,FW,MF,Newcastle United,eng Premier League,24.0,2002.0,26,20,1600,17.8,7,2,9,6,1,1,0,0,0.45,30,12,40.0,1.69,0.68,0.2,0.5,1,1,3,11,4,17,0,0,0,17,1,,,,,,,,,,,,,,980623,7ca196eb
2658,Jeong Woo-yeong,kr KOR,MF,FW,Union Berlin,de Bundesliga,26.0,1999.0,24,12,1037,11.5,3,1,4,3,0,0,0,0,0.35,18,6,33.3,1.56,0.52,0.17,0.5,0,0,28,6,7,19,0,0,0,10,0,,,,,,,,,,,,,,,6190474d
2659,Chris Wood,nz NZL,FW,Nottingham Forest,eng Premier League,34.0,1991.0,8,7,540,6.0,2,0,2,2,0,0,0,0,0.33,16,6,37.5,2.67,1.0,0.13,0.33,0,0,1,1,0,4,0,0,0,5,0,,,,,,,,,,,,,,,50480,4e9a0555
2660,Christopher Wooh,cm CMR,DF,Rennes,fr Ligue 1,24.0,2001.0,2,1,64,0.7,0,0,0,0,0,0,0,1,0.0,0,0,,0.0,0.0,,,0,0,0,0,0,0,0,1,0,1,0,,,,,,,,,,,,,,,930231,b003239d
2661,Joe Worrall,eng ENG,DF,Burnley,eng Premier League,29.0,1997.0,11,5,500,5.6,0,0,0,0,0,0,0,0,0.0,1,0,0.0,0.18,0.0,0.0,,0,0,0,2,6,1,0,0,0,4,0,,,,,,,,,,,,,,,838399,a5212312
2662,Daniel Xavier Semedo,fr FRA,MF,Lorient,fr Ligue 1,22.0,2003.0,1,0,11,0.1,0,0,0,0,0,0,0,0,0.0,0,0,,0.0,0.0,,,0,0,0,0,1,0,0,0,0,2,0,,,,,,,,,,,,,,,,636fc976
2663,Granit Xhaka,ch SUI,MF,Sunderland,eng Premier League,33.0,1992.0,26,24,2184,24.3,1,5,6,1,0,0,5,0,0.25,12,5,41.7,0.49,0.21,0.08,0.2,0,0,71,23,21,30,5,0,0,16,0,,,,,,,,,,,,,,,117777,e61b8aee
2664,Lamine Yamal,es ESP,MF,FW,Barcelona,es La Liga,18.0,2007.0,24,22,1957,21.7,14,9,23,12,2,3,0,0,0.97,97,34,35.1,4.46,1.56,0.12,0.35,2,3,65,19,7,44,0,0,0,23,0,,,,,,,,,,,,,,1402912,
2665,Daniel Yáñez,es ESP,MF,Real Madrid,es La Liga,18.0,2007.0,1,0,33,0.4,0,1,1,0,0,0,0,0,2.73,0,0,,0.0,0.0,,,0,0,1,1,0,3,0,0,0,0,0,,,,,,,,,,,,,,,1546404,636fc976
2666,Roman Yaremchuk,ua UKR,FW,Lyon,fr Ligue 1,30.0,1995.0,5,1,168,1.9,0,1,1,0,0,0,0,0,0.54,3,1,33.3,1.61,0.54,0.0,0.0,0,0,1,0,0,0,0,0,0,2,0,,,,,,,,,,,,,,,829296,cb641b9d
2667,Yehor Yarmoliuk,ua UKR,MF,Brentford,eng Premier League,22.0,2004.0,30,23,2043,22.7,1,2,3,1,0,0,7,0,0.13,15,4,26.7,0.66,0.18,0.07,0.25,0,0,23,34,25,9,7,0,0,34,0,,,,,,,,,,,,,,,1031258,
2668,Gessime Yassine,ma MAR,MF,Strasbourg,fr Ligue 1,20.0,2005.0,6,2,145,1.6,0,0,0,0,0,0,0,0,0.0,3,0,0.0,1.86,0.0,0.0,,0,0,5,2,1,5,0,0,0,3,0,,,,,,,,,,,,,,,1638338,
2669,Ryan Yates,eng ENG,MF,Nottingham Forest,eng Premier League,28.0,1997.0,15,1,394,4.4,0,1,1,0,0,0,1,0,0.23,5,1,20.0,1.14,0.23,0.0,0.0,0,0,3,5,6,9,1,0,0,8,0,,,,,,,,,,,,,,,846252,c1fe2a48
2670,Terry Yegbe,gh GHA,DF,Metz,fr Ligue 1,25.0,2001.0,18,16,1440,16.0,0,1,1,0,0,0,2,0,0.06,4,1,25.0,0.25,0.06,0.0,0.0,0,0,5,6,14,7,2,0,0,15,0,,,,,,,,,,,,,,,1200442,c9829c9b
2671,Bertuğ Yıldırım,tr TUR,FW,Rennes,fr Ligue 1,23.0,2002.0,1,0,3,0.0,0,0,0,0,0,0,0,0,0.0,0,0,,0.0,0.0,,,0,0,0,0,0,0,0,0,0,0,0,,,,,,,,,,,,,,,1382235,7410d325
2672,Kenan Yıldız,tr TUR,MF,FW,Juventus,it Serie A,20.0,2005.0,28,27,2298,25.5,9,6,15,8,1,2,2,0,0.55,84,34,40.5,3.29,1.33,0.1,0.24,1,2,98,7,7,48,2,0,0,19,0,,,,,,,,,,,,,,1149011,
2673,Darlin Yongwa,cm CMR,DF,MF,Lorient,fr Ligue 1,25.0,2000.0,19,12,1103,12.3,0,1,1,0,0,0,3,1,0.08,8,1,12.5,0.65,0.08,0.0,0.0,0,0,29,20,9,18,3,1,0,11,0,,,,,,,,,,,,,,998241,061266cd
2674,Leny Yoro,fr FRA,DF,Manchester Utd,eng Premier League,20.0,2005.0,27,16,1525,16.9,0,0,0,0,0,0,1,0,0.0,6,2,33.3,0.35,0.12,0.0,0.0,0,0,3,18,23,3,1,0,0,14,0,,,,,,,,,,,,,,,1153315,6763f716
2675,Ali Yousuf,ly LBY,DF,Nantes,fr Ligue 1,24.0,2001.0,6,6,527,5.9,0,0,0,0,0,0,3,0,0.0,2,0,0.0,0.34,0.0,0.0,,0,0,1,5,8,4,3,0,0,6,0,,,,,,,,,,,,,,,,
2676,Etienne Youte Kinkoue,fr FRA,DF,MF,Le Havre,fr Ligue 1,24.0,2002.0,7,3,326,3.6,0,0,0,0,0,0,2,0,0.0,0,0,,0.0,0.0,,,0,0,0,3,0,1,2,0,0,3,0,,,,,,,,,,,,,,980406,12a4e38c
2677,Illia Zabarnyi,ua UKR,DF,Paris Saint-Germain,fr Ligue 1,23.0,2002.0,20,18,1667,18.5,1,0,1,1,0,0,3,0,0.05,2,1,50.0,0.11,0.05,0.5,1.0,0,0,0,14,13,3,3,0,0,14,0,,,,,,,,,,,,,,,1023567,
2678,Yassir Zabiri,ma MAR,MF,Rennes,fr Ligue 1,21.0,2005.0,2,0,23,0.3,0,0,0,0,0,0,0,0,0.0,0,0,,0.0,0.0,,,0,0,1,1,0,0,0,0,0,3,0,,,,,,,,,,,,,,,1606013,5b17d985
2679,Mattia Zaccagni,it ITA,FW,Lazio,it Serie A,30.0,1995.0,23,23,1940,21.6,3,0,3,3,0,0,6,1,0.14,30,11,36.7,1.39,0.51,0.1,0.27,0,0,45,19,20,77,6,1,0,28,0,,,,,,,,,,,,,,,293581,d85c238b
2680,Yvan Zaddy,ci CIV,MF,Auxerre,fr Ligue 1,19.0,2006.0,1,0,1,0.0,0,0,0,0,0,0,0,0,0.0,0,0,,0.0,0.0,,,0,0,0,0,0,0,0,0,0,0,0,,,,,,,,,,,,,,,1974226,b5cf91dc
2681,Dan-Axel Zagadou,fr FRA,DF,Stuttgart,de Bundesliga,26.0,1999.0,2,2,164,1.8,0,0,0,0,0,0,0,0,0.0,5,1,20.0,2.74,0.55,0.0,0.0,0,0,0,4,3,1,0,0,0,5,0,,,,,,,,,,,,,,,826205,a4effc55
2682,Stephan Zagadou,fr FRA,DF,Le Havre,fr Ligue 1,17.0,2008.0,7,6,491,5.5,1,0,1,1,0,0,0,1,0.18,1,1,100.0,0.18,0.18,1.0,1.0,0,0,0,5,1,1,0,1,0,7,0,,,,,,,,,,,,,,,2073555,
2683,Warren Zaïre-Emery,fr FRA,DF,MF,Paris Saint-Germain,fr Ligue 1,20.0,2006.0,25,23,2024,22.5,1,4,5,1,0,0,2,0,0.22,16,5,31.3,0.71,0.22,0.06,0.2,0,0,13,25,11,13,2,0,0,33,0,,,,,,,,,,,,,,1142672,6b9960cf
2684,Denis Zakaria,ch SUI,MF,DF,Monaco,fr Ligue 1,29.0,1996.0,16,15,1311,14.6,2,1,3,2,0,0,3,1,0.21,11,2,18.2,0.76,0.14,0.18,1.0,0,0,6,15,25,3,3,1,0,13,0,,,,,,,,,,,,,,770677,384d58d9
2685,Arsen Zakharyan,ru RUS,MF,Real Sociedad,es La Liga,22.0,2003.0,15,2,393,4.4,0,0,0,0,0,0,1,0,0.0,13,3,23.1,2.98,0.69,0.0,0.0,0,0,24,5,0,2,1,0,0,8,0,,,,,,,,,,,,,,,1066045,7f14ec2a
2686,Nicola Zalewski,pl POL,MF,Atalanta,it Serie A,24.0,2002.0,25,18,1396,15.5,2,4,6,2,0,0,3,0,0.39,28,6,21.4,1.81,0.39,0.07,0.33,0,0,99,16,9,39,3,0,0,16,0,,,,,,,,,,,,,,,984184,45191c29
2687,Andre-Frank Zambo Anguissa,cm CMR,MF,Napoli,it Serie A,30.0,1995.0,13,11,1023,11.4,4,1,5,4,0,0,1,0,0.44,19,8,42.1,1.67,0.7,0.21,0.5,0,0,15,13,12,13,1,0,0,13,0,,,,,,,,,,,,,,,787941,6bb2c084
2688,Nicolò Zaniolo,it ITA,FW,Udinese,it Serie A,26.0,1999.0,25,21,1666,18.5,5,4,9,5,0,0,6,0,0.49,53,15,28.3,2.86,0.81,0.09,0.33,0,0,87,16,4,45,6,0,0,50,0,,,,,,,,,,,,,,,864898,9907b1c8
2689,Alessandro Zanoli,it ITA,MF,Udinese,it Serie A,25.0,2000.0,19,16,1280,14.2,1,2,3,1,0,0,1,0,0.21,3,1,33.3,0.21,0.07,0.33,1.0,0,0,40,18,7,5,1,0,0,16,0,,,,,,,,,,,,,,,922928,3b12b11f
2690,Duván Zapata,co COL,FW,Torino,it Serie A,34.0,1991.0,23,8,872,9.7,3,1,4,3,0,1,0,0,0.41,27,14,51.9,2.79,1.44,0.11,0.21,0,1,7,2,0,21,0,0,0,11,0,,,,,,,,,,,,,,,38162,d3de9af0
2691,Gabriele Zappa,it ITA,DF,Cagliari,it Serie A,26.0,1999.0,25,16,1370,15.2,0,3,3,0,0,0,2,0,0.2,9,0,0.0,0.59,0.0,0.0,,0,0,30,16,16,5,2,0,0,12,0,,,,,,,,,,,,,,,927304,ca3db240
2692,Davide Zappacosta,it ITA,MF,Atalanta,it Serie A,33.0,1992.0,26,22,1910,21.2,1,3,4,1,0,0,2,0,0.19,26,5,19.2,1.23,0.24,0.04,0.2,0,0,87,11,17,7,2,0,0,10,0,,,,,,,,,,,,,,,132318,7fe90ccd
2693,Bryan Zaragoza,es ESP,MF,Roma,it Serie A,24.0,2001.0,4,2,135,1.5,0,1,1,0,0,0,1,0,0.67,1,1,100.0,0.67,0.67,0.0,0.0,0,0,9,1,0,5,1,0,0,5,0,,,,,,,,,,,,,,,1084730,
2694,Bryan Zaragoza,es ESP,FW,MF,Celta Vigo,es La Liga,24.0,2001.0,19,13,1131,12.6,1,1,2,0,1,1,1,0,0.08,26,12,46.2,2.07,0.95,0.0,0.0,1,1,67,5,2,17,1,0,0,7,0,,,,,,,,,,,,,,1084730,
2695,Oier Zarraga,es ESP,MF,Udinese,it Serie A,27.0,1999.0,17,2,403,4.5,0,0,0,0,0,0,1,0,0.0,4,1,25.0,0.89,0.22,0.0,0.0,0,0,9,4,6,4,1,0,0,6,0,,,,,,,,,,,,,,,1009661,968a1c2f
2696,Nils Zätterström,se SWE,DF,Genoa,it Serie A,20.0,2005.0,1,0,1,0.0,0,0,0,0,0,0,0,0,0.0,0,0,,0.0,0.0,,,0,0,0,0,0,0,0,0,0,0,0,,,,,,,,,,,,,,,1435226,
2697,Aaron Zehnter,de GER,DF,Wolfsburg,de Bundesliga,21.0,2004.0,17,14,1213,13.5,2,0,2,2,0,0,0,0,0.15,8,3,37.5,0.59,0.22,0.25,0.67,0,0,23,9,15,0,0,0,0,1,0,,,,,,,,,,,,,,,1127788,
2698,Jordan Zemura,zw ZIM,MF,DF,Udinese,it Serie A,26.0,1999.0,15,12,1017,11.3,0,1,1,0,0,0,3,0,0.09,5,1,20.0,0.44,0.09,0.0,0.0,0,0,33,17,6,11,3,0,0,22,0,,,,,,,,,,,,,,964119,e8271ad9
2699,Robin Zentner,de GER,GK,Mainz 05,de Bundesliga,31.0,1994.0,9,9,786,8.7,0,0,0,0,0,0,2,1,0.0,0,0,,0.0,0.0,,,0,0,0,0,0,1,2,1,0,2,0,11.0,1.26,36.0,25.0,69.4,1.0,3.0,5.0,0.0,0.0,0.0,0.0,0.0,0.0,174345,
2700,Alessio Zerbin,it ITA,MF,Cremonese,it Serie A,27.0,1999.0,24,13,1291,14.3,0,2,2,0,0,0,1,0,0.14,18,7,38.9,1.25,0.49,0.0,0.0,0,0,43,18,3,16,1,0,0,24,0,,,,,,,,,,,,,,,869888,d19ef4ef
2701,Cedric Zesiger,ch SUI,DF,Augsburg,de Bundesliga,27.0,1998.0,19,12,1096,12.2,0,0,0,0,0,0,5,0,0.0,7,1,14.3,0.57,0.08,0.0,0.0,0,0,25,16,7,8,5,0,0,12,1,,,,,,,,,,,,,,,798926,2bab583c
2702,Michael Zetterer,de GER,GK,Eintracht Frankfurt,de Bundesliga,30.0,1995.0,14,13,1256,14.0,0,0,0,0,0,0,1,0,0.0,0,0,,0.0,0.0,,,0,0,0,0,0,2,1,0,0,0,0,17.0,1.22,43.0,28.0,65.1,7.0,4.0,2.0,6.0,46.2,2.0,2.0,0.0,0.0,190161,
2703,Edon Zhegrova,xk KVX,MF,Juventus,it Serie A,26.0,1999.0,12,0,295,3.3,0,0,0,0,0,0,0,0,0.0,14,7,50.0,4.27,2.14,0.0,0.0,0,0,36,3,0,3,0,0,0,3,0,,,,,,,,,,,,,,,887766,34a88e3e
2704,Piotr Zieliński,pl POL,MF,Inter,it Serie A,31.0,1994.0,26,16,1536,17.1,5,1,6,4,1,1,1,0,0.29,22,9,40.9,1.29,0.53,0.18,0.44,1,1,21,11,7,13,1,0,0,15,0,,,,,,,,,,,,,,,138605,a5296e55
2705,Oleksandr Zinchenko,ua UKR,DF,Nottingham Forest,eng Premier League,29.0,1996.0,5,4,353,3.9,0,0,0,0,0,0,0,0,0.0,4,2,50.0,1.02,0.51,0.0,0.0,0,0,18,6,2,2,0,0,0,1,0,,,,,,,,,,,,,,,287643,51cf8561
2706,Melvin Zinga,fr FRA,GK,Angers,fr Ligue 1,24.0,2002.0,2,2,180,2.0,0,0,0,0,0,0,0,0,0.0,0,0,,0.0,0.0,,,0,0,0,1,0,0,0,0,0,0,0,4.0,2.0,11.0,7.0,63.6,0.0,0.0,2.0,0.0,0.0,0.0,0.0,0.0,0.0,963201,
2707,Jan Ziółkowski,pl POL,DF,Roma,it Serie A,20.0,2005.0,13,5,464,5.2,0,0,0,0,0,0,2,0,0.0,0,0,,0.0,0.0,,,0,0,0,14,7,8,2,0,0,10,0,,,,,,,,,,,,,,,1499991,
2708,Joshua Zirkzee,nl NED,FW,MF,Manchester Utd,eng Premier League,24.0,2001.0,18,4,523,5.8,2,1,3,2,0,0,1,0,0.52,21,7,33.3,3.61,1.2,0.1,0.29,0,0,5,5,1,4,1,0,0,7,0,,,,,,,,,,,,,,917007,028e70b9
2709,Budu Zivzivadze,ge GEO,FW,Heidenheim,de Bundesliga,32.0,1994.0,12,8,583,6.5,1,0,1,1,0,0,1,1,0.15,13,5,38.5,2.01,0.77,0.08,0.2,0,0,2,4,1,5,1,1,0,6,0,,,,,,,,,,,,,,,149728,e3a72b89
2710,Luck Zogbé,ci CIV,DF,Brest,fr Ligue 1,20.0,2005.0,6,1,105,1.2,0,0,0,0,0,0,0,0,0.0,2,0,0.0,1.71,0.0,0.0,,0,0,5,3,2,2,0,0,0,5,0,,,,,,,,,,,,,,,1499870,56a85c3b
2711,Nadir Zortea,it ITA,DF,Bologna,it Serie A,26.0,1999.0,24,14,1504,16.7,0,2,2,0,0,0,2,0,0.12,11,1,9.1,0.66,0.06,0.0,0.0,0,0,61,15,16,14,2,0,0,21,0,,,,,,,,,,,,,,,928104,82598b71
2712,Yanis Zouaoui,dz ALG,DF,MF,Le Havre,fr Ligue 1,31.0,1994.0,24,22,1844,20.5,0,1,1,0,0,0,5,0,0.05,12,3,25.0,0.59,0.15,0.0,0.0,0,0,143,19,19,20,5,0,0,15,1,,,,,,,,,,,,,,1397882,
2713,Igor Zubeldia,es ESP,DF,Real Sociedad,es La Liga,28.0,1997.0,21,20,1845,20.5,0,1,1,0,0,0,8,0,0.05,6,1,16.7,0.29,0.05,0.0,0.0,0,0,0,18,22,5,8,0,0,34,0,,,,,,,,,,,,,,,838159,5c7845f6
2714,Martín Zubimendi,es ESP,MF,Arsenal,eng Premier League,27.0,1999.0,31,30,2596,28.8,5,1,6,5,0,0,4,0,0.21,26,9,34.6,0.9,0.31,0.19,0.56,0,0,12,31,35,10,4,0,0,27,0,,,,,,,,,,,,,,,966837,3ee0dd59
2715,Martin Ødegaard,no NOR,MF,Arsenal,eng Premier League,27.0,1998.0,20,13,1076,12.0,1,5,6,1,0,0,0,0,0.5,20,7,35.0,1.67,0.59,0.05,0.14,0,0,20,7,7,7,0,0,0,7,0,,,,,,,,,,,,,,,547410,79300479
2716,Luka Đurić,rs SRB,MF,Hoffenheim,de Bundesliga,22.0,2003.0,1,0,10,0.1,0,0,0,0,0,0,0,0,0.0,0,0,,0.0,0.0,,,0,0,0,0,0,0,0,0,0,0,0,,,,,,,,,,,,,,,2216257,
2717,Milan Đurić,ba BIH,FW,Cremonese,it Serie A,35.0,1990.0,7,2,318,3.5,0,1,1,0,0,0,1,0,0.28,9,4,44.4,2.55,1.13,0.0,0.0,0,0,2,0,0,6,1,0,0,3,0,,,,,,,,,,,,,,,76132,405f6586
2718,Milan Đurić,ba BIH,FW,Parma,it Serie A,35.0,1990.0,12,0,74,0.8,0,0,0,0,0,0,0,0,0.0,5,0,0.0,6.08,0.0,0.0,,0,0,0,0,0,1,0,0,0,2,0,,,,,,,,,,,,,,,76132,405f6586